Markets,Periods,Manufacturer,Category,Trademark,Brand,$,Units,EQ,Avg Unit Price,%ACV,TDP,$ / $MM ACV,Units / $MM ACV,EQ / $MM ACV
MARKET_001,1 w/e 01/04/25,MFR_001,CAT_001,TM_001,BRAND_001,2934.0733,1101.7501,189.4898,2.6631,0.9037,1.3585,108.513,40.7468,7.008
MARKET_001,1 w/e 01/04/25,MFR_001,CAT_001,TM_002,BRAND_002,924.8518,377.4591,38.631,2.4502,0.5907,0.602,52.331,21.3578,2.1859
MARKET_001,1 w/e 01/04/25,MFR_001,CAT_001,TM_002,BRAND_003,20080.9123,6885.963,984.0955,2.9162,17.0084,17.9353,39.4602,13.5313,1.9338
MARKET_001,1 w/e 01/04/25,MFR_001,CAT_001,TM_003,BRAND_004,131486.2392,38622.095,8620.733,3.4044,49.2818,58.2515,89.1728,26.1932,5.8465
MARKET_001,1 w/e 01/04/25,MFR_001,CAT_001,TM_003,BRAND_005,20616.3272,2796.506,2097.3795,7.3722,16.9531,16.9531,40.6444,5.5132,4.1349
MARKET_001,1 w/e 01/04/25,MFR_001,CAT_001,TM_003,BRAND_006,59369.8201,16079.0,3826.1666,3.6924,17.1466,27.6827,115.7245,31.3414,7.458
MARKET_001,1 w/e 01/04/25,MFR_002,CAT_001,TM_004,BRAND_007,4180.3998,1102.304,427.1328,3.7924,0.9823,0.9824,142.2306,37.5039,14.5324
MARKET_001,1 w/e 01/04/25,MFR_002,CAT_001,TM_005,BRAND_008,7852.2407,2257.8861,666.8598,3.4777,2.5374,2.6681,103.4292,29.7407,8.7838
MARKET_002,1 w/e 01/04/25,MFR_001,CAT_001,TM_001,BRAND_001,2307.4541,908.062,135.7012,2.5411,4.9046,6.22,135.1625,53.1911,7.9489
MARKET_002,1 w/e 01/04/25,MFR_001,CAT_001,TM_002,BRAND_002,844.3561,348.267,35.5902,2.4245,2.5266,2.6239,96.0085,39.6001,4.0468
MARKET_002,1 w/e 01/04/25,MFR_001,CAT_001,TM_002,BRAND_003,10154.7827,4622.1131,375.5791,2.197,13.644,14.649,213.8223,97.3246,7.9083
MARKET_002,1 w/e 01/04/25,MFR_001,CAT_001,TM_003,BRAND_004,48317.8651,18646.8501,2021.0391,2.5912,38.4079,41.5949,361.4202,139.4794,15.1175
MARKET_002,1 w/e 01/04/25,MFR_001,CAT_001,TM_003,BRAND_006,36.43,13.0,1.3542,2.8023,0.0133,0.0133,790.2386,281.9957,29.3753
MARKET_002,1 w/e 01/04/25,MFR_002,CAT_001,TM_004,BRAND_007,1594.6212,616.728,64.2425,2.5856,0.8479,0.8479,540.3298,208.9753,21.7683
MARKET_002,1 w/e 01/04/25,MFR_002,CAT_001,TM_005,BRAND_008,3590.4048,1358.716,142.1789,2.6425,2.2671,2.2671,454.9827,172.179,18.0172
MARKET_003,1 w/e 01/04/25,MFR_001,CAT_001,TM_001,BRAND_001,597.3193,188.6881,51.3305,3.1656,0.6971,1.3679,63.6794,20.1158,5.4723
MARKET_003,1 w/e 01/04/25,MFR_001,CAT_001,TM_002,BRAND_002,75.8656,27.1921,2.8325,2.79,0.451,0.451,12.5014,4.4808,0.4667
MARKET_003,1 w/e 01/04/25,MFR_001,CAT_001,TM_002,BRAND_003,2243.5596,762.55,97.1649,2.9422,5.9112,6.5233,28.2048,9.5864,1.2215
MARKET_003,1 w/e 01/04/25,MFR_001,CAT_001,TM_003,BRAND_004,53671.5944,9770.245,4764.7357,5.4934,57.726,66.5301,69.0926,12.5774,6.1337
MARKET_003,1 w/e 01/04/25,MFR_001,CAT_001,TM_003,BRAND_005,17662.9373,2400.506,1800.3795,7.358,31.0643,31.0643,42.2532,5.7425,4.3069
MARKET_003,1 w/e 01/04/25,MFR_001,CAT_001,TM_003,BRAND_006,59323.4,16065.0,3824.0625,3.6927,38.1013,61.5273,115.7029,31.3328,7.4584
MARKET_003,1 w/e 01/04/25,MFR_002,CAT_001,TM_004,BRAND_007,2142.8886,426.576,319.9321,5.0235,1.3304,1.3304,119.6937,23.8269,17.8702
MARKET_003,1 w/e 01/04/25,MFR_002,CAT_001,TM_005,BRAND_008,2793.3757,685.1701,366.1187,4.0769,3.2575,3.5482,63.723,15.6302,8.352
MARKET_004,1 w/e 01/04/25,MFR_001,CAT_001,TM_002,BRAND_003,1004.05,171.0001,63.9322,5.8716,30.9224,31.3325,18.6949,3.1839,1.1904
MARKET_004,1 w/e 01/04/25,MFR_001,CAT_001,TM_003,BRAND_004,3627.35,968.0001,297.8125,3.7473,37.7237,43.6191,55.3626,14.7741,4.5454
MARKET_004,1 w/e 01/04/25,MFR_001,CAT_001,TM_003,BRAND_005,370.85,55.0,41.2501,6.7427,9.8076,9.8076,21.7708,3.2288,2.4216
MARKET_005,1 w/e 01/04/25,MFR_001,CAT_001,TM_002,BRAND_002,2.28,1.0001,0.1043,2.28,0.3369,0.3369,0.818,0.3588,0.0374
MARKET_005,1 w/e 01/04/25,MFR_001,CAT_001,TM_002,BRAND_003,5849.48,1078.3,405.2056,5.4247,37.4257,39.2901,18.8915,3.4825,1.3087
MARKET_005,1 w/e 01/04/25,MFR_001,CAT_001,TM_003,BRAND_004,21599.5801,7236.0,1376.2656,2.985,57.8921,76.745,45.0968,15.1077,2.8734
MARKET_005,1 w/e 01/04/25,MFR_001,CAT_001,TM_003,BRAND_005,2222.08,295.0,221.2501,7.5325,12.2031,12.2031,22.0094,2.9219,2.1915
MARKET_005,1 w/e 01/04/25,MFR_002,CAT_001,TM_004,BRAND_007,388.2401,51.0001,38.25,7.6125,1.0064,1.0064,46.6265,6.1249,4.5937
MARKET_005,1 w/e 01/04/25,MFR_002,CAT_001,TM_005,BRAND_008,1238.76,176.0,132.0,7.0384,2.4969,2.4969,59.9657,8.5198,6.3898
MARKET_001,1 w/e 01/11/25,MFR_001,CAT_001,TM_001,BRAND_001,2581.7671,952.975,161.8356,2.7092,0.6595,0.7962,130.839,48.2949,8.2015
MARKET_001,1 w/e 01/11/25,MFR_001,CAT_001,TM_002,BRAND_002,929.3162,384.28,38.9042,2.4183,0.3216,0.3329,96.5704,39.9327,4.0428
MARKET_001,1 w/e 01/11/25,MFR_001,CAT_001,TM_002,BRAND_003,11228.3579,3807.8981,559.1123,2.9487,11.8631,12.3568,31.634,10.7281,1.5752
MARKET_001,1 w/e 01/11/25,MFR_001,CAT_001,TM_003,BRAND_004,125624.529,39909.6854,8657.3231,3.1477,49.72,58.2857,84.4459,26.8276,5.8195
MARKET_001,1 w/e 01/11/25,MFR_001,CAT_001,TM_003,BRAND_005,28763.7905,4709.8107,3532.358,6.1072,21.1762,21.1762,45.3977,7.4335,5.5751
MARKET_001,1 w/e 01/11/25,MFR_001,CAT_001,TM_003,BRAND_006,37049.3366,10224.6318,2269.4351,3.6235,16.4153,25.9776,75.4339,20.8177,4.6207
MARKET_001,1 w/e 01/11/25,MFR_002,CAT_001,TM_004,BRAND_007,2777.4748,779.085,187.6486,3.565,0.6369,0.6369,145.7449,40.8816,9.8467
MARKET_001,1 w/e 01/11/25,MFR_002,CAT_001,TM_005,BRAND_008,5882.2951,1499.7723,414.2626,3.9221,2.2243,2.355,88.3886,22.5359,6.2248
MARKET_002,1 w/e 01/11/25,MFR_001,CAT_001,TM_001,BRAND_001,2167.7924,852.991,124.3481,2.5414,4.2033,5.3782,148.1319,58.2875,8.4971
MARKET_002,1 w/e 01/11/25,MFR_001,CAT_001,TM_002,BRAND_002,924.1762,382.28,38.6958,2.4175,2.6512,2.7484,100.1242,41.4158,4.1923
MARKET_002,1 w/e 01/11/25,MFR_001,CAT_001,TM_002,BRAND_003,5068.9972,2295.4741,198.3327,2.2083,10.8521,11.4989,134.1608,60.7541,5.2493
MARKET_002,1 w/e 01/11/25,MFR_001,CAT_001,TM_003,BRAND_004,51575.3858,19882.459,2113.3481,2.594,40.0854,42.4311,369.551,142.463,15.1427
MARKET_002,1 w/e 01/11/25,MFR_002,CAT_001,TM_004,BRAND_007,1587.4484,614.191,63.9783,2.5846,0.8259,0.8259,552.06,213.5945,22.2494
MARKET_002,1 w/e 01/11/25,MFR_002,CAT_001,TM_005,BRAND_008,2481.0399,978.212,101.8971,2.5363,2.2849,2.2849,311.8765,122.9651,12.8089
MARKET_003,1 w/e 01/11/25,MFR_001,CAT_001,TM_001,BRAND_001,364.0546,89.984,32.2397,4.0458,0.2789,0.279,96.983,23.9714,8.5886
MARKET_003,1 w/e 01/11/25,MFR_001,CAT_001,TM_002,BRAND_003,1865.0907,712.424,82.3579,2.618,4.0983,4.6697,33.8184,12.9179,1.4933
MARKET_003,1 w/e 01/11/25,MFR_001,CAT_001,TM_003,BRAND_004,45065.133,9503.8931,4717.449,4.7418,58.0184,65.8765,57.7209,12.1729,6.0423
MARKET_003,1 w/e 01/11/25,MFR_001,CAT_001,TM_003,BRAND_005,25738.6305,4299.8107,3224.858,5.986,40.6497,40.6498,47.0529,7.8605,5.8954
MARKET_003,1 w/e 01/11/25,MFR_001,CAT_001,TM_003,BRAND_006,37049.3366,10224.6318,2269.4351,3.6235,36.4983,57.7592,75.4339,20.8177,4.6207
MARKET_003,1 w/e 01/11/25,MFR_002,CAT_001,TM_004,BRAND_007,1063.7264,148.894,111.6705,7.1442,1.0365,1.0365,76.2654,10.6752,8.0064
MARKET_003,1 w/e 01/11/25,MFR_002,CAT_001,TM_005,BRAND_008,2464.1653,393.5602,218.303,6.2612,2.541,2.8316,72.0638,11.5096,6.3842
MARKET_004,1 w/e 01/11/25,MFR_001,CAT_001,TM_001,BRAND_001,6.3901,1.0001,0.3906,6.39,0.4132,0.4132,8.9034,1.3933,0.5442
MARKET_004,1 w/e 01/11/25,MFR_001,CAT_001,TM_002,BRAND_003,438.56,74.0,28.9062,5.9265,13.4888,13.4888,18.7196,3.1586,1.2338
MARKET_004,1 w/e 01/11/25,MFR_001,CAT_001,TM_003,BRAND_004,2840.83,762.3332,222.9582,3.7265,35.177,41.9046,46.4973,12.4775,3.6493
MARKET_004,1 w/e 01/11/25,MFR_001,CAT_001,TM_003,BRAND_005,750.96,114.0,85.5001,6.5874,9.2078,9.2078,46.957,7.1283,5.3463
MARKET_005,1 w/e 01/11/25,MFR_001,CAT_001,TM_001,BRAND_001,6.3401,1.0001,0.3906,6.34,0.3513,0.3513,2.1815,0.3441,0.1344
MARKET_005,1 w/e 01/11/25,MFR_001,CAT_001,TM_002,BRAND_003,3110.1401,544.0,206.4426,5.7172,26.4281,26.9393,14.2244,2.488,0.9442
MARKET_005,1 w/e 01/11/25,MFR_001,CAT_001,TM_003,BRAND_004,19947.0,6745.0,1253.5781,2.9573,57.8199,75.8729,41.6984,14.1002,2.6206
MARKET_005,1 w/e 01/11/25,MFR_001,CAT_001,TM_003,BRAND_005,2293.82,302.0001,226.5,7.5954,12.46,12.46,22.2516,2.9296,2.1972
MARKET_005,1 w/e 01/11/25,MFR_002,CAT_001,TM_004,BRAND_007,99.32,13.0,9.75,7.64,0.2298,0.2298,52.2352,6.8371,5.1278
MARKET_005,1 w/e 01/11/25,MFR_002,CAT_001,TM_005,BRAND_008,879.16,117.0001,87.75,7.5142,2.4969,2.4969,42.5583,5.6637,4.2478
MARKET_001,1 w/e 01/18/25,MFR_001,CAT_001,TM_001,BRAND_001,2533.7782,912.8441,162.3422,2.7757,0.6272,0.7719,135.0549,48.6562,8.6531
MARKET_001,1 w/e 01/18/25,MFR_001,CAT_001,TM_002,BRAND_002,1021.0213,422.637,44.1081,2.4158,0.3661,0.3798,93.2235,38.5885,4.0272
MARKET_001,1 w/e 01/18/25,MFR_001,CAT_001,TM_002,BRAND_003,7232.867,2774.2461,307.287,2.6071,6.2616,6.573,38.6137,14.8107,1.6405
MARKET_001,1 w/e 01/18/25,MFR_001,CAT_001,TM_003,BRAND_004,126950.927,39193.133,8214.354,3.2391,49.1908,57.8719,86.2714,26.6343,5.5822
MARKET_001,1 w/e 01/18/25,MFR_001,CAT_001,TM_003,BRAND_005,26475.1714,3979.7051,2984.7788,6.6525,22.6612,22.6611,39.0545,5.8706,4.403
MARKET_001,1 w/e 01/18/25,MFR_001,CAT_001,TM_003,BRAND_006,29499.24,8773.6631,1806.8933,3.3622,15.9898,24.1583,61.6712,18.3422,3.7775
MARKET_001,1 w/e 01/18/25,MFR_002,CAT_001,TM_004,BRAND_007,2211.3054,701.61,128.8132,3.1518,0.5227,0.5227,141.4068,44.866,8.2373
MARKET_001,1 w/e 01/18/25,MFR_002,CAT_001,TM_004,BRAND_009,1369.4972,140.2801,105.21,9.7626,0.475,0.475,96.3864,9.873,7.4048
MARKET_001,1 w/e 01/18/25,MFR_002,CAT_001,TM_005,BRAND_010,2272.6413,504.9601,152.885,4.5006,0.5235,0.7414,145.1138,32.2429,9.7621
MARKET_001,1 w/e 01/18/25,MFR_002,CAT_001,TM_005,BRAND_008,8700.9167,2412.6741,529.1701,3.6063,2.0257,2.1961,143.5849,39.8146,8.7325
MARKET_002,1 w/e 01/18/25,MFR_001,CAT_001,TM_001,BRAND_001,2157.9728,821.07,129.3516,2.6282,4.2922,5.5357,144.3489,54.9222,8.6525
MARKET_002,1 w/e 01/18/25,MFR_001,CAT_001,TM_002,BRAND_002,1008.6812,420.637,43.2539,2.398,3.058,3.1752,94.7039,39.4931,4.0611
MARKET_002,1 w/e 01/18/25,MFR_001,CAT_001,TM_002,BRAND_003,3688.483,1706.528,134.2337,2.1614,7.5413,7.9475,140.4259,64.97,5.1105
MARKET_002,1 w/e 01/18/25,MFR_001,CAT_001,TM_003,BRAND_004,55388.0424,20410.476,2201.5718,2.7137,39.258,41.7928,405.0767,149.2706,16.101
MARKET_002,1 w/e 01/18/25,MFR_002,CAT_001,TM_004,BRAND_007,1587.7018,614.3201,63.9916,2.5845,0.8258,0.8258,552.0329,213.5948,22.2495
MARKET_002,1 w/e 01/18/25,MFR_002,CAT_001,TM_005,BRAND_008,4931.404,1862.855,194.6932,2.6472,2.8619,2.8619,494.7235,186.8835,19.5318
MARKET_003,1 w/e 01/18/25,MFR_001,CAT_001,TM_001,BRAND_001,360.5755,88.7741,32.0323,4.0617,0.2454,0.2454,109.2488,26.8971,9.7053
MARKET_003,1 w/e 01/18/25,MFR_001,CAT_001,TM_002,BRAND_003,1966.774,750.718,75.1366,2.6199,2.4052,2.9748,60.7969,23.2062,2.3226
MARKET_003,1 w/e 01/18/25,MFR_001,CAT_001,TM_003,BRAND_004,43201.6346,8454.657,4231.4072,5.1098,58.0489,66.0732,55.3321,10.8286,5.4195
MARKET_003,1 w/e 01/18/25,MFR_001,CAT_001,TM_003,BRAND_005,22998.5714,3519.705,2639.7788,6.5342,42.5583,42.5582,40.178,6.1488,4.6116
MARKET_003,1 w/e 01/18/25,MFR_001,CAT_001,TM_003,BRAND_006,29499.24,8773.6631,1806.8933,3.3622,35.5631,53.7306,61.6712,18.3422,3.7775
MARKET_003,1 w/e 01/18/25,MFR_002,CAT_001,TM_004,BRAND_007,542.7336,76.0401,57.0301,7.1375,0.8039,0.8039,50.1946,7.0325,5.2744
MARKET_003,1 w/e 01/18/25,MFR_002,CAT_001,TM_004,BRAND_009,1233.6772,123.28,92.4601,10.0071,0.859,0.859,106.7804,10.6705,8.0028
MARKET_003,1 w/e 01/18/25,MFR_002,CAT_001,TM_005,BRAND_010,2006.7912,427.96,133.885,4.6892,0.9562,1.4407,156.0406,33.2766,10.4104
MARKET_003,1 w/e 01/18/25,MFR_002,CAT_001,TM_005,BRAND_008,3041.9526,449.819,260.7684,6.7626,2.29,2.5143,98.7596,14.6038,8.4661
MARKET_004,1 w/e 01/18/25,MFR_001,CAT_001,TM_002,BRAND_003,241.6701,41.0,16.0157,5.8944,9.8127,9.8127,14.1799,2.4057,0.9397
MARKET_004,1 w/e 01/18/25,MFR_001,CAT_001,TM_003,BRAND_004,2643.4301,669.0,198.2082,3.9513,35.7708,42.0704,42.5481,10.7681,3.1903
MARKET_004,1 w/e 01/18/25,MFR_001,CAT_001,TM_003,BRAND_005,456.8801,59.0,44.25,7.7437,9.115,9.115,28.8593,3.7268,2.7951
MARKET_005,1 w/e 01/18/25,MFR_001,CAT_001,TM_001,BRAND_001,6.3401,1.0001,0.3906,6.34,0.3513,0.3513,2.1815,0.3441,0.1344
MARKET_005,1 w/e 01/18/25,MFR_001,CAT_001,TM_002,BRAND_003,1142.0601,185.0001,72.2656,6.1733,13.0594,13.0594,10.5703,1.7123,0.6689
MARKET_005,1 w/e 01/18/25,MFR_001,CAT_001,TM_003,BRAND_004,19779.5401,6665.0,1245.1511,2.9677,55.5905,74.193,43.0066,14.4917,2.7073
MARKET_005,1 w/e 01/18/25,MFR_001,CAT_001,TM_003,BRAND_005,2689.24,351.0,263.2501,7.6617,14.295,14.295,22.7387,2.9679,2.2259
MARKET_005,1 w/e 01/18/25,MFR_002,CAT_001,TM_004,BRAND_007,76.4,10.0,7.5001,7.64,0.2298,0.2298,40.1809,5.2593,3.9445
MARKET_005,1 w/e 01/18/25,MFR_002,CAT_001,TM_004,BRAND_009,110.32,14.0,10.5,7.88,0.3112,0.3112,42.846,5.4373,4.078
MARKET_005,1 w/e 01/18/25,MFR_002,CAT_001,TM_005,BRAND_010,356.64,70.0,30.5417,5.0949,0.7984,1.1827,53.9914,10.5972,4.6237
MARKET_005,1 w/e 01/18/25,MFR_002,CAT_001,TM_005,BRAND_008,826.7201,110.0001,81.8543,7.5156,2.2956,2.5471,43.5297,5.7919,4.3099
MARKET_001,1 w/e 01/25/25,MFR_001,CAT_001,TM_001,BRAND_011,29.9701,8.0001,6.0,3.7463,0.0527,0.0527,19.0177,5.0765,3.8073
MARKET_001,1 w/e 01/25/25,MFR_001,CAT_001,TM_001,BRAND_001,2529.994,962.688,169.7619,2.6281,0.6444,0.7886,131.2387,49.9376,8.8061
MARKET_001,1 w/e 01/25/25,MFR_001,CAT_001,TM_002,BRAND_002,972.6362,437.516,44.3246,2.2231,0.3345,0.3458,97.2004,43.7232,4.4296
MARKET_001,1 w/e 01/25/25,MFR_001,CAT_001,TM_002,BRAND_003,4126.2535,1616.38,176.7024,2.5528,2.9019,3.2505,47.5333,18.6203,2.0356
MARKET_001,1 w/e 01/25/25,MFR_001,CAT_001,TM_003,BRAND_004,113199.8462,34902.9194,6855.2433,3.2433,48.4096,56.5161,78.1697,24.1021,4.7339
MARKET_001,1 w/e 01/25/25,MFR_001,CAT_001,TM_003,BRAND_005,25116.1072,3569.8346,2677.376,7.0357,22.4777,22.4776,37.353,5.3091,3.9818
MARKET_001,1 w/e 01/25/25,MFR_001,CAT_001,TM_003,BRAND_006,25324.28,7866.1649,1535.0821,3.2194,15.2429,23.0513,55.5383,17.2512,3.3666
MARKET_001,1 w/e 01/25/25,MFR_002,CAT_001,TM_004,BRAND_007,2128.1132,694.2446,121.8568,3.0654,0.4686,0.4686,151.8021,49.5217,8.6923
MARKET_001,1 w/e 01/25/25,MFR_002,CAT_001,TM_004,BRAND_009,148198.6693,31370.3843,11385.5894,4.7242,20.198,28.6736,245.2784,51.92,18.8439
MARKET_001,1 w/e 01/25/25,MFR_002,CAT_001,TM_005,BRAND_010,176765.1534,41960.065,12804.7881,4.2127,22.21,35.0269,266.0549,63.1554,19.2729
MARKET_001,1 w/e 01/25/25,MFR_002,CAT_001,TM_005,BRAND_008,6411.1816,1669.8941,421.2879,3.8393,1.948,2.0498,110.0207,28.6566,7.2296
MARKET_002,1 w/e 01/25/25,MFR_001,CAT_001,TM_001,BRAND_001,2167.0687,872.914,137.6254,2.4826,4.5778,5.8167,135.9542,54.7635,8.6341
MARKET_002,1 w/e 01/25/25,MFR_001,CAT_001,TM_002,BRAND_002,972.6362,437.516,44.3246,2.2231,2.8738,2.9711,97.2004,43.7232,4.4296
MARKET_002,1 w/e 01/25/25,MFR_001,CAT_001,TM_002,BRAND_003,1865.84,797.01,72.9385,2.341,4.7805,4.9825,112.0928,47.8814,4.3819
MARKET_002,1 w/e 01/25/25,MFR_001,CAT_001,TM_003,BRAND_004,51764.5487,19242.556,2049.7011,2.6901,40.3835,42.6644,368.1336,136.8471,14.5768
MARKET_002,1 w/e 01/25/25,MFR_002,CAT_001,TM_004,BRAND_007,1605.6897,615.5381,65.4102,2.6086,0.8353,0.8353,552.068,211.6342,22.4893
MARKET_002,1 w/e 01/25/25,MFR_002,CAT_001,TM_004,BRAND_009,23637.562,10311.2771,1074.0914,2.2924,13.8521,13.8521,490.0785,213.7841,22.2692
MARKET_002,1 w/e 01/25/25,MFR_002,CAT_001,TM_005,BRAND_010,35804.4771,12671.244,1643.1525,2.8256,19.2754,20.1069,533.4708,188.7959,24.4822
MARKET_002,1 w/e 01/25/25,MFR_002,CAT_001,TM_005,BRAND_008,3032.2036,1164.315,121.9286,2.6043,2.2545,2.2545,386.268,148.3204,15.5323
MARKET_003,1 w/e 01/25/25,MFR_001,CAT_001,TM_001,BRAND_011,29.9701,8.0001,6.0,3.7463,0.1172,0.1172,19.0177,5.0765,3.8073
MARKET_003,1 w/e 01/25/25,MFR_001,CAT_001,TM_001,BRAND_001,360.5755,88.7741,32.0323,4.0617,0.2454,0.2454,109.2488,26.8971,9.7053
MARKET_003,1 w/e 01/25/25,MFR_001,CAT_001,TM_002,BRAND_003,1705.9935,704.37,71.42,2.422,1.3129,1.8825,96.6092,39.888,4.0445
MARKET_003,1 w/e 01/25/25,MFR_001,CAT_001,TM_003,BRAND_004,36424.9077,6813.3634,3297.8963,5.3461,56.0047,64.3393,48.3554,9.045,4.3781
MARKET_003,1 w/e 01/25/25,MFR_001,CAT_001,TM_003,BRAND_005,21993.5872,3156.8347,2367.626,6.967,42.9185,42.9185,38.0998,5.4686,4.1015
MARKET_003,1 w/e 01/25/25,MFR_001,CAT_001,TM_003,BRAND_006,25321.3901,7865.1648,1534.9778,3.2194,33.8806,51.247,55.5658,17.2595,3.3684
MARKET_003,1 w/e 01/25/25,MFR_002,CAT_001,TM_004,BRAND_007,498.9936,72.7066,54.5301,6.8631,0.6825,0.6825,54.3596,7.9205,5.9404
MARKET_003,1 w/e 01/25/25,MFR_002,CAT_001,TM_004,BRAND_009,71199.7573,11815.1072,5455.498,6.0262,17.1572,24.1929,308.5341,51.1991,23.6406
MARKET_003,1 w/e 01/25/25,MFR_002,CAT_001,TM_005,BRAND_010,73762.5464,15958.8211,5343.323,4.6221,18.4828,30.5543,296.7149,64.1954,21.4939
MARKET_003,1 w/e 01/25/25,MFR_002,CAT_001,TM_005,BRAND_008,2695.048,406.579,228.9843,6.6286,2.5709,2.7951,77.94,11.7581,6.6222
MARKET_004,1 w/e 01/25/25,MFR_001,CAT_001,TM_002,BRAND_003,152.62,24.0001,9.3751,6.3592,6.6708,6.6708,13.1727,2.0714,0.8092
MARKET_004,1 w/e 01/25/25,MFR_001,CAT_001,TM_003,BRAND_004,2410.66,630.0,174.7708,3.8264,32.4279,39.0975,42.8014,11.1857,3.1031
MARKET_004,1 w/e 01/25/25,MFR_001,CAT_001,TM_003,BRAND_005,552.63,70.0,52.5001,7.8947,10.0111,10.0111,31.7828,4.0258,3.0194
MARKET_004,1 w/e 01/25/25,MFR_002,CAT_001,TM_004,BRAND_009,5673.0401,989.0,529.9167,5.7361,18.98,29.0853,172.0918,30.0013,16.075
MARKET_004,1 w/e 01/25/25,MFR_002,CAT_001,TM_005,BRAND_010,5735.03,1135.0,506.375,5.0529,18.2983,28.9348,180.4535,35.7129,15.9332
MARKET_005,1 w/e 01/25/25,MFR_001,CAT_001,TM_001,BRAND_011,25.98,9.0,1.5832,2.8867,0.2439,0.4878,12.8754,4.4603,0.7847
MARKET_005,1 w/e 01/25/25,MFR_001,CAT_001,TM_002,BRAND_012,15.4801,2.0,1.5001,7.74,0.2439,0.2439,7.6717,0.9912,0.7434
MARKET_005,1 w/e 01/25/25,MFR_001,CAT_001,TM_002,BRAND_003,249.5,44.0001,16.328,5.6705,4.5321,4.7813,6.6541,1.1735,0.4355
MARKET_005,1 w/e 01/25/25,MFR_001,CAT_001,TM_003,BRAND_004,17039.6401,5771.0001,1068.2292,2.9526,55.5746,71.8652,37.0599,12.5515,2.3233
MARKET_005,1 w/e 01/25/25,MFR_001,CAT_001,TM_003,BRAND_005,1959.5401,256.0001,192.0,7.6545,12.169,12.169,19.4633,2.5427,1.9071
MARKET_005,1 w/e 01/25/25,MFR_002,CAT_001,TM_004,BRAND_007,15.28,2.0,1.5001,7.64,0.2298,0.2298,8.0362,1.0519,0.7889
MARKET_005,1 w/e 01/25/25,MFR_002,CAT_001,TM_004,BRAND_009,50078.4,8608.0,4550.1458,5.8177,36.5972,53.9474,165.3947,28.4298,15.0278
MARKET_005,1 w/e 01/25/25,MFR_002,CAT_001,TM_005,BRAND_010,66620.4501,12863.0,5811.6459,5.1792,39.9974,65.5057,201.3239,38.8714,17.5625
MARKET_005,1 w/e 01/25/25,MFR_002,CAT_001,TM_005,BRAND_008,705.48,93.0,69.7501,7.5858,2.0491,2.0491,41.6144,5.4858,4.1144
MARKET_001,1 w/e 01/27/24,MFR_001,CAT_001,TM_001,BRAND_001,3.87,2.0,0.2083,1.935,0.0062,0.0062,21.0784,10.8932,1.1345
MARKET_001,1 w/e 01/27/24,MFR_001,CAT_001,TM_002,BRAND_002,13.73,3.0,0.9582,4.5767,0.0105,0.0167,43.9079,9.5939,3.0646
MARKET_001,1 w/e 02/01/25,MFR_001,CAT_001,TM_001,BRAND_011,183061.6045,49558.3071,13234.8933,3.6939,49.1575,100.6532,124.4853,33.7006,9.0
MARKET_001,1 w/e 02/01/25,MFR_001,CAT_001,TM_001,BRAND_001,2725.6804,1006.288,178.1528,2.7086,0.7265,0.8738,125.412,46.3006,8.197
MARKET_001,1 w/e 02/01/25,MFR_001,CAT_001,TM_002,BRAND_012,172914.2303,41307.4377,14545.325,4.186,47.9316,81.3444,120.5923,28.8083,10.1441
MARKET_001,1 w/e 02/01/25,MFR_001,CAT_001,TM_002,BRAND_002,928.6957,450.253,46.0264,2.0626,0.4086,0.4254,75.9781,36.8359,3.7655
MARKET_001,1 w/e 02/01/25,MFR_001,CAT_001,TM_002,BRAND_003,3995.1947,1652.976,156.4498,2.417,1.6026,1.8878,83.3365,34.4797,3.2634
MARKET_001,1 w/e 02/01/25,MFR_001,CAT_001,TM_003,BRAND_004,113181.4088,35389.9314,6967.9436,3.1981,47.1129,54.4228,80.3057,25.1102,4.944
MARKET_001,1 w/e 02/01/25,MFR_001,CAT_001,TM_003,BRAND_005,27907.5407,4150.0096,3112.5072,6.7247,21.1566,21.1566,44.0947,6.5571,4.9178
MARKET_001,1 w/e 02/01/25,MFR_001,CAT_001,TM_003,BRAND_006,22423.5101,6295.9999,1406.2915,3.5615,15.3712,22.7991,48.7648,13.692,3.0583
MARKET_001,1 w/e 02/01/25,MFR_002,CAT_001,TM_004,BRAND_007,3299.1048,820.3188,218.4489,4.0217,0.402,0.402,274.3516,68.2172,18.1661
MARKET_001,1 w/e 02/01/25,MFR_002,CAT_001,TM_004,BRAND_009,568225.6526,109035.2233,48111.893,5.2114,51.7642,76.5288,366.946,70.4122,31.0695
MARKET_001,1 w/e 02/01/25,MFR_002,CAT_001,TM_005,BRAND_010,682737.28,164896.1423,50720.4633,4.1404,56.4159,91.4397,404.541,97.7056,30.0533
MARKET_001,1 w/e 02/01/25,MFR_002,CAT_001,TM_005,BRAND_008,5304.1419,1438.609,333.2052,3.687,1.7049,1.8057,104.0009,28.2075,6.5333
MARKET_002,1 w/e 02/01/25,MFR_001,CAT_001,TM_001,BRAND_011,25000.4546,9205.515,958.9078,2.7158,20.5795,20.5795,348.7996,128.4329,13.3784
MARKET_002,1 w/e 02/01/25,MFR_001,CAT_001,TM_001,BRAND_001,2359.215,915.514,145.4882,2.5769,4.9171,6.1825,137.7587,53.4585,8.4953
MARKET_002,1 w/e 02/01/25,MFR_001,CAT_001,TM_002,BRAND_012,18684.1737,7349.599,765.5833,2.5422,18.6485,18.6486,287.6679,113.1569,11.7872
MARKET_002,1 w/e 02/01/25,MFR_001,CAT_001,TM_002,BRAND_002,928.6957,450.253,46.0264,2.0626,3.5095,3.6538,75.9781,36.8359,3.7655
MARKET_002,1 w/e 02/01/25,MFR_001,CAT_001,TM_002,BRAND_003,1780.5785,789.954,67.3305,2.254,5.3014,5.5513,96.4346,42.7832,3.6466
MARKET_002,1 w/e 02/01/25,MFR_001,CAT_001,TM_003,BRAND_004,53434.2456,20148.655,2136.6243,2.652,40.9671,43.6514,374.496,141.2126,14.9746
MARKET_002,1 w/e 02/01/25,MFR_001,CAT_001,TM_003,BRAND_005,9.99,1.0001,0.75,9.99,0.0095,0.0095,302.7273,30.303,22.7273
MARKET_002,1 w/e 02/01/25,MFR_002,CAT_001,TM_004,BRAND_007,1597.9343,615.385,64.7484,2.5966,0.8445,0.8445,543.2933,209.2292,22.0143
MARKET_002,1 w/e 02/01/25,MFR_002,CAT_001,TM_004,BRAND_009,42551.0902,17409.0861,1813.4465,2.4442,20.311,20.311,601.5079,246.0972,25.6351
MARKET_002,1 w/e 02/01/25,MFR_002,CAT_001,TM_005,BRAND_010,101449.8645,39396.6771,4225.6622,2.5751,34.7704,34.8622,837.7314,325.3216,34.8938
MARKET_002,1 w/e 02/01/25,MFR_002,CAT_001,TM_005,BRAND_008,2647.2579,1034.112,107.7201,2.5599,2.2467,2.2467,338.3034,132.1532,13.766
MARKET_003,1 w/e 02/01/25,MFR_001,CAT_001,TM_001,BRAND_011,81223.0,20596.792,6316.1521,3.9435,43.9592,78.5192,137.3725,34.8354,10.6825
MARKET_003,1 w/e 02/01/25,MFR_001,CAT_001,TM_001,BRAND_001,363.5755,89.774,32.5604,4.0499,0.3276,0.3276,82.5089,20.3731,7.3892
MARKET_003,1 w/e 02/01/25,MFR_001,CAT_001,TM_002,BRAND_012,90220.4866,19078.8387,8230.846,4.7288,43.1544,75.7817,155.4359,32.8699,14.1805
MARKET_003,1 w/e 02/01/25,MFR_001,CAT_001,TM_002,BRAND_003,1951.9162,796.022,75.0309,2.4521,1.0897,1.6593,133.1775,54.3119,5.1193
MARKET_003,1 w/e 02/01/25,MFR_001,CAT_001,TM_003,BRAND_004,37237.9032,7219.2764,3537.413,5.1581,53.0941,60.1565,52.1447,10.1092,4.9535
MARKET_003,1 w/e 02/01/25,MFR_001,CAT_001,TM_003,BRAND_005,25592.2006,3838.0096,2878.5072,6.6681,40.9748,40.9748,46.4367,6.964,5.223
MARKET_003,1 w/e 02/01/25,MFR_001,CAT_001,TM_003,BRAND_006,22405.19,6287.9999,1405.4582,3.5632,34.1669,50.6875,48.7544,13.6829,3.0583
MARKET_003,1 w/e 02/01/25,MFR_002,CAT_001,TM_004,BRAND_007,1692.6706,203.9338,152.9504,8.3001,0.6719,0.6719,187.2941,22.5653,16.924
MARKET_003,1 w/e 02/01/25,MFR_002,CAT_001,TM_004,BRAND_009,346764.5424,57965.4708,29882.1341,5.9823,62.47,89.2407,412.6998,68.9873,35.564
MARKET_003,1 w/e 02/01/25,MFR_002,CAT_001,TM_005,BRAND_010,369642.6457,80347.4652,28053.9467,4.6006,66.993,110.0366,410.2267,89.169,31.1341
MARKET_003,1 w/e 02/01/25,MFR_002,CAT_001,TM_005,BRAND_008,2229.3038,346.497,183.9228,6.4338,2.2385,2.4628,74.0431,11.5084,6.1087
MARKET_004,1 w/e 02/01/25,MFR_001,CAT_001,TM_001,BRAND_011,4260.4101,1122.0001,299.1042,3.7972,40.6949,76.1917,60.277,15.8743,4.2318
MARKET_004,1 w/e 02/01/25,MFR_001,CAT_001,TM_002,BRAND_012,5667.0601,1248.0,450.9792,4.5409,39.7738,65.431,82.0355,18.0659,6.5283
MARKET_004,1 w/e 02/01/25,MFR_001,CAT_001,TM_002,BRAND_003,109.77,18.0,6.7448,6.0983,3.6947,3.6947,17.1059,2.805,1.0511
MARKET_004,1 w/e 02/01/25,MFR_001,CAT_001,TM_003,BRAND_004,1844.4901,509.0001,127.9375,3.6238,32.3703,37.7586,32.8073,9.0534,2.2756
MARKET_004,1 w/e 02/01/25,MFR_001,CAT_001,TM_003,BRAND_005,347.42,44.0001,33.0001,7.8959,7.7418,7.7418,25.8378,3.2723,2.4542
MARKET_004,1 w/e 02/01/25,MFR_002,CAT_001,TM_004,BRAND_009,13603.6601,2465.0001,1246.8333,5.5187,39.9488,62.6579,196.0617,35.5266,17.9699
MARKET_004,1 w/e 02/01/25,MFR_002,CAT_001,TM_005,BRAND_010,13110.0001,2951.0,1100.4792,4.4426,41.907,69.6354,180.118,40.5437,15.1195
MARKET_005,1 w/e 02/01/25,MFR_001,CAT_001,TM_001,BRAND_011,69204.3,16868.0,5585.3802,4.1027,88.0528,207.6409,94.9969,23.1547,7.6671
MARKET_005,1 w/e 02/01/25,MFR_001,CAT_001,TM_002,BRAND_012,55593.02,12491.0,4947.5208,4.4506,86.0729,147.2994,78.068,17.5408,6.9477
MARKET_005,1 w/e 02/01/25,MFR_001,CAT_001,TM_002,BRAND_003,52.9401,14.0,3.1771,3.7814,0.8636,0.8636,7.4097,1.9595,0.4447
MARKET_005,1 w/e 02/01/25,MFR_001,CAT_001,TM_003,BRAND_004,14970.4801,5047.0,937.8959,2.9662,54.3732,69.7434,33.279,11.2193,2.0849
MARKET_005,1 w/e 02/01/25,MFR_001,CAT_001,TM_003,BRAND_005,1846.5,252.0001,189.0,7.3274,10.974,10.974,20.3379,2.7756,2.0817
MARKET_005,1 w/e 02/01/25,MFR_002,CAT_001,TM_004,BRAND_009,170499.84,31727.0,15734.6042,5.374,72.9219,113.1778,282.6086,52.5884,26.0806
MARKET_005,1 w/e 02/01/25,MFR_002,CAT_001,TM_005,BRAND_010,206683.62,42900.0001,18270.8543,4.8178,76.4195,129.4126,326.9048,67.8535,28.8984
MARKET_005,1 w/e 02/01/25,MFR_002,CAT_001,TM_005,BRAND_008,519.12,69.0001,51.75,7.5235,1.6964,1.6964,36.9886,4.9164,3.6873
MARKET_001,1 w/e 02/03/24,MFR_001,CAT_001,TM_001,BRAND_001,16.6301,4.0,1.5968,4.1575,0.012,0.0243,46.6611,11.2233,4.4806
MARKET_001,1 w/e 02/03/24,MFR_001,CAT_001,TM_002,BRAND_002,40.2401,9.0,2.8751,4.4711,0.0163,0.0268,82.8836,18.5376,5.9217
MARKET_001,1 w/e 02/08/25,MFR_001,CAT_001,TM_001,BRAND_011,489335.1254,137207.4956,37336.0015,3.5664,71.2974,148.5893,229.4539,64.3379,17.5072
MARKET_001,1 w/e 02/08/25,MFR_001,CAT_001,TM_001,BRAND_001,2526.1985,930.981,171.9345,2.7135,0.6576,0.8037,128.4381,47.3334,8.7416
MARKET_001,1 w/e 02/08/25,MFR_001,CAT_001,TM_002,BRAND_012,468451.9542,117803.1799,41518.1361,3.9766,68.9438,121.7721,227.1603,57.1248,20.1328
MARKET_001,1 w/e 02/08/25,MFR_001,CAT_001,TM_002,BRAND_002,1289.4864,661.2241,69.6066,1.9502,0.5612,0.5855,76.815,39.3893,4.1465
MARKET_001,1 w/e 02/08/25,MFR_001,CAT_001,TM_002,BRAND_003,3000.6637,1258.884,125.2308,2.3836,1.1234,1.4091,89.3025,37.4656,3.727
MARKET_001,1 w/e 02/08/25,MFR_001,CAT_001,TM_003,BRAND_004,130496.5656,40146.4009,9041.6777,3.2505,45.8472,51.563,95.1589,29.275,6.5932
MARKET_001,1 w/e 02/08/25,MFR_001,CAT_001,TM_003,BRAND_005,33365.5525,5596.1947,4197.1461,5.9622,17.6128,17.6128,63.3335,10.6225,7.9669
MARKET_001,1 w/e 02/08/25,MFR_001,CAT_001,TM_003,BRAND_006,24134.692,6263.7926,1738.1195,3.853,14.7613,20.9149,54.6613,14.1865,3.9366
MARKET_001,1 w/e 02/08/25,MFR_002,CAT_001,TM_004,BRAND_007,1924.0579,671.425,105.4869,2.8656,0.3207,0.3207,200.594,69.9999,10.9976
MARKET_001,1 w/e 02/08/25,MFR_002,CAT_001,TM_004,BRAND_009,700992.6335,120525.7576,52392.9942,5.8161,63.9827,94.4586,366.2802,62.9767,27.3762
MARKET_001,1 w/e 02/08/25,MFR_002,CAT_001,TM_005,BRAND_010,921781.6328,239880.8854,75500.3174,3.8427,71.0379,122.5616,433.8109,112.8933,35.5321
MARKET_001,1 w/e 02/08/25,MFR_002,CAT_001,TM_005,BRAND_008,5075.9618,1339.149,339.2115,3.7904,1.5222,1.6231,111.4807,29.411,7.4499
MARKET_002,1 w/e 02/08/25,MFR_001,CAT_001,TM_001,BRAND_011,69639.4205,26661.9711,2780.5178,2.6119,42.6432,42.6989,468.9419,179.5379,18.7236
MARKET_002,1 w/e 02/08/25,MFR_001,CAT_001,TM_001,BRAND_001,2139.113,837.207,137.6658,2.5551,4.2301,5.4852,145.2097,56.8322,9.3452
MARKET_002,1 w/e 02/08/25,MFR_001,CAT_001,TM_002,BRAND_012,50042.2603,19274.365,2009.6838,2.5963,36.0697,36.0983,398.3892,153.4443,15.9992
MARKET_002,1 w/e 02/08/25,MFR_001,CAT_001,TM_002,BRAND_002,1287.2364,660.224,69.5025,1.9497,4.7431,4.9514,77.9303,39.9705,4.2077
MARKET_002,1 w/e 02/08/25,MFR_001,CAT_001,TM_002,BRAND_003,1368.0005,579.756,53.3861,2.3596,4.2321,4.4861,92.8207,39.3372,3.6223
MARKET_002,1 w/e 02/08/25,MFR_001,CAT_001,TM_003,BRAND_004,59143.8526,22103.3901,2380.6569,2.6758,44.3691,45.9354,382.7742,143.0513,15.4074
MARKET_002,1 w/e 02/08/25,MFR_002,CAT_001,TM_004,BRAND_007,1587.9443,614.385,63.9984,2.5846,0.826,0.826,552.0596,213.5951,22.2495
MARKET_002,1 w/e 02/08/25,MFR_002,CAT_001,TM_004,BRAND_009,36574.7949,14993.666,1578.6318,2.4393,23.8023,23.836,441.2412,180.8848,19.0447
MARKET_002,1 w/e 02/08/25,MFR_002,CAT_001,TM_005,BRAND_010,139515.4533,54422.8234,5873.3491,2.5635,51.6452,53.8121,775.7211,302.5968,32.6565
MARKET_002,1 w/e 02/08/25,MFR_002,CAT_001,TM_005,BRAND_008,2290.1694,908.31,95.2615,2.5214,2.2788,2.2788,288.5907,114.4587,12.0042
MARKET_003,1 w/e 02/08/25,MFR_001,CAT_001,TM_001,BRAND_011,232652.5049,62021.3585,20403.6088,3.7512,77.1133,139.203,224.3104,59.7975,19.672
MARKET_003,1 w/e 02/08/25,MFR_001,CAT_001,TM_001,BRAND_001,369.0655,89.774,32.5604,4.1111,0.2896,0.2896,94.7512,23.0479,8.3593
MARKET_003,1 w/e 02/08/25,MFR_001,CAT_001,TM_002,BRAND_012,264449.4641,60908.8986,26373.1606,4.3417,75.8564,136.9496,259.1921,59.698,25.8489
MARKET_003,1 w/e 02/08/25,MFR_001,CAT_001,TM_002,BRAND_003,1498.9331,645.128,65.3865,2.3235,0.633,1.2026,176.0654,75.7771,7.6803
MARKET_003,1 w/e 02/08/25,MFR_001,CAT_001,TM_003,BRAND_004,47365.533,9611.0108,5230.2134,4.9283,50.4242,55.0296,69.8384,14.171,7.7117
MARKET_003,1 w/e 02/08/25,MFR_001,CAT_001,TM_003,BRAND_005,31433.4025,5297.1946,3972.896,5.934,34.3273,34.3273,68.0805,11.473,8.6048
MARKET_003,1 w/e 02/08/25,MFR_001,CAT_001,TM_003,BRAND_006,24134.692,6263.7926,1738.1195,3.853,32.8272,46.5119,54.6613,14.1865,3.9366
MARKET_003,1 w/e 02/08/25,MFR_002,CAT_001,TM_004,BRAND_007,333.7637,56.04,41.3843,5.9558,0.4975,0.4975,49.8825,8.3754,6.1851
MARKET_003,1 w/e 02/08/25,MFR_002,CAT_001,TM_004,BRAND_009,465773.8189,69934.1706,32700.3381,6.6602,78.3114,112.3557,442.2027,66.3951,31.0455
MARKET_003,1 w/e 02/08/25,MFR_002,CAT_001,TM_005,BRAND_010,542629.8497,134332.2295,47710.0105,4.0395,83.7061,152.2639,481.9672,119.3147,42.3763
MARKET_003,1 w/e 02/08/25,MFR_002,CAT_001,TM_005,BRAND_008,2463.7624,385.839,213.4292,6.3855,1.9574,2.1817,93.5806,14.6552,8.1066
MARKET_004,1 w/e 02/08/25,MFR_001,CAT_001,TM_001,BRAND_011,10444.2,2761.0,792.0104,3.7828,65.6912,142.7722,91.5396,24.1992,6.9417
MARKET_004,1 w/e 02/08/25,MFR_001,CAT_001,TM_001,BRAND_001,4.5601,1.0001,0.75,4.56,0.3857,0.3857,6.806,1.4925,1.1194
MARKET_004,1 w/e 02/08/25,MFR_001,CAT_001,TM_002,BRAND_012,12133.79,2850.0001,1107.3958,4.2575,63.3815,111.3033,110.2237,25.8895,10.0596
MARKET_004,1 w/e 02/08/25,MFR_001,CAT_001,TM_002,BRAND_003,19.17,3.0,1.1718,6.39,1.6645,1.6645,6.6309,1.0377,0.4054
MARKET_004,1 w/e 02/08/25,MFR_001,CAT_001,TM_003,BRAND_004,1941.2001,479.0001,212.0001,4.0526,31.6536,36.0966,35.3092,8.7127,3.8561
MARKET_004,1 w/e 02/08/25,MFR_001,CAT_001,TM_003,BRAND_005,507.13,94.0,70.5,5.395,7.689,7.689,37.9745,7.0388,5.2791
MARKET_004,1 w/e 02/08/25,MFR_002,CAT_001,TM_004,BRAND_009,12542.97,2371.3232,1132.0132,5.2894,53.8287,77.6882,134.1613,25.364,12.1082
MARKET_004,1 w/e 02/08/25,MFR_002,CAT_001,TM_005,BRAND_010,13646.7001,3339.0001,1196.4375,4.0871,57.2444,98.1182,137.2573,33.5834,12.0337
MARKET_005,1 w/e 02/08/25,MFR_001,CAT_001,TM_001,BRAND_011,172302.6601,41720.0,13637.8803,4.13,96.0713,267.0239,216.7792,52.4892,17.1582
MARKET_005,1 w/e 02/08/25,MFR_001,CAT_001,TM_002,BRAND_012,139356.7301,32147.0,12219.1667,4.335,94.973,179.2272,177.3565,40.9128,15.5511
MARKET_005,1 w/e 02/08/25,MFR_001,CAT_001,TM_002,BRAND_003,28.6801,6.0,1.7708,4.78,0.6044,0.6044,5.7358,1.2,0.3541
MARKET_005,1 w/e 02/08/25,MFR_001,CAT_001,TM_003,BRAND_004,15845.7201,5250.0001,1022.0209,3.0182,52.8939,68.2749,36.2098,11.997,2.3355
MARKET_005,1 w/e 02/08/25,MFR_001,CAT_001,TM_003,BRAND_005,1783.06,257.0,192.75,6.938,9.3824,9.3824,22.9704,3.3108,2.4831
MARKET_005,1 w/e 02/08/25,MFR_002,CAT_001,TM_004,BRAND_009,202044.04,35034.6144,18836.6067,5.767,88.7048,136.664,275.3076,47.7386,25.667
MARKET_005,1 w/e 02/08/25,MFR_002,CAT_001,TM_005,BRAND_010,248135.22,50363.0001,22969.7501,4.9269,92.3679,162.2305,324.7035,65.9038,30.0576
MARKET_005,1 w/e 02/08/25,MFR_002,CAT_001,TM_005,BRAND_008,463.06,62.0001,46.5,7.4687,1.542,1.542,36.2979,4.86,3.645
MARKET_001,1 w/e 02/10/24,MFR_001,CAT_001,TM_001,BRAND_001,26.9301,6.0,2.7449,4.4883,0.0536,0.0536,16.8766,3.7601,1.7201
MARKET_001,1 w/e 02/10/24,MFR_001,CAT_001,TM_002,BRAND_002,60.7101,9.0,6.1042,6.7456,0.0616,0.0616,33.1368,4.9124,3.3318
MARKET_003,1 w/e 02/10/24,MFR_001,CAT_001,TM_001,BRAND_001,24.66,5.0,2.6406,4.932,0.1061,0.1061,17.4621,3.5406,1.8698
MARKET_003,1 w/e 02/10/24,MFR_001,CAT_001,TM_002,BRAND_002,49.95,7.0001,5.25,7.1357,0.1225,0.1225,30.6404,4.294,3.2205
MARKET_005,1 w/e 02/10/24,MFR_001,CAT_001,TM_001,BRAND_001,1083.1201,275.0,83.6228,3.9386,6.1069,9.9025,21.4261,5.44,1.6542
MARKET_005,1 w/e 02/10/24,MFR_001,CAT_001,TM_002,BRAND_002,904.7,174.0,78.1875,5.1994,6.3206,7.6368,17.2914,3.3256,1.4944
MARKET_001,1 w/e 02/15/25,MFR_001,CAT_001,TM_001,BRAND_011,465094.2771,136961.3752,36374.1395,3.3958,80.2482,166.3399,193.7491,57.0554,15.1527
MARKET_001,1 w/e 02/15/25,MFR_001,CAT_001,TM_001,BRAND_001,2421.219,899.0301,162.6995,2.6931,0.7165,0.8544,112.9674,41.9463,7.5911
MARKET_001,1 w/e 02/15/25,MFR_001,CAT_001,TM_002,BRAND_012,427261.407,117029.9793,38839.427,3.6509,76.7094,134.4592,186.1996,51.0014,16.9261
MARKET_001,1 w/e 02/15/25,MFR_001,CAT_001,TM_002,BRAND_002,905.6466,431.166,44.0799,2.1005,0.4278,0.4392,70.7625,33.6891,3.4442
MARKET_001,1 w/e 02/15/25,MFR_001,CAT_001,TM_002,BRAND_003,2368.8601,979.8881,99.392,2.4175,1.0751,1.352,73.6584,30.4691,3.0905
MARKET_001,1 w/e 02/15/25,MFR_001,CAT_001,TM_003,BRAND_004,104264.9554,32221.3232,7086.1728,3.2359,42.5423,48.3795,81.9316,25.3196,5.5683
MARKET_001,1 w/e 02/15/25,MFR_001,CAT_001,TM_003,BRAND_005,25297.1612,4196.8144,3147.6109,6.0277,17.5108,17.5108,48.2948,8.0121,6.0091
MARKET_001,1 w/e 02/15/25,MFR_001,CAT_001,TM_003,BRAND_006,13392.3272,4541.32,1089.98,2.949,12.9682,17.5685,34.523,11.7067,2.8098
MARKET_001,1 w/e 02/15/25,MFR_002,CAT_001,TM_004,BRAND_007,1948.4013,675.3081,107.0487,2.8852,0.3401,0.3401,191.5079,66.3759,10.5218
MARKET_001,1 w/e 02/15/25,MFR_002,CAT_001,TM_004,BRAND_009,563649.5575,102549.4591,42394.3427,5.4964,67.9276,100.2742,277.3937,50.4685,20.8639
MARKET_001,1 w/e 02/15/25,MFR_002,CAT_001,TM_005,BRAND_010,822809.498,222065.4472,70361.4102,3.7053,74.7991,129.5973,367.7366,99.2473,31.4465
MARKET_001,1 w/e 02/15/25,MFR_002,CAT_001,TM_005,BRAND_008,6247.1406,1680.1511,392.7436,3.7182,1.2657,1.3661,164.9955,44.3751,10.3729
MARKET_002,1 w/e 02/15/25,MFR_001,CAT_001,TM_001,BRAND_011,79922.3724,31636.986,3343.7994,2.5262,60.4031,61.0965,379.8081,150.3457,15.8904
MARKET_002,1 w/e 02/15/25,MFR_001,CAT_001,TM_001,BRAND_001,2045.3095,804.943,129.7907,2.5409,4.1223,5.3062,142.4221,56.051,9.0378
MARKET_002,1 w/e 02/15/25,MFR_001,CAT_001,TM_002,BRAND_012,58175.42,24177.8721,2518.5284,2.4061,49.7989,49.799,335.3317,139.3648,14.5172
MARKET_002,1 w/e 02/15/25,MFR_001,CAT_001,TM_002,BRAND_002,903.1466,430.1661,43.9756,2.0995,3.6654,3.7626,70.7274,33.6873,3.4438
MARKET_002,1 w/e 02/15/25,MFR_001,CAT_001,TM_002,BRAND_003,1096.8105,471.756,44.7247,2.325,3.8305,3.9686,82.1932,35.3526,3.3516
MARKET_002,1 w/e 02/15/25,MFR_001,CAT_001,TM_003,BRAND_004,44191.6342,16745.364,1785.416,2.639,41.2957,42.7707,307.1784,116.3979,12.4105
MARKET_002,1 w/e 02/15/25,MFR_002,CAT_001,TM_004,BRAND_007,1602.5992,617.476,64.9662,2.5954,0.8485,0.8485,542.133,208.882,21.977
MARKET_002,1 w/e 02/15/25,MFR_002,CAT_001,TM_004,BRAND_009,32232.2268,14733.3086,1576.6986,2.1877,25.9888,26.2178,356.0069,162.7303,17.4147
MARKET_002,1 w/e 02/15/25,MFR_002,CAT_001,TM_005,BRAND_010,137716.9804,54609.823,5893.6737,2.5218,59.1789,61.591,667.9979,264.8856,28.5873
MARKET_002,1 w/e 02/15/25,MFR_002,CAT_001,TM_005,BRAND_008,3196.3928,1223.944,127.4942,2.6116,2.2298,2.2298,411.4874,157.5643,16.413
MARKET_003,1 w/e 02/15/25,MFR_001,CAT_001,TM_001,BRAND_011,225245.9946,63197.3892,21532.215,3.5642,85.9742,159.8924,194.7774,54.6488,18.6196
MARKET_003,1 w/e 02/15/25,MFR_001,CAT_001,TM_001,BRAND_001,373.4095,93.0871,32.8049,4.0114,0.5108,0.5108,54.3505,13.549,4.7748
MARKET_003,1 w/e 02/15/25,MFR_001,CAT_001,TM_002,BRAND_012,244186.297,61087.1072,26240.4819,3.9973,84.6982,155.3967,214.3368,53.6198,23.0328
MARKET_003,1 w/e 02/15/25,MFR_001,CAT_001,TM_002,BRAND_003,1148.4795,478.132,48.0009,2.402,0.6425,1.2096,132.8997,55.3285,5.5546
MARKET_003,1 w/e 02/15/25,MFR_001,CAT_001,TM_003,BRAND_004,37547.9513,7545.9592,4065.2878,4.9759,44.1591,50.3243,63.2144,12.7041,6.8442
MARKET_003,1 w/e 02/15/25,MFR_001,CAT_001,TM_003,BRAND_005,23305.6912,3914.8144,2936.1108,5.9532,33.4605,33.4606,51.7821,8.6982,6.5236
MARKET_003,1 w/e 02/15/25,MFR_001,CAT_001,TM_003,BRAND_006,13392.3272,4541.32,1089.98,2.949,28.8401,39.0706,34.523,11.7067,2.8098
MARKET_003,1 w/e 02/15/25,MFR_002,CAT_001,TM_004,BRAND_007,340.8018,55.832,41.874,6.1041,0.5339,0.5339,47.4582,7.7749,5.8311
MARKET_003,1 w/e 02/15/25,MFR_002,CAT_001,TM_004,BRAND_009,352931.1106,56053.4119,24983.2566,6.2963,82.7875,119.842,316.9387,50.337,22.4354
MARKET_003,1 w/e 02/15/25,MFR_002,CAT_001,TM_005,BRAND_010,462228.0776,118482.6242,44372.7157,3.9012,86.1336,159.8795,398.9637,102.2661,38.2995
MARKET_003,1 w/e 02/15/25,MFR_002,CAT_001,TM_005,BRAND_008,2443.3478,375.207,205.7911,6.512,1.4363,1.6596,126.4706,19.4212,10.652
MARKET_004,1 w/e 02/15/25,MFR_001,CAT_001,TM_001,BRAND_011,15871.66,3771.0001,1098.1615,4.2089,85.8243,195.6809,106.4763,25.298,7.3671
MARKET_004,1 w/e 02/15/25,MFR_001,CAT_001,TM_002,BRAND_012,12638.95,2950.0001,1040.3125,4.2844,73.2257,125.2094,99.3776,23.1953,8.1798
MARKET_004,1 w/e 02/15/25,MFR_001,CAT_001,TM_002,BRAND_003,25.2401,4.0,1.5625,6.31,2.3206,2.3206,6.2623,0.9924,0.3877
MARKET_004,1 w/e 02/15/25,MFR_001,CAT_001,TM_003,BRAND_004,1306.85,283.0001,115.375,4.6178,24.8002,29.8939,30.3397,6.5701,2.6785
MARKET_004,1 w/e 02/15/25,MFR_001,CAT_001,TM_003,BRAND_005,325.8101,46.0,34.5,7.0828,7.547,7.547,24.856,3.5093,2.632
MARKET_004,1 w/e 02/15/25,MFR_002,CAT_001,TM_004,BRAND_009,9016.84,1930.6658,802.8118,4.6703,56.1287,83.8326,92.4932,19.8044,8.2351
MARKET_004,1 w/e 02/15/25,MFR_002,CAT_001,TM_005,BRAND_010,10878.21,2755.0,875.9792,3.9485,63.9906,105.604,97.8774,24.7883,7.8817
MARKET_005,1 w/e 02/15/25,MFR_001,CAT_001,TM_001,BRAND_011,140029.04,34289.0001,10888.9218,4.0838,99.7517,280.8665,169.6748,41.5484,13.1942
MARKET_005,1 w/e 02/15/25,MFR_001,CAT_001,TM_002,BRAND_012,107058.8,25616.0,9184.7916,4.1794,97.9765,185.1703,132.0748,31.6016,11.331
MARKET_005,1 w/e 02/15/25,MFR_001,CAT_001,TM_002,BRAND_003,41.86,7.0001,2.7344,5.98,0.5384,0.5384,9.3979,1.5716,0.6139
MARKET_005,1 w/e 02/15/25,MFR_001,CAT_001,TM_003,BRAND_004,15324.8201,5213.0,956.7082,2.9397,53.6318,66.3191,34.5376,11.7486,2.1561
MARKET_005,1 w/e 02/15/25,MFR_001,CAT_001,TM_003,BRAND_005,2176.4401,314.0,235.5001,6.9313,11.2696,11.2696,23.343,3.3678,2.5258
MARKET_005,1 w/e 02/15/25,MFR_002,CAT_001,TM_004,BRAND_009,182046.7,30922.2606,16887.0705,5.8872,92.6134,143.1761,237.5901,40.3568,22.0394
MARKET_005,1 w/e 02/15/25,MFR_002,CAT_001,TM_005,BRAND_010,222727.83,46058.0,20739.4584,4.8358,94.7521,167.4219,284.1221,58.7538,26.4562
MARKET_005,1 w/e 02/15/25,MFR_002,CAT_001,TM_005,BRAND_008,706.32,93.0,69.7501,7.5948,1.542,1.542,55.3664,7.29,5.4675
MARKET_001,1 w/e 02/17/24,MFR_001,CAT_001,TM_001,BRAND_001,32547.616,10010.2661,2299.7094,3.2514,35.5131,76.0777,30.7883,9.4692,2.1754
MARKET_001,1 w/e 02/17/24,MFR_001,CAT_001,TM_002,BRAND_002,22794.4466,6238.6641,1594.4409,3.6537,30.6,44.4631,25.0243,6.849,1.7504
MARKET_002,1 w/e 02/17/24,MFR_001,CAT_001,TM_001,BRAND_001,5326.55,2110.3611,221.2287,2.524,15.8593,16.0223,97.8101,38.752,4.0624
MARKET_002,1 w/e 02/17/24,MFR_001,CAT_001,TM_002,BRAND_002,3840.2288,1552.34,160.2494,2.4738,9.6309,9.6926,116.1211,46.9398,4.8456
MARKET_003,1 w/e 02/17/24,MFR_001,CAT_001,TM_001,BRAND_001,12158.4861,3618.905,883.3036,3.3597,29.0394,68.9291,31.4505,9.3611,2.2849
MARKET_003,1 w/e 02/17/24,MFR_001,CAT_001,TM_002,BRAND_002,9008.9078,2143.324,588.1291,4.2032,23.3848,34.6191,28.9383,6.8848,1.8892
MARKET_004,1 w/e 02/17/24,MFR_001,CAT_001,TM_001,BRAND_001,826.34,235.0,60.7332,3.5163,26.0478,50.5292,18.3206,5.2101,1.3465
MARKET_004,1 w/e 02/17/24,MFR_001,CAT_001,TM_002,BRAND_002,669.16,190.0,50.9793,3.5219,20.8589,31.021,18.5263,5.2603,1.4114
MARKET_005,1 w/e 02/17/24,MFR_001,CAT_001,TM_001,BRAND_001,18205.4501,5056.0,1460.4604,3.6008,77.784,167.3015,28.2748,7.8525,2.2682
MARKET_005,1 w/e 02/17/24,MFR_001,CAT_001,TM_002,BRAND_002,12101.5401,2903.0001,1052.5625,4.1686,71.9819,106.5802,20.3098,4.8721,1.7665
MARKET_001,1 w/e 02/22/25,MFR_001,CAT_001,TM_001,BRAND_011,446462.8618,138376.9483,27742.6167,3.2264,83.9251,172.9895,177.8616,55.1265,11.0521
MARKET_001,1 w/e 02/22/25,MFR_001,CAT_001,TM_001,BRAND_001,2576.1841,979.735,177.2727,2.6295,0.6515,0.795,132.2123,50.281,9.0978
MARKET_001,1 w/e 02/22/25,MFR_001,CAT_001,TM_002,BRAND_012,361710.3017,103629.7089,25463.2846,3.4904,79.4691,137.9865,152.1778,43.5988,10.7128
MARKET_001,1 w/e 02/22/25,MFR_001,CAT_001,TM_002,BRAND_002,709.0112,305.848,31.6716,2.3182,0.2439,0.2552,97.1861,41.9234,4.3413
MARKET_001,1 w/e 02/22/25,MFR_001,CAT_001,TM_002,BRAND_003,1984.7078,794.283,85.629,2.4987,0.7283,0.8476,91.1148,36.4643,3.9311
MARKET_001,1 w/e 02/22/25,MFR_001,CAT_001,TM_003,BRAND_004,100030.4988,31222.2093,5725.9401,3.2038,46.1652,52.109,72.4447,22.6119,4.1469
MARKET_001,1 w/e 02/22/25,MFR_001,CAT_001,TM_003,BRAND_005,22464.0365,2828.7949,2121.5961,7.9412,19.2226,19.2227,39.0718,4.9201,3.6901
MARKET_001,1 w/e 02/22/25,MFR_001,CAT_001,TM_003,BRAND_006,5981.0974,2239.4152,512.9179,2.6708,11.1377,13.3977,17.9545,6.7225,1.5397
MARKET_001,1 w/e 02/22/25,MFR_002,CAT_001,TM_004,BRAND_007,1665.9196,625.6511,73.3792,2.6627,0.209,0.209,266.4661,100.0737,11.7371
MARKET_001,1 w/e 02/22/25,MFR_002,CAT_001,TM_004,BRAND_009,398111.9253,85601.5406,31896.7105,4.6508,67.8577,99.5315,196.1528,42.1765,15.7158
MARKET_001,1 w/e 02/22/25,MFR_002,CAT_001,TM_005,BRAND_010,632946.5461,182139.4857,42609.2725,3.4751,76.5391,130.3594,276.4853,79.5626,18.6127
MARKET_001,1 w/e 02/22/25,MFR_002,CAT_001,TM_005,BRAND_008,5464.3231,1561.797,310.8433,3.4987,1.2813,1.3817,142.5841,40.753,8.111
MARKET_002,1 w/e 02/22/25,MFR_001,CAT_001,TM_001,BRAND_011,118295.5308,47195.852,4924.6306,2.5065,67.0237,67.1335,507.1735,202.3448,21.1136
MARKET_002,1 w/e 02/22/25,MFR_001,CAT_001,TM_001,BRAND_001,2191.0044,887.6481,143.7044,2.4683,4.4566,5.69,141.2713,57.2336,9.2658
MARKET_002,1 w/e 02/22/25,MFR_001,CAT_001,TM_002,BRAND_012,76657.5379,31158.323,3291.2656,2.4603,56.6163,57.2772,389.0722,158.1428,16.7047
MARKET_002,1 w/e 02/22/25,MFR_001,CAT_001,TM_002,BRAND_002,709.0112,305.848,31.6716,2.3182,2.0963,2.1937,97.1861,41.9234,4.3413
MARKET_002,1 w/e 02/22/25,MFR_001,CAT_001,TM_002,BRAND_003,1398.4794,599.851,57.8595,2.3314,3.8837,4.0464,103.4723,44.3824,4.281
MARKET_002,1 w/e 02/22/25,MFR_001,CAT_001,TM_003,BRAND_004,47536.7518,17820.4836,1936.2736,2.6675,44.1527,45.8725,309.3777,115.9789,12.6016
MARKET_002,1 w/e 02/22/25,MFR_001,CAT_001,TM_003,BRAND_005,17.0,2.0,1.5001,8.5,0.0197,0.0197,247.4527,29.1121,21.8341
MARKET_002,1 w/e 02/22/25,MFR_002,CAT_001,TM_004,BRAND_007,1584.0809,612.9431,63.8483,2.5844,0.8246,0.8246,552.0022,213.5913,22.2491
MARKET_002,1 w/e 02/22/25,MFR_002,CAT_001,TM_004,BRAND_009,44909.0808,19761.43,2099.1699,2.2726,29.0279,29.1659,444.5656,195.6231,20.7802
MARKET_002,1 w/e 02/22/25,MFR_002,CAT_001,TM_005,BRAND_010,181289.4045,71614.6581,7697.821,2.5315,62.6622,65.3586,831.3496,328.4076,35.3004
MARKET_002,1 w/e 02/22/25,MFR_002,CAT_001,TM_005,BRAND_008,3174.09,1215.314,127.241,2.6117,2.6527,2.6527,343.8363,131.65,13.7835
MARKET_003,1 w/e 02/22/25,MFR_001,CAT_001,TM_001,BRAND_011,181546.901,53607.7628,12453.0278,3.3866,89.5482,165.5923,150.7238,44.5062,10.3388
MARKET_003,1 w/e 02/22/25,MFR_001,CAT_001,TM_001,BRAND_001,360.9495,89.087,31.964,4.0517,0.2446,0.2446,109.7278,27.0822,9.717
MARKET_003,1 w/e 02/22/25,MFR_001,CAT_001,TM_002,BRAND_012,180752.9139,46158.9692,13828.269,3.9159,87.2455,159.7946,154.0253,39.3335,11.7835
MARKET_003,1 w/e 02/22/25,MFR_001,CAT_001,TM_002,BRAND_003,518.7685,182.432,23.9674,2.8436,0.3112,0.5345,123.9264,43.5804,5.7255
MARKET_003,1 w/e 02/22/25,MFR_001,CAT_001,TM_003,BRAND_004,30065.3569,5741.7257,2542.2914,5.2363,49.267,55.0539,45.3691,8.6644,3.8364
MARKET_003,1 w/e 02/22/25,MFR_001,CAT_001,TM_003,BRAND_005,19739.8365,2458.7948,1844.0961,8.0283,35.2557,35.2558,41.6259,5.1849,3.8887
MARKET_003,1 w/e 02/22/25,MFR_001,CAT_001,TM_003,BRAND_006,5981.0974,2239.4152,512.9179,2.6708,24.766,29.7914,17.9545,6.7225,1.5397
MARKET_003,1 w/e 02/22/25,MFR_002,CAT_001,TM_004,BRAND_007,81.8388,12.708,9.531,6.44,0.2515,0.2515,24.1969,3.7573,2.818
MARKET_003,1 w/e 02/22/25,MFR_002,CAT_001,TM_004,BRAND_009,218347.0844,40605.5106,17931.1949,5.3773,80.2917,115.896,202.1745,37.5979,16.6031
MARKET_003,1 w/e 02/22/25,MFR_002,CAT_001,TM_005,BRAND_010,278080.4015,68689.8276,20199.639,4.0483,86.452,156.117,239.136,59.07,17.3707
MARKET_003,1 w/e 02/22/25,MFR_002,CAT_001,TM_005,BRAND_008,1932.2631,300.483,149.748,6.4305,1.401,1.6242,102.5389,15.9456,7.9466
MARKET_004,1 w/e 02/22/25,MFR_001,CAT_001,TM_001,BRAND_011,18402.8701,4120.0001,1232.052,4.4667,94.9032,232.0527,111.6466,24.9952,7.4746
MARKET_004,1 w/e 02/22/25,MFR_001,CAT_001,TM_002,BRAND_012,11602.91,2678.0001,926.0833,4.3327,79.2244,129.2679,84.3235,19.4622,6.7303
MARKET_004,1 w/e 02/22/25,MFR_001,CAT_001,TM_002,BRAND_003,25.56,4.0,1.5625,6.39,0.9541,0.9541,15.4245,2.4139,0.9429
MARKET_004,1 w/e 02/22/25,MFR_001,CAT_001,TM_003,BRAND_004,1278.35,265.0,105.75,4.824,24.0681,28.8666,30.5808,6.3393,2.5298
MARKET_004,1 w/e 02/22/25,MFR_001,CAT_001,TM_003,BRAND_005,530.12,67.0,50.25,7.9122,9.7915,9.7915,31.1722,3.9397,2.9548
MARKET_004,1 w/e 02/22/25,MFR_002,CAT_001,TM_004,BRAND_009,7758.49,1662.3316,697.7904,4.6672,60.4314,91.1309,73.9188,15.8378,6.6482
MARKET_004,1 w/e 02/22/25,MFR_002,CAT_001,TM_005,BRAND_010,8615.2001,2287.0,701.2916,3.767,69.9114,115.2869,70.951,18.8347,5.7755
MARKET_005,1 w/e 02/22/25,MFR_001,CAT_001,TM_001,BRAND_011,121276.6601,28598.0,9463.1094,4.2407,100.0,284.8285,146.5874,34.5665,11.4381
MARKET_005,1 w/e 02/22/25,MFR_001,CAT_001,TM_002,BRAND_012,86273.2001,20171.0001,7502.2501,4.2771,98.1639,183.8641,106.2291,24.8368,9.2376
MARKET_005,1 w/e 02/22/25,MFR_001,CAT_001,TM_002,BRAND_003,23.92,4.0,1.5625,5.98,0.1883,0.1883,15.352,2.5672,1.0028
MARKET_005,1 w/e 02/22/25,MFR_001,CAT_001,TM_003,BRAND_004,15992.06,5313.0,1017.4166,3.01,57.9795,72.325,33.3388,11.076,2.121
MARKET_005,1 w/e 02/22/25,MFR_001,CAT_001,TM_003,BRAND_005,3345.6401,476.0,357.0,7.0287,15.0648,15.0648,26.8432,3.8191,2.8643
MARKET_005,1 w/e 02/22/25,MFR_002,CAT_001,TM_004,BRAND_009,130150.4301,22841.6149,12150.5445,5.698,92.0164,142.4398,170.9622,30.0041,15.9606
MARKET_005,1 w/e 02/22/25,MFR_002,CAT_001,TM_005,BRAND_010,164541.85,36331.0,15040.7084,4.529,95.8029,172.2018,207.5951,45.8372,18.9762
MARKET_005,1 w/e 02/22/25,MFR_002,CAT_001,TM_005,BRAND_008,470.2,62.0001,46.5,7.5839,1.542,1.542,36.8576,4.86,3.645
MARKET_001,1 w/e 02/24/24,MFR_001,CAT_001,TM_001,BRAND_001,215433.246,70714.2269,15145.3308,3.0465,71.8719,210.8051,100.6994,33.0538,7.0793
MARKET_001,1 w/e 02/24/24,MFR_001,CAT_001,TM_002,BRAND_002,160468.3087,47770.3988,12061.8322,3.3592,63.9617,112.9115,84.2836,25.0907,6.3353
MARKET_002,1 w/e 02/24/24,MFR_001,CAT_001,TM_001,BRAND_001,35871.8596,14752.879,1706.9091,2.4315,45.4805,50.5442,229.7655,94.4947,10.933
MARKET_002,1 w/e 02/24/24,MFR_001,CAT_001,TM_002,BRAND_002,25473.0705,10311.691,1073.8712,2.4703,33.7422,34.5966,219.9198,89.0252,9.2712
MARKET_003,1 w/e 02/24/24,MFR_001,CAT_001,TM_001,BRAND_001,102458.4364,32523.3479,7656.0342,3.1503,74.0615,250.7367,103.9178,32.9866,7.7651
MARKET_003,1 w/e 02/24/24,MFR_001,CAT_001,TM_002,BRAND_002,81203.1582,22617.7078,6650.5652,3.5902,68.6087,125.5455,88.9055,24.763,7.2814
MARKET_004,1 w/e 02/24/24,MFR_001,CAT_001,TM_001,BRAND_001,5558.87,1775.0001,380.5406,3.1318,69.4439,174.5514,46.2278,14.761,3.1646
MARKET_004,1 w/e 02/24/24,MFR_001,CAT_001,TM_002,BRAND_002,4071.9301,1231.0,317.1666,3.3078,57.4204,103.1428,40.953,12.3806,3.1899
MARKET_005,1 w/e 02/24/24,MFR_001,CAT_001,TM_001,BRAND_001,70751.57,21347.0001,5441.4323,3.3144,97.3042,311.2772,87.8401,26.5029,6.7557
MARKET_005,1 w/e 02/24/24,MFR_001,CAT_001,TM_002,BRAND_002,49387.27,12974.0001,4150.6875,3.8066,95.1555,175.9822,62.7003,16.4713,5.2696
MARKET_001,1 w/e 03/01/25,MFR_001,CAT_001,TM_001,BRAND_011,381075.6336,116670.9906,24595.043,3.2662,84.0192,172.2754,151.6414,46.4269,9.7871
MARKET_001,1 w/e 03/01/25,MFR_001,CAT_001,TM_001,BRAND_001,2704.2175,1069.492,187.2339,2.5285,0.7147,0.8581,126.5084,50.0328,8.7591
MARKET_001,1 w/e 03/01/25,MFR_001,CAT_001,TM_002,BRAND_012,322501.1282,94956.2768,23271.6943,3.3963,79.4964,135.0192,135.634,39.9357,9.7874
MARKET_001,1 w/e 03/01/25,MFR_001,CAT_001,TM_002,BRAND_002,700.7828,300.878,30.9456,2.3291,0.2459,0.2573,95.2694,40.9035,4.207
MARKET_001,1 w/e 03/01/25,MFR_001,CAT_001,TM_002,BRAND_003,1846.5302,758.722,77.8727,2.4337,0.6148,0.7391,100.4128,41.2587,4.2346
MARKET_001,1 w/e 03/01/25,MFR_001,CAT_001,TM_003,BRAND_004,124346.3627,39709.1133,7392.9163,3.1314,49.4482,59.2145,84.0752,26.8488,4.9986
MARKET_001,1 w/e 03/01/25,MFR_001,CAT_001,TM_003,BRAND_005,29675.8373,3880.5715,2910.4286,7.6473,22.0191,22.0191,45.0597,5.8923,4.4192
MARKET_001,1 w/e 03/01/25,MFR_001,CAT_001,TM_003,BRAND_006,4631.9712,1050.9565,370.9291,4.4074,8.8048,10.0934,17.5885,3.9907,1.4085
MARKET_001,1 w/e 03/01/25,MFR_002,CAT_001,TM_004,BRAND_007,1715.8996,632.6511,78.6293,2.7122,0.209,0.209,274.4605,101.1934,12.5768
MARKET_001,1 w/e 03/01/25,MFR_002,CAT_001,TM_004,BRAND_009,336979.8166,72369.7519,26650.8117,4.6564,66.8902,97.7334,168.4326,36.1726,13.3209
MARKET_001,1 w/e 03/01/25,MFR_002,CAT_001,TM_005,BRAND_010,542554.5877,155944.4975,38038.3475,3.4792,76.9783,129.791,235.6461,67.7309,16.5211
MARKET_001,1 w/e 03/01/25,MFR_002,CAT_001,TM_005,BRAND_008,5520.4128,1538.035,335.0501,3.5893,1.285,1.3854,143.6377,40.0187,8.7178
MARKET_002,1 w/e 03/01/25,MFR_001,CAT_001,TM_001,BRAND_011,99695.373,39312.0581,4100.8187,2.536,68.5537,68.6384,417.8609,164.7716,17.1881
MARKET_002,1 w/e 03/01/25,MFR_001,CAT_001,TM_001,BRAND_001,2334.878,978.405,154.7749,2.3864,4.5807,5.8134,146.459,61.372,9.7085
MARKET_002,1 w/e 03/01/25,MFR_001,CAT_001,TM_002,BRAND_012,73408.1978,29603.05,3170.3384,2.4798,56.5585,57.2539,372.936,150.3925,16.1063
MARKET_002,1 w/e 03/01/25,MFR_001,CAT_001,TM_002,BRAND_002,700.7828,300.878,30.9456,2.3291,2.1136,2.2109,95.2694,40.9035,4.207
MARKET_002,1 w/e 03/01/25,MFR_001,CAT_001,TM_002,BRAND_003,1312.2718,570.29,53.2802,2.3011,3.9192,4.1247,96.2076,41.8101,3.9062
MARKET_002,1 w/e 03/01/25,MFR_001,CAT_001,TM_003,BRAND_004,54650.7512,20954.8091,2262.1492,2.608,47.0707,49.9849,333.6055,127.9148,13.8089
MARKET_002,1 w/e 03/01/25,MFR_002,CAT_001,TM_004,BRAND_007,1584.0809,612.9431,63.8483,2.5844,0.8246,0.8245,552.0022,213.5913,22.2491
MARKET_002,1 w/e 03/01/25,MFR_002,CAT_001,TM_004,BRAND_009,36581.2446,16143.4591,1772.4436,2.266,26.9012,27.1377,390.7276,172.4297,18.9316
MARKET_002,1 w/e 03/01/25,MFR_002,CAT_001,TM_005,BRAND_010,147046.2738,58640.5611,6330.7098,2.5076,65.3035,67.5356,647.0014,258.0176,27.855
MARKET_002,1 w/e 03/01/25,MFR_002,CAT_001,TM_005,BRAND_008,2973.3018,1151.2381,120.5665,2.5827,2.6266,2.6266,325.2638,125.9395,13.1894
MARKET_003,1 w/e 03/01/25,MFR_001,CAT_001,TM_001,BRAND_011,158045.3206,46034.9327,11771.318,3.4332,88.695,165.2334,132.4746,38.5868,9.8668
MARKET_003,1 w/e 03/01/25,MFR_001,CAT_001,TM_001,BRAND_001,362.9495,90.0871,32.0682,4.0289,0.3219,0.3219,83.8279,20.8068,7.4066
MARKET_003,1 w/e 03/01/25,MFR_001,CAT_001,TM_002,BRAND_012,160929.8504,42515.2268,13191.2308,3.7852,87.4012,157.3371,136.8892,36.164,11.2206
MARKET_003,1 w/e 03/01/25,MFR_001,CAT_001,TM_002,BRAND_003,518.7685,182.432,23.9674,2.8436,0.3112,0.5345,123.9264,43.5804,5.7255
MARKET_003,1 w/e 03/01/25,MFR_001,CAT_001,TM_003,BRAND_004,42589.6314,9571.3042,3592.7618,4.4497,53.9727,66.1615,58.6651,13.184,4.9488
MARKET_003,1 w/e 03/01/25,MFR_001,CAT_001,TM_003,BRAND_005,26576.7773,3461.5715,2596.1787,7.6777,41.0663,41.0664,48.1135,6.2667,4.7
MARKET_003,1 w/e 03/01/25,MFR_001,CAT_001,TM_003,BRAND_006,4631.9712,1050.9565,370.9291,4.4074,19.5788,22.4441,17.5885,3.9907,1.4085
MARKET_003,1 w/e 03/01/25,MFR_002,CAT_001,TM_004,BRAND_007,131.8188,19.708,14.781,6.6886,0.2515,0.2515,38.9743,5.827,4.3702
MARKET_003,1 w/e 03/01/25,MFR_002,CAT_001,TM_004,BRAND_009,187230.272,33944.3595,15274.9596,5.5158,79.9795,115.0388,174.0392,31.5529,14.1988
MARKET_003,1 w/e 03/01/25,MFR_002,CAT_001,TM_005,BRAND_010,237941.3638,58051.9365,18447.4085,4.0988,85.862,153.3316,206.0244,50.265,15.9729
MARKET_003,1 w/e 03/01/25,MFR_002,CAT_001,TM_005,BRAND_008,2159.4108,335.797,176.2336,6.4307,1.4068,1.6301,114.1193,17.746,9.3135
MARKET_004,1 w/e 03/01/25,MFR_001,CAT_001,TM_001,BRAND_011,15495.93,3291.0,1056.7031,4.7086,98.9019,231.1123,90.2098,19.1586,6.1516
MARKET_004,1 w/e 03/01/25,MFR_001,CAT_001,TM_001,BRAND_001,6.3901,1.0001,0.3906,6.39,0.6356,0.6356,5.7886,0.9059,0.3538
MARKET_004,1 w/e 03/01/25,MFR_001,CAT_001,TM_002,BRAND_012,10055.26,2198.0001,832.1667,4.5747,78.6162,126.7766,73.6414,16.0974,6.0945
MARKET_004,1 w/e 03/01/25,MFR_001,CAT_001,TM_003,BRAND_004,1216.9801,268.0001,95.7292,4.541,21.0061,24.966,33.3563,7.3456,2.6238
MARKET_004,1 w/e 03/01/25,MFR_001,CAT_001,TM_003,BRAND_005,476.22,61.0001,45.75,7.8069,10.2078,10.2078,26.8606,3.4406,2.5805
MARKET_004,1 w/e 03/01/25,MFR_002,CAT_001,TM_004,BRAND_009,6390.6,1393.3315,567.7278,4.5866,55.8565,83.3821,65.8732,14.3622,5.852
MARKET_004,1 w/e 03/01/25,MFR_002,CAT_001,TM_005,BRAND_010,8022.03,2080.0001,661.6458,3.8567,71.2014,113.7402,64.8689,16.8196,5.3503
MARKET_005,1 w/e 03/01/25,MFR_001,CAT_001,TM_001,BRAND_011,99572.99,23126.0,7814.5157,4.3057,100.0,281.1982,120.3541,27.9525,9.4454
MARKET_005,1 w/e 03/01/25,MFR_001,CAT_001,TM_002,BRAND_012,71836.31,17242.0,6170.2709,4.1664,97.983,178.1038,88.6161,21.2694,7.6115
MARKET_005,1 w/e 03/01/25,MFR_001,CAT_001,TM_003,BRAND_004,19472.42,6425.0,1242.8334,3.0307,61.8913,79.4671,38.0286,12.5477,2.4272
MARKET_005,1 w/e 03/01/25,MFR_001,CAT_001,TM_003,BRAND_005,3464.6601,494.0,370.5,7.0135,15.5825,15.5825,26.8747,3.8319,2.8739
MARKET_005,1 w/e 03/01/25,MFR_002,CAT_001,TM_004,BRAND_009,104952.57,19286.6258,9570.1985,5.4417,90.6887,138.7155,139.8812,25.7053,12.7552
MARKET_005,1 w/e 03/01/25,MFR_002,CAT_001,TM_005,BRAND_010,141958.0601,32466.0,12619.2292,4.3725,95.4281,171.0558,179.8056,41.1218,15.9837
MARKET_005,1 w/e 03/01/25,MFR_002,CAT_001,TM_005,BRAND_008,465.89,63.0,47.2501,7.3951,1.542,1.542,36.5198,4.9384,3.7038
MARKET_001,1 w/e 03/02/24,MFR_001,CAT_001,TM_001,BRAND_001,315262.236,134553.1672,24648.2222,2.343,82.0462,269.5586,129.0889,55.0948,10.0926
MARKET_001,1 w/e 03/02/24,MFR_001,CAT_001,TM_002,BRAND_002,227045.3762,89822.6844,17658.9036,2.5277,75.2973,140.3594,101.2998,40.0758,7.8788
MARKET_002,1 w/e 03/02/24,MFR_001,CAT_001,TM_001,BRAND_001,52188.0488,20656.4446,2490.3946,2.5265,60.5387,71.0054,251.128,99.3985,11.9837
MARKET_002,1 w/e 03/02/24,MFR_001,CAT_001,TM_002,BRAND_002,41062.9327,17118.3531,1802.3649,2.3988,49.2571,51.7135,242.8499,101.2395,10.6593
MARKET_003,1 w/e 03/02/24,MFR_001,CAT_001,TM_001,BRAND_001,168694.3672,85218.7227,15124.6484,1.9795,85.7746,328.0147,147.7341,74.6303,13.2454
MARKET_003,1 w/e 03/02/24,MFR_001,CAT_001,TM_002,BRAND_002,123512.3336,54601.3314,11012.5387,2.2621,83.3518,164.8352,111.31,49.207,9.9246
MARKET_004,1 w/e 03/02/24,MFR_001,CAT_001,TM_001,BRAND_001,7839.91,2652.0,503.8897,2.9562,78.3095,236.4738,57.816,19.5574,3.716
MARKET_004,1 w/e 03/02/24,MFR_001,CAT_001,TM_002,BRAND_002,5729.36,1897.0001,414.9166,3.0202,69.7915,143.7303,47.4083,15.697,3.4333
MARKET_005,1 w/e 03/02/24,MFR_001,CAT_001,TM_001,BRAND_001,74910.62,22806.0,5786.1241,3.2847,98.3799,368.2653,91.9868,28.0047,7.1051
MARKET_005,1 w/e 03/02/24,MFR_001,CAT_001,TM_002,BRAND_002,50752.99,13770.0001,4176.5625,3.6858,97.3754,190.6004,62.9652,17.0834,5.1815
MARKET_001,1 w/e 03/08/25,MFR_001,CAT_001,TM_001,BRAND_011,329678.6914,95837.3788,21332.3269,3.44,84.2632,169.0472,130.853,38.0389,8.467
MARKET_001,1 w/e 03/08/25,MFR_001,CAT_001,TM_001,BRAND_001,2715.4579,1062.3971,187.9396,2.556,0.7379,0.8714,123.0736,48.1514,8.518
MARKET_001,1 w/e 03/08/25,MFR_001,CAT_001,TM_002,BRAND_012,271838.0253,76279.7946,19380.7928,3.5637,78.818,132.0546,115.3495,32.368,8.2239
MARKET_001,1 w/e 03/08/25,MFR_001,CAT_001,TM_002,BRAND_002,1062.6234,528.2331,54.9408,2.0117,0.4504,0.468,78.904,39.2234,4.0796
MARKET_001,1 w/e 03/08/25,MFR_001,CAT_001,TM_002,BRAND_003,1670.0101,677.92,70.0859,2.4634,0.6316,0.7495,88.4385,35.9005,3.7115
MARKET_001,1 w/e 03/08/25,MFR_001,CAT_001,TM_003,BRAND_004,132639.8762,42380.4345,7679.9064,3.1297,52.0026,62.0872,85.306,27.2566,4.9393
MARKET_001,1 w/e 03/08/25,MFR_001,CAT_001,TM_003,BRAND_005,30225.3056,3891.1071,2918.3303,7.7678,24.18,24.1801,41.8066,5.382,4.0365
MARKET_001,1 w/e 03/08/25,MFR_001,CAT_001,TM_003,BRAND_006,3892.3,599.4997,303.0205,6.4926,6.2543,6.7725,20.8142,3.2058,1.6204
MARKET_001,1 w/e 03/08/25,MFR_002,CAT_001,TM_004,BRAND_007,1729.7591,638.1181,77.2612,2.7107,0.2121,0.2121,272.7208,100.6083,12.1813
MARKET_001,1 w/e 03/08/25,MFR_002,CAT_001,TM_004,BRAND_009,284025.6434,62062.1927,22569.0432,4.5765,65.5295,94.0738,144.9612,31.6753,11.5188
MARKET_001,1 w/e 03/08/25,MFR_002,CAT_001,TM_005,BRAND_010,484143.3633,137487.34,33266.7129,3.5214,77.25,128.5236,209.6072,59.5244,14.4026
MARKET_001,1 w/e 03/08/25,MFR_002,CAT_001,TM_005,BRAND_008,4985.7272,1490.573,289.4864,3.3448,1.2388,1.3392,134.6042,40.2424,7.8155
MARKET_002,1 w/e 03/08/25,MFR_001,CAT_001,TM_001,BRAND_011,90497.5726,35390.571,3692.3304,2.5571,68.3599,68.4486,380.4021,148.7625,15.5205
MARKET_002,1 w/e 03/08/25,MFR_001,CAT_001,TM_001,BRAND_001,2336.7984,971.31,154.4754,2.4058,4.9447,6.0912,135.7956,56.4446,8.9768
MARKET_002,1 w/e 03/08/25,MFR_001,CAT_001,TM_002,BRAND_012,60571.3971,24142.901,2521.3438,2.5089,55.3043,55.3775,314.7138,125.4405,13.1003
MARKET_002,1 w/e 03/08/25,MFR_001,CAT_001,TM_002,BRAND_002,1062.6234,528.2331,54.9408,2.0117,3.8698,4.0208,78.904,39.2234,4.0796
MARKET_002,1 w/e 03/08/25,MFR_001,CAT_001,TM_002,BRAND_003,1126.4517,487.488,45.1966,2.3107,3.538,3.6888,91.487,39.5923,3.6707
MARKET_002,1 w/e 03/08/25,MFR_001,CAT_001,TM_003,BRAND_004,57559.9892,21955.8486,2332.9986,2.6216,48.9014,51.3083,338.2253,129.0136,13.7088
MARKET_002,1 w/e 03/08/25,MFR_001,CAT_001,TM_003,BRAND_005,8.5,1.0001,0.75,8.5,0.0197,0.0197,123.7263,14.556,10.917
MARKET_002,1 w/e 03/08/25,MFR_002,CAT_001,TM_004,BRAND_007,1613.96,622.41,65.4803,2.5931,0.8507,0.8507,545.1831,210.2452,22.1187
MARKET_002,1 w/e 03/08/25,MFR_002,CAT_001,TM_004,BRAND_009,34644.1771,14609.846,1554.1507,2.3713,27.2923,27.4657,364.7516,153.8199,16.3629
MARKET_002,1 w/e 03/08/25,MFR_002,CAT_001,TM_005,BRAND_010,141008.6585,54817.138,6082.8316,2.5723,67.0299,70.22,604.4833,234.993,26.0762
MARKET_002,1 w/e 03/08/25,MFR_002,CAT_001,TM_005,BRAND_008,3029.6195,1164.671,121.9656,2.6013,2.2959,2.2959,379.1812,145.7679,15.265
MARKET_003,1 w/e 03/08/25,MFR_001,CAT_001,TM_001,BRAND_011,126387.7988,32877.4745,9178.5588,3.8442,89.1781,159.9987,105.3651,27.4088,7.6518
MARKET_003,1 w/e 03/08/25,MFR_001,CAT_001,TM_001,BRAND_001,370.9395,90.0871,32.7141,4.1176,0.269,0.269,102.5035,24.8942,9.04
MARKET_003,1 w/e 03/08/25,MFR_001,CAT_001,TM_002,BRAND_012,128243.968,31315.8937,10141.9905,4.0952,85.6287,151.7837,111.3441,27.1891,8.8055
MARKET_003,1 w/e 03/08/25,MFR_001,CAT_001,TM_002,BRAND_003,521.7585,183.432,24.0298,2.8444,0.4112,0.6345,94.3352,33.1649,4.3447
MARKET_003,1 w/e 03/08/25,MFR_001,CAT_001,TM_003,BRAND_004,43929.247,9984.5858,3504.9858,4.3997,56.3778,69.2573,57.9289,13.1665,4.622
MARKET_003,1 w/e 03/08/25,MFR_001,CAT_001,TM_003,BRAND_005,26250.5256,3332.1071,2499.0803,7.8781,45.0561,45.0562,43.3146,5.4981,4.1236
MARKET_003,1 w/e 03/08/25,MFR_001,CAT_001,TM_003,BRAND_006,3892.3,599.4997,303.0205,6.4926,13.9026,15.0545,20.8142,3.2058,1.6204
MARKET_003,1 w/e 03/08/25,MFR_002,CAT_001,TM_004,BRAND_007,115.7988,15.7081,11.781,7.372,0.2515,0.2515,34.2377,4.6443,3.4832
MARKET_003,1 w/e 03/08/25,MFR_002,CAT_001,TM_004,BRAND_009,149605.0164,27565.7326,12471.7238,5.4272,76.8587,109.3883,144.7114,26.6641,12.0638
MARKET_003,1 w/e 03/08/25,MFR_002,CAT_001,TM_005,BRAND_010,199685.8548,47080.7021,15156.6936,4.2414,85.0892,148.9251,174.4707,41.1356,13.2428
MARKET_003,1 w/e 03/08/25,MFR_002,CAT_001,TM_005,BRAND_008,1599.8778,273.902,129.8122,5.8411,1.3993,1.6226,85.0018,14.5525,6.8969
MARKET_004,1 w/e 03/08/25,MFR_001,CAT_001,TM_001,BRAND_011,14113.4301,2907.0001,1019.3072,4.855,98.2326,223.8145,82.7214,17.0385,5.9743
MARKET_004,1 w/e 03/08/25,MFR_001,CAT_001,TM_001,BRAND_001,7.7201,1.0001,0.75,7.72,0.712,0.712,6.2424,0.8086,0.6065
MARKET_004,1 w/e 03/08/25,MFR_001,CAT_001,TM_002,BRAND_012,9498.68,1977.0001,816.2501,4.8046,78.8754,123.069,69.3366,14.4313,5.9583
MARKET_004,1 w/e 03/08/25,MFR_001,CAT_001,TM_003,BRAND_004,1174.2601,250.0,96.4375,4.697,21.9966,25.5439,30.7362,6.5437,2.5242
MARKET_004,1 w/e 03/08/25,MFR_001,CAT_001,TM_003,BRAND_005,523.7901,69.0001,51.75,7.5912,9.9057,9.9057,30.4449,4.0106,3.0079
MARKET_004,1 w/e 03/08/25,MFR_002,CAT_001,TM_004,BRAND_009,6913.0401,1337.0001,625.5832,5.1706,63.7984,90.4737,62.3878,12.066,5.6457
MARKET_004,1 w/e 03/08/25,MFR_002,CAT_001,TM_005,BRAND_010,8302.2301,2005.0,669.3332,4.1408,72.5019,115.6855,65.9305,15.9223,5.3154
MARKET_005,1 w/e 03/08/25,MFR_001,CAT_001,TM_001,BRAND_011,90733.6701,20518.0,7379.5469,4.4221,99.9578,281.2494,109.7163,24.8106,8.9234
MARKET_005,1 w/e 03/08/25,MFR_001,CAT_001,TM_002,BRAND_012,65491.0001,15564.0,5652.5416,4.2079,98.1967,177.609,80.6129,19.1577,6.9577
MARKET_005,1 w/e 03/08/25,MFR_001,CAT_001,TM_003,BRAND_004,22661.06,7511.0,1457.8958,3.017,65.4056,83.0595,41.8779,13.8804,2.6942
MARKET_005,1 w/e 03/08/25,MFR_001,CAT_001,TM_003,BRAND_005,4301.24,620.0001,465.0001,6.9375,16.8253,16.8253,30.8994,4.454,3.3405
MARKET_005,1 w/e 03/08/25,MFR_002,CAT_001,TM_004,BRAND_009,88458.8,16761.3031,8154.123,5.2776,87.9834,131.1332,121.5233,23.0264,11.202
MARKET_005,1 w/e 03/08/25,MFR_002,CAT_001,TM_005,BRAND_010,127091.8101,29352.0,11355.8126,4.3299,95.5578,170.3467,160.7573,37.1271,14.3639
MARKET_005,1 w/e 03/08/25,MFR_002,CAT_001,TM_005,BRAND_008,351.2301,50.0,37.5,7.0246,1.2322,1.2322,34.4532,4.9047,3.6785
MARKET_001,1 w/e 03/09/24,MFR_001,CAT_001,TM_001,BRAND_001,296149.2738,98112.2464,20903.7544,3.0185,84.568,282.1165,117.6504,38.9768,8.3044
MARKET_001,1 w/e 03/09/24,MFR_001,CAT_001,TM_002,BRAND_002,214363.0834,68458.7122,15403.9959,3.1313,76.9484,143.412,93.5921,29.8895,6.7255
MARKET_002,1 w/e 03/09/24,MFR_001,CAT_001,TM_001,BRAND_001,58176.8021,23623.5036,2899.7436,2.4627,62.4496,77.9242,271.358,110.1887,13.5255
MARKET_002,1 w/e 03/09/24,MFR_001,CAT_001,TM_002,BRAND_002,44377.1881,18636.787,1949.6065,2.3812,51.1471,56.349,252.7323,106.1383,11.1032
MARKET_003,1 w/e 03/09/24,MFR_001,CAT_001,TM_001,BRAND_001,149487.9917,47740.7428,11347.3003,3.1312,88.0486,334.481,127.5331,40.7292,9.6808
MARKET_003,1 w/e 03/09/24,MFR_001,CAT_001,TM_002,BRAND_002,113281.5252,33116.9253,9129.9518,3.4207,84.1782,166.056,101.0877,29.5522,8.1472
MARKET_004,1 w/e 03/09/24,MFR_001,CAT_001,TM_001,BRAND_001,8705.0001,2922.0,542.0218,2.9791,83.1715,257.1238,60.443,20.2888,3.7635
MARKET_004,1 w/e 03/09/24,MFR_001,CAT_001,TM_002,BRAND_002,6177.79,2063.0001,433.7083,2.9946,72.0405,154.603,49.5231,16.5377,3.4767
MARKET_005,1 w/e 03/09/24,MFR_001,CAT_001,TM_001,BRAND_001,65646.08,19618.0,5221.8741,3.3462,98.7244,390.7219,80.3291,24.0059,6.3898
MARKET_005,1 w/e 03/09/24,MFR_001,CAT_001,TM_002,BRAND_002,42978.7,11790.0001,3511.0001,3.6454,98.2299,191.3455,52.8565,14.4997,4.3179
MARKET_001,1 w/e 03/15/25,MFR_001,CAT_001,TM_001,BRAND_011,307064.1168,87303.8207,20880.0542,3.5172,83.9345,167.1705,122.3765,34.7938,8.3215
MARKET_001,1 w/e 03/15/25,MFR_001,CAT_001,TM_001,BRAND_001,2452.2519,926.476,179.102,2.6469,0.6542,0.7974,125.3964,47.3755,9.1584
MARKET_001,1 w/e 03/15/25,MFR_001,CAT_001,TM_002,BRAND_012,275075.5387,74385.8298,20977.6083,3.698,79.7362,132.7148,115.4,31.2064,8.8005
MARKET_001,1 w/e 03/15/25,MFR_001,CAT_001,TM_002,BRAND_002,883.7466,387.3051,40.8026,2.2818,0.2835,0.2949,104.2683,45.6959,4.8141
MARKET_001,1 w/e 03/15/25,MFR_001,CAT_001,TM_002,BRAND_003,1516.0556,599.085,64.2931,2.5306,0.584,0.695,86.8332,34.313,3.6824
MARKET_001,1 w/e 03/15/25,MFR_001,CAT_001,TM_003,BRAND_004,157697.4436,48852.186,9961.5877,3.2281,57.2864,71.233,92.0836,28.5261,5.8168
MARKET_001,1 w/e 03/15/25,MFR_001,CAT_001,TM_003,BRAND_013,2974.0001,959.0001,197.4166,3.1011,3.3242,4.7918,29.927,9.6503,1.9866
MARKET_001,1 w/e 03/15/25,MFR_001,CAT_001,TM_003,BRAND_005,45831.0274,6673.911,5005.4333,6.8672,30.338,30.338,50.5337,7.3587,5.519
MARKET_001,1 w/e 03/15/25,MFR_001,CAT_001,TM_003,BRAND_006,4429.05,549.4991,361.1035,8.0602,5.7397,6.0297,25.8125,3.2025,2.1045
MARKET_001,1 w/e 03/15/25,MFR_002,CAT_001,TM_004,BRAND_007,1682.3408,628.124,73.6407,2.6784,0.2096,0.2096,268.5386,100.2624,11.7547
MARKET_001,1 w/e 03/15/25,MFR_002,CAT_001,TM_004,BRAND_009,299803.781,60318.7472,23590.8334,4.9703,65.3906,93.0347,153.3668,30.8565,12.0681
MARKET_001,1 w/e 03/15/25,MFR_002,CAT_001,TM_005,BRAND_010,440823.8125,123720.707,31627.9044,3.5631,77.3649,125.1917,190.6033,53.4943,13.6753
MARKET_001,1 w/e 03/15/25,MFR_002,CAT_001,TM_005,BRAND_008,4202.683,1317.421,243.8571,3.1901,1.1665,1.267,120.5188,37.7792,6.993
MARKET_002,1 w/e 03/15/25,MFR_001,CAT_001,TM_001,BRAND_011,80402.7863,31018.3973,3234.958,2.5921,66.3185,66.3838,348.372,134.3976,14.0165
MARKET_002,1 w/e 03/15/25,MFR_001,CAT_001,TM_001,BRAND_001,2078.9435,834.238,146.5117,2.492,4.422,5.6525,135.0919,54.2097,9.5205
MARKET_002,1 w/e 03/15/25,MFR_001,CAT_001,TM_002,BRAND_012,60100.254,22990.5827,2441.8329,2.6141,55.0357,55.107,313.7898,120.0363,12.7491
MARKET_002,1 w/e 03/15/25,MFR_001,CAT_001,TM_002,BRAND_002,883.7466,387.3051,40.8026,2.2818,2.4355,2.5328,104.2683,45.6959,4.8141
MARKET_002,1 w/e 03/15/25,MFR_001,CAT_001,TM_002,BRAND_003,971.1017,407.4881,39.2801,2.3831,3.0217,3.1114,92.3478,38.7504,3.7354
MARKET_002,1 w/e 03/15/25,MFR_001,CAT_001,TM_003,BRAND_004,62168.93,23467.1066,2490.6685,2.6492,48.5519,50.5082,367.938,138.8867,14.7407
MARKET_002,1 w/e 03/15/25,MFR_002,CAT_001,TM_004,BRAND_007,1590.47,615.41,64.1053,2.5844,0.8279,0.8279,552.0357,213.6024,22.2503
MARKET_002,1 w/e 03/15/25,MFR_002,CAT_001,TM_004,BRAND_009,36520.3904,14625.787,1569.1236,2.497,23.3573,23.5274,449.2832,179.9302,19.3038
MARKET_002,1 w/e 03/15/25,MFR_002,CAT_001,TM_005,BRAND_010,126137.7122,49213.5812,5322.353,2.5631,65.9666,68.1779,549.4492,214.3718,23.1839
MARKET_002,1 w/e 03/15/25,MFR_002,CAT_001,TM_005,BRAND_008,2642.4393,1032.1831,107.519,2.56,2.2101,2.2101,343.5621,134.2014,13.9793
MARKET_003,1 w/e 03/15/25,MFR_001,CAT_001,TM_001,BRAND_011,124711.3007,30786.4234,10270.6065,4.0509,89.3114,158.2749,103.8639,25.64,8.5537
MARKET_003,1 w/e 03/15/25,MFR_001,CAT_001,TM_001,BRAND_001,361.4284,89.238,31.9915,4.0502,0.2448,0.2449,109.7999,27.11,9.7188
MARKET_003,1 w/e 03/15/25,MFR_001,CAT_001,TM_002,BRAND_012,138098.4447,31731.2473,12474.2337,4.3521,87.1574,152.1372,117.8556,27.08,10.6457
MARKET_003,1 w/e 03/15/25,MFR_001,CAT_001,TM_002,BRAND_003,531.264,187.5971,24.4661,2.8319,0.4866,0.71,81.2169,28.6789,3.7403
MARKET_003,1 w/e 03/15/25,MFR_001,CAT_001,TM_003,BRAND_004,58741.2735,12948.0794,5320.3567,4.5367,64.7401,81.4091,67.4894,14.8764,6.1127
MARKET_003,1 w/e 03/15/25,MFR_001,CAT_001,TM_003,BRAND_005,40138.6374,5888.911,4416.6832,6.816,52.9349,52.9349,56.4009,8.2748,6.2061
MARKET_003,1 w/e 03/15/25,MFR_001,CAT_001,TM_003,BRAND_006,4429.05,549.4991,361.1035,8.0602,12.7628,13.4077,25.8125,3.2025,2.1045
MARKET_003,1 w/e 03/15/25,MFR_002,CAT_001,TM_004,BRAND_007,91.8708,12.714,9.5355,7.226,0.2517,0.2517,27.151,3.7574,2.8181
MARKET_003,1 w/e 03/15/25,MFR_002,CAT_001,TM_004,BRAND_009,168128.9307,27160.3374,13600.8466,6.1902,76.8087,108.8002,162.8162,26.3021,13.1711
MARKET_003,1 w/e 03/15/25,MFR_002,CAT_001,TM_005,BRAND_010,184912.5304,42345.1258,15470.7805,4.3668,84.8894,144.8838,162.0238,37.1036,13.5558
MARKET_003,1 w/e 03/15/25,MFR_002,CAT_001,TM_005,BRAND_008,1221.1339,235.238,100.7756,5.1911,1.2481,1.4716,72.7753,14.0194,6.0059
MARKET_004,1 w/e 03/15/25,MFR_001,CAT_001,TM_001,BRAND_011,12767.2701,2577.0,892.7449,4.9543,96.211,220.1753,76.4037,15.4216,5.3425
MARKET_004,1 w/e 03/15/25,MFR_001,CAT_001,TM_001,BRAND_001,6.3901,1.0001,0.3906,6.39,0.4111,0.4111,8.9496,1.4006,0.5471
MARKET_004,1 w/e 03/15/25,MFR_001,CAT_001,TM_002,BRAND_012,7972.55,1723.0,664.5,4.6271,82.3303,124.0636,55.7543,12.0494,4.647
MARKET_004,1 w/e 03/15/25,MFR_001,CAT_001,TM_003,BRAND_004,1288.52,302.0001,99.2708,4.2666,22.0035,25.5508,33.7163,7.9023,2.5976
MARKET_004,1 w/e 03/15/25,MFR_001,CAT_001,TM_003,BRAND_005,375.53,48.0001,36.0,7.8235,10.5183,10.5183,20.5561,2.6275,1.9706
MARKET_004,1 w/e 03/15/25,MFR_002,CAT_001,TM_004,BRAND_009,6807.69,1310.3317,660.4778,5.1954,64.8049,89.223,60.4829,11.6416,5.868
MARKET_004,1 w/e 03/15/25,MFR_002,CAT_001,TM_005,BRAND_010,7993.84,1924.0,703.5208,4.1548,72.7478,114.7364,63.2669,15.2274,5.568
MARKET_005,1 w/e 03/15/25,MFR_001,CAT_001,TM_001,BRAND_011,82339.84,19509.0,6468.8802,4.2206,99.9578,281.0613,99.5664,23.5905,7.8223
MARKET_005,1 w/e 03/15/25,MFR_001,CAT_001,TM_002,BRAND_012,61502.3201,15014.0001,5200.6458,4.0963,98.4318,180.0559,75.5223,18.4366,6.3862
MARKET_005,1 w/e 03/15/25,MFR_001,CAT_001,TM_003,BRAND_004,27908.0801,9281.0001,1790.1666,3.007,71.3393,97.7079,47.2847,15.7248,3.0331
MARKET_005,1 w/e 03/15/25,MFR_001,CAT_001,TM_003,BRAND_013,3397.72,1087.0001,227.5417,3.1258,12.7621,18.076,32.1798,10.295,2.155
MARKET_005,1 w/e 03/15/25,MFR_001,CAT_001,TM_003,BRAND_005,5595.7,806.0,604.5,6.9426,27.2324,27.2324,24.8364,3.5774,2.6831
MARKET_005,1 w/e 03/15/25,MFR_002,CAT_001,TM_004,BRAND_009,87568.41,16012.3041,8265.3322,5.4688,89.658,132.1322,118.0532,21.5866,11.1427
MARKET_005,1 w/e 03/15/25,MFR_002,CAT_001,TM_005,BRAND_010,112141.13,26189.0,10016.8958,4.282,95.9846,166.732,141.2157,32.979,12.614
MARKET_005,1 w/e 03/15/25,MFR_002,CAT_001,TM_005,BRAND_008,320.6201,46.0,34.5,6.97,1.2322,1.2322,31.4506,4.5123,3.3842
MARKET_001,1 w/e 03/16/24,MFR_001,CAT_001,TM_001,BRAND_001,266303.174,86414.2606,18485.9672,3.0817,85.2952,289.8488,104.8325,34.0177,7.2772
MARKET_001,1 w/e 03/16/24,MFR_001,CAT_001,TM_002,BRAND_002,179835.2933,57135.8996,12400.7463,3.1475,77.8424,143.593,77.5716,24.6455,5.349
MARKET_002,1 w/e 03/16/24,MFR_001,CAT_001,TM_001,BRAND_001,53881.8446,22383.4664,2531.5818,2.4072,66.6413,80.5652,235.5172,97.838,11.0655
MARKET_002,1 w/e 03/16/24,MFR_001,CAT_001,TM_002,BRAND_002,39419.1234,16003.4531,1704.1012,2.4632,54.2453,59.118,211.6744,85.936,9.1508
MARKET_003,1 w/e 03/16/24,MFR_001,CAT_001,TM_001,BRAND_001,133912.9294,40732.7942,10034.7425,3.2876,88.3109,342.9847,113.7627,34.6036,8.5248
MARKET_003,1 w/e 03/16/24,MFR_001,CAT_001,TM_002,BRAND_002,91952.9497,26575.1966,7047.3742,3.4601,84.7981,162.9937,81.3525,23.5116,6.2349
MARKET_004,1 w/e 03/16/24,MFR_001,CAT_001,TM_001,BRAND_001,8460.02,2724.0001,572.0449,3.1057,84.5711,270.2593,57.7698,18.601,3.9062
MARKET_004,1 w/e 03/16/24,MFR_001,CAT_001,TM_002,BRAND_002,6419.92,2089.0,489.8543,3.0732,73.9024,161.6788,50.1675,16.3242,3.8279
MARKET_005,1 w/e 03/16/24,MFR_001,CAT_001,TM_001,BRAND_001,55679.54,16648.0,4422.25,3.3445,99.5088,401.0039,67.5962,20.2111,5.3687
MARKET_005,1 w/e 03/16/24,MFR_001,CAT_001,TM_002,BRAND_002,35073.88,9750.0,2837.1875,3.5973,98.652,193.29,42.9503,11.9395,3.4743
MARKET_001,1 w/e 03/22/25,MFR_001,CAT_001,TM_001,BRAND_011,292576.3628,85590.5161,19255.9092,3.4183,84.4545,168.9431,115.8575,33.893,7.6252
MARKET_001,1 w/e 03/22/25,MFR_001,CAT_001,TM_001,BRAND_001,2830.9732,1020.598,188.4268,2.7738,0.6929,0.8464,136.6445,49.2619,9.0949
MARKET_001,1 w/e 03/22/25,MFR_001,CAT_001,TM_002,BRAND_012,257925.3872,72056.5252,18622.9114,3.5795,80.4087,135.0535,107.275,29.9694,7.7455
MARKET_001,1 w/e 03/22/25,MFR_001,CAT_001,TM_002,BRAND_002,702.0284,293.6921,31.1346,2.3904,0.2385,0.2498,98.446,41.1847,4.366
MARKET_001,1 w/e 03/22/25,MFR_001,CAT_001,TM_002,BRAND_003,1487.2864,599.2291,64.6778,2.482,0.6017,0.7117,82.6642,33.3055,3.5948
MARKET_001,1 w/e 03/22/25,MFR_001,CAT_001,TM_003,BRAND_004,168999.4578,51350.6572,10549.1394,3.2911,62.2981,82.4384,90.7231,27.5663,5.663
MARKET_001,1 w/e 03/22/25,MFR_001,CAT_001,TM_003,BRAND_013,107976.26,29162.0,8478.8542,3.7026,21.5655,38.1576,167.4467,45.2237,13.1488
MARKET_001,1 w/e 03/22/25,MFR_001,CAT_001,TM_003,BRAND_005,47963.6131,6739.5425,5054.6568,7.1167,39.8453,39.8453,40.2571,5.6567,4.2425
MARKET_001,1 w/e 03/22/25,MFR_001,CAT_001,TM_003,BRAND_006,2912.97,347.4993,230.2703,8.3827,4.667,4.7974,20.8742,2.4902,1.6501
MARKET_001,1 w/e 03/22/25,MFR_002,CAT_001,TM_004,BRAND_007,1695.6835,631.3861,75.2722,2.6857,0.2129,0.2129,266.4116,99.1981,11.8261
MARKET_001,1 w/e 03/22/25,MFR_002,CAT_001,TM_004,BRAND_009,278795.819,57043.8331,22663.0716,4.8874,68.7496,97.0028,135.62,27.7489,11.0244
MARKET_001,1 w/e 03/22/25,MFR_002,CAT_001,TM_005,BRAND_010,404905.2942,112090.5734,28815.0836,3.6123,78.0998,125.568,173.3849,47.9984,12.3389
MARKET_001,1 w/e 03/22/25,MFR_002,CAT_001,TM_005,BRAND_008,5265.9722,1690.9626,274.2787,3.1142,1.1319,1.2324,155.5941,49.963,8.1041
MARKET_002,1 w/e 03/22/25,MFR_001,CAT_001,TM_001,BRAND_011,79273.2635,30440.562,3178.6421,2.6042,68.7707,68.9099,330.4801,126.9028,13.2514
MARKET_002,1 w/e 03/22/25,MFR_001,CAT_001,TM_001,BRAND_001,2458.2548,929.3601,155.5167,2.6451,4.7259,6.0417,149.1316,56.3802,9.4345
MARKET_002,1 w/e 03/22/25,MFR_001,CAT_001,TM_002,BRAND_012,61178.2053,23700.094,2478.4474,2.5813,57.223,57.3739,306.5125,118.7412,12.4174
MARKET_002,1 w/e 03/22/25,MFR_001,CAT_001,TM_002,BRAND_002,691.3684,291.692,29.6346,2.3702,1.9808,2.0779,100.0663,42.2185,4.2892
MARKET_002,1 w/e 03/22/25,MFR_001,CAT_001,TM_002,BRAND_003,955.6424,411.6321,40.17,2.3216,3.1632,3.2449,86.6144,37.3081,3.6408
MARKET_002,1 w/e 03/22/25,MFR_001,CAT_001,TM_003,BRAND_004,65752.1056,24653.083,2609.3009,2.6671,49.4402,51.4523,381.2868,142.9596,15.131
MARKET_002,1 w/e 03/22/25,MFR_002,CAT_001,TM_004,BRAND_007,1593.8226,616.672,64.2367,2.5846,0.8277,0.8277,552.0688,213.603,22.2503
MARKET_002,1 w/e 03/22/25,MFR_002,CAT_001,TM_004,BRAND_009,34579.0893,14022.5391,1507.7854,2.466,25.6502,25.8327,386.4959,156.7321,16.8528
MARKET_002,1 w/e 03/22/25,MFR_002,CAT_001,TM_005,BRAND_010,122502.9168,47229.9691,5164.0615,2.5938,67.3231,69.8853,521.6804,201.1295,21.9912
MARKET_002,1 w/e 03/22/25,MFR_002,CAT_001,TM_005,BRAND_008,3767.865,1419.869,148.5488,2.6537,2.2276,2.2275,484.9434,182.7444,19.119
MARKET_003,1 w/e 03/22/25,MFR_001,CAT_001,TM_001,BRAND_011,114412.6392,29025.954,8984.7672,3.9417,89.4607,159.6002,95.1278,24.1335,7.4703
MARKET_003,1 w/e 03/22/25,MFR_001,CAT_001,TM_001,BRAND_001,372.7184,91.2381,32.9102,4.0851,0.3149,0.3149,88.0319,21.5494,7.773
MARKET_003,1 w/e 03/22/25,MFR_001,CAT_001,TM_002,BRAND_012,120619.0521,28390.4312,10163.193,4.2486,87.7125,153.3096,102.2869,24.0755,8.6186
MARKET_003,1 w/e 03/22/25,MFR_001,CAT_001,TM_002,BRAND_003,519.224,182.597,23.9868,2.8436,0.3116,0.5351,123.9346,43.5844,5.7255
MARKET_003,1 w/e 03/22/25,MFR_001,CAT_001,TM_003,BRAND_004,59840.402,13075.5745,5074.9377,4.5765,67.7466,86.8658,65.7011,14.3562,5.572
MARKET_003,1 w/e 03/22/25,MFR_001,CAT_001,TM_003,BRAND_005,36797.733,5138.5425,3853.9068,7.1611,57.6871,57.6871,47.4469,6.6256,4.9692
MARKET_003,1 w/e 03/22/25,MFR_001,CAT_001,TM_003,BRAND_006,2912.97,347.4993,230.2703,8.3827,10.3799,10.67,20.8742,2.4902,1.6501
MARKET_003,1 w/e 03/22/25,MFR_002,CAT_001,TM_004,BRAND_007,101.8608,14.7141,11.0355,6.9227,0.2587,0.2587,29.288,4.2307,3.173
MARKET_003,1 w/e 03/22/25,MFR_002,CAT_001,TM_004,BRAND_009,151918.6098,25314.8486,13041.4731,6.0012,79.8904,111.4804,141.4432,23.5693,12.1422
MARKET_003,1 w/e 03/22/25,MFR_002,CAT_001,TM_005,BRAND_010,165984.4874,36005.1042,13757.1053,4.61,85.4382,143.3593,144.5045,31.3457,11.9768
MARKET_003,1 w/e 03/22/25,MFR_002,CAT_001,TM_005,BRAND_008,1345.4873,247.0936,109.6672,5.4453,1.3911,1.6146,71.9447,13.2124,5.864
MARKET_004,1 w/e 03/22/25,MFR_001,CAT_001,TM_001,BRAND_011,13773.35,2884.0,993.5052,4.7758,96.6464,229.2764,82.0531,17.1811,5.9187
MARKET_004,1 w/e 03/22/25,MFR_001,CAT_001,TM_002,BRAND_012,9297.73,2000.0001,801.2082,4.6489,82.1948,127.1015,65.1289,14.0096,5.6123
MARKET_004,1 w/e 03/22/25,MFR_001,CAT_001,TM_003,BRAND_004,1774.89,394.0,158.5832,4.5048,25.7482,32.4534,39.6886,8.8103,3.5461
MARKET_004,1 w/e 03/22/25,MFR_001,CAT_001,TM_003,BRAND_005,846.5101,124.0001,93.0,6.8267,13.9876,13.9876,34.8443,5.1041,3.8281
MARKET_004,1 w/e 03/22/25,MFR_002,CAT_001,TM_004,BRAND_009,6514.1801,1241.9968,591.7892,5.2449,67.2465,87.9523,55.7739,10.6339,5.0668
MARKET_004,1 w/e 03/22/25,MFR_002,CAT_001,TM_005,BRAND_010,7190.4,1834.0001,599.8542,3.9206,73.7997,113.6202,56.0969,14.3082,4.6798
MARKET_005,1 w/e 03/22/25,MFR_001,CAT_001,TM_001,BRAND_011,75481.3001,18869.0,5812.0209,4.0003,99.7201,280.6101,91.4905,22.871,7.0447
MARKET_005,1 w/e 03/22/25,MFR_001,CAT_001,TM_002,BRAND_012,59132.17,14826.0001,4916.9166,3.9884,98.2271,184.2826,72.7632,18.2437,6.0504
MARKET_005,1 w/e 03/22/25,MFR_001,CAT_001,TM_002,BRAND_003,2.3801,1.0001,0.1043,2.38,0.2796,0.2796,1.0288,0.4323,0.045
MARKET_005,1 w/e 03/22/25,MFR_001,CAT_001,TM_003,BRAND_004,32440.36,9865.0,2305.5,3.2884,82.1862,127.3205,47.7097,14.5083,3.3907
MARKET_005,1 w/e 03/22/25,MFR_001,CAT_001,TM_003,BRAND_013,111929.0801,29886.0,8868.7916,3.7452,82.0652,142.348,164.8555,44.0178,13.0625
MARKET_005,1 w/e 03/22/25,MFR_001,CAT_001,TM_003,BRAND_005,11553.09,1671.0001,1253.25,6.9139,55.4271,55.4271,25.1939,3.644,2.733
MARKET_005,1 w/e 03/22/25,MFR_002,CAT_001,TM_004,BRAND_009,85199.64,15446.3008,8057.8299,5.5159,95.6858,141.2788,107.6241,19.5118,10.1786
MARKET_005,1 w/e 03/22/25,MFR_002,CAT_001,TM_005,BRAND_010,100987.8301,23270.0001,9158.0625,4.3398,97.1222,170.9399,125.6811,28.9599,11.3974
MARKET_005,1 w/e 03/22/25,MFR_002,CAT_001,TM_005,BRAND_008,146.37,21.0,15.75,6.97,0.8835,0.8835,20.0238,2.8729,2.1546
MARKET_001,1 w/e 03/23/24,MFR_001,CAT_001,TM_001,BRAND_001,244823.4426,80356.45,17307.9702,3.0467,85.8404,289.9704,95.733,31.4217,6.7679
MARKET_001,1 w/e 03/23/24,MFR_001,CAT_001,TM_002,BRAND_002,173590.4237,55237.8666,11858.3268,3.1426,78.3517,144.1818,74.3665,23.664,5.0801
MARKET_002,1 w/e 03/23/24,MFR_001,CAT_001,TM_001,BRAND_001,60880.5885,24999.3936,2886.1755,2.4353,68.215,82.9225,259.243,106.4529,12.29
MARKET_002,1 w/e 03/23/24,MFR_001,CAT_001,TM_002,BRAND_002,46632.9974,19022.269,1996.3837,2.4515,58.4407,64.5726,231.7852,94.5485,9.9228
MARKET_003,1 w/e 03/23/24,MFR_001,CAT_001,TM_001,BRAND_001,116923.9042,35268.0565,9425.0228,3.3153,88.8042,346.1267,98.7783,29.7948,7.9623
MARKET_003,1 w/e 03/23/24,MFR_001,CAT_001,TM_002,BRAND_002,83021.3563,22921.5976,6555.6725,3.622,84.1391,163.1192,74.0259,20.438,5.8454
MARKET_004,1 w/e 03/23/24,MFR_001,CAT_001,TM_001,BRAND_001,7993.06,2483.0,536.7709,3.2191,87.8215,275.2366,52.561,16.3278,3.5297
MARKET_004,1 w/e 03/23/24,MFR_001,CAT_001,TM_002,BRAND_002,6478.4101,1988.0,495.8332,3.2588,77.5419,156.8704,48.2484,14.8058,3.6928
MARKET_005,1 w/e 03/23/24,MFR_001,CAT_001,TM_001,BRAND_001,45093.05,13511.0,3577.8636,3.3375,99.4247,394.6467,54.7903,16.4165,4.3473
MARKET_005,1 w/e 03/23/24,MFR_001,CAT_001,TM_002,BRAND_002,29788.5601,8368.0,2396.5001,3.5598,98.7132,193.1949,36.4554,10.2408,2.9329
MARKET_001,1 w/e 03/29/25,MFR_001,CAT_001,TM_001,BRAND_011,291491.3494,85817.0843,19050.0473,3.3967,84.4879,169.5265,115.3846,33.97,7.5408
MARKET_001,1 w/e 03/29/25,MFR_001,CAT_001,TM_001,BRAND_001,2554.2195,900.466,172.877,2.8366,0.5887,0.7345,145.103,51.1547,9.821
MARKET_001,1 w/e 03/29/25,MFR_001,CAT_001,TM_002,BRAND_012,268764.052,76092.8326,19359.3909,3.5321,80.3816,137.1589,111.823,31.6595,8.0547
MARKET_001,1 w/e 03/29/25,MFR_001,CAT_001,TM_002,BRAND_002,760.4238,300.6791,34.1124,2.529,0.2667,0.278,95.3617,37.707,4.2779
MARKET_001,1 w/e 03/29/25,MFR_001,CAT_001,TM_002,BRAND_003,1430.7091,581.914,61.848,2.4586,0.5414,0.6669,88.3841,35.9486,3.8208
MARKET_001,1 w/e 03/29/25,MFR_001,CAT_001,TM_003,BRAND_004,184517.1932,53956.3066,11865.5266,3.4198,66.7336,89.9963,92.4717,27.0405,5.9465
MARKET_001,1 w/e 03/29/25,MFR_001,CAT_001,TM_003,BRAND_013,197737.9101,50951.0,16095.3958,3.8809,23.2233,42.8435,284.762,73.3744,23.179
MARKET_001,1 w/e 03/29/25,MFR_001,CAT_001,TM_003,BRAND_005,62669.7585,8711.9534,6533.965,7.1935,47.2897,47.2897,44.3209,6.1612,4.6209
MARKET_001,1 w/e 03/29/25,MFR_001,CAT_001,TM_003,BRAND_006,1927.76,233.9998,152.2498,8.2383,3.625,3.6994,17.7855,2.1589,1.4047
MARKET_001,1 w/e 03/29/25,MFR_002,CAT_001,TM_004,BRAND_007,1675.3996,628.268,73.0098,2.6667,0.197,0.197,284.4047,106.6506,12.3937
MARKET_001,1 w/e 03/29/25,MFR_002,CAT_001,TM_004,BRAND_009,282024.4041,56604.6522,23329.6514,4.9824,69.798,97.2042,135.1327,27.1223,11.1785
MARKET_001,1 w/e 03/29/25,MFR_002,CAT_001,TM_005,BRAND_010,402685.7513,113797.1095,28574.4136,3.5386,79.0841,127.2631,170.2919,48.1237,12.0838
MARKET_001,1 w/e 03/29/25,MFR_002,CAT_001,TM_005,BRAND_008,3726.2789,1305.546,185.5285,2.8542,0.821,0.9215,151.7913,53.1819,7.5576
MARKET_002,1 w/e 03/29/25,MFR_001,CAT_001,TM_001,BRAND_011,78135.1327,29681.0207,3183.9567,2.6325,68.1185,68.8711,328.8874,124.9337,13.402
MARKET_002,1 w/e 03/29/25,MFR_001,CAT_001,TM_001,BRAND_001,2192.7911,811.228,140.8855,2.7031,4.1033,5.3533,153.2231,56.6852,9.8445
MARKET_002,1 w/e 03/29/25,MFR_001,CAT_001,TM_002,BRAND_012,66368.9947,25771.1624,2694.1836,2.5753,57.0775,57.2745,333.4005,129.4598,13.5341
MARKET_002,1 w/e 03/29/25,MFR_001,CAT_001,TM_002,BRAND_002,757.4338,299.6791,34.0083,2.5275,2.0962,2.1933,103.6034,40.9907,4.6517
MARKET_002,1 w/e 03/29/25,MFR_001,CAT_001,TM_002,BRAND_003,954.9424,418.632,39.4825,2.2811,3.0628,3.2271,89.3965,39.19,3.6961
MARKET_002,1 w/e 03/29/25,MFR_001,CAT_001,TM_003,BRAND_004,70929.3806,26689.2951,2821.6516,2.6576,56.1616,58.5101,362.1198,136.2584,14.4055
MARKET_002,1 w/e 03/29/25,MFR_002,CAT_001,TM_004,BRAND_007,1593.5188,616.5541,64.2244,2.5846,0.8276,0.8276,552.0592,213.5992,22.2499
MARKET_002,1 w/e 03/29/25,MFR_002,CAT_001,TM_004,BRAND_009,34989.5188,14195.6086,1513.4593,2.4648,24.6975,24.806,406.2111,164.804,17.5705
MARKET_002,1 w/e 03/29/25,MFR_002,CAT_001,TM_005,BRAND_010,128687.2579,51018.05,5457.1095,2.5224,66.5882,68.2917,554.1202,219.6809,23.498
MARKET_002,1 w/e 03/29/25,MFR_002,CAT_001,TM_005,BRAND_008,2848.7831,1101.708,115.407,2.5858,2.2399,2.2399,364.6582,141.024,14.7727
MARKET_003,1 w/e 03/29/25,MFR_001,CAT_001,TM_001,BRAND_011,120742.4066,31632.0637,9245.1947,3.8171,89.428,162.4203,100.4273,26.3099,7.6897
MARKET_003,1 w/e 03/29/25,MFR_001,CAT_001,TM_001,BRAND_001,361.4284,89.238,31.9915,4.0502,0.2448,0.2449,109.7999,27.11,9.7188
MARKET_003,1 w/e 03/29/25,MFR_001,CAT_001,TM_002,BRAND_012,125629.0075,30399.0036,10611.8114,4.1327,87.802,157.44,106.4268,25.7526,8.9898
MARKET_003,1 w/e 03/29/25,MFR_001,CAT_001,TM_002,BRAND_002,2.99,1.0001,0.1043,2.99,0.0493,0.0493,4.5084,1.5078,0.1571
MARKET_003,1 w/e 03/29/25,MFR_001,CAT_001,TM_002,BRAND_003,454.2367,157.2821,21.4803,2.888,0.3631,0.5866,93.0527,32.22,4.4003
MARKET_003,1 w/e 03/29/25,MFR_001,CAT_001,TM_003,BRAND_004,63439.9526,13204.0117,5426.4998,4.8046,71.4724,92.5079,66.0222,13.7415,5.6474
MARKET_003,1 w/e 03/29/25,MFR_001,CAT_001,TM_003,BRAND_013,10.9901,1.0001,0.75,10.99,0.102,0.102,8.0125,0.7291,0.5468
MARKET_003,1 w/e 03/29/25,MFR_001,CAT_001,TM_003,BRAND_005,41777.9585,5737.9534,4303.4651,7.281,61.6126,61.6126,50.4363,6.9271,5.1953
MARKET_003,1 w/e 03/29/25,MFR_001,CAT_001,TM_003,BRAND_006,1927.76,233.9998,152.2498,8.2383,8.0622,8.2277,17.7855,2.1589,1.4047
MARKET_003,1 w/e 03/29/25,MFR_002,CAT_001,TM_004,BRAND_007,81.8808,11.714,8.7855,6.99,0.2235,0.2235,27.2528,3.8988,2.9241
MARKET_003,1 w/e 03/29/25,MFR_002,CAT_001,TM_004,BRAND_009,155451.1152,25232.7607,13578.1674,6.1607,82.551,113.5328,140.0674,22.7357,12.2344
MARKET_003,1 w/e 03/29/25,MFR_002,CAT_001,TM_005,BRAND_010,160653.4934,34873.393,13463.6584,4.6068,87.1493,143.6066,137.1173,29.7643,11.4912
MARKET_003,1 w/e 03/29/25,MFR_002,CAT_001,TM_005,BRAND_008,801.2059,185.838,63.7256,4.3113,1.0805,1.304,55.1559,12.7933,4.3869
MARKET_004,1 w/e 03/29/25,MFR_001,CAT_001,TM_001,BRAND_011,11710.3001,2569.0,806.5157,4.5583,97.7724,228.4394,68.9593,15.1283,4.7494
MARKET_004,1 w/e 03/29/25,MFR_001,CAT_001,TM_002,BRAND_012,7329.86,1608.0,600.2082,4.5584,81.5237,122.1163,51.767,11.3565,4.239
MARKET_004,1 w/e 03/29/25,MFR_001,CAT_001,TM_003,BRAND_004,1682.7801,402.0001,126.4792,4.186,25.758,30.6846,37.6146,8.9858,2.8271
MARKET_004,1 w/e 03/29/25,MFR_001,CAT_001,TM_003,BRAND_005,703.21,91.0,68.25,7.7276,14.3639,14.3639,28.1873,3.6476,2.7357
MARKET_004,1 w/e 03/29/25,MFR_002,CAT_001,TM_004,BRAND_009,6337.98,1241.331,591.9358,5.1058,68.0241,87.0117,53.645,10.5067,5.0102
MARKET_004,1 w/e 03/29/25,MFR_002,CAT_001,TM_005,BRAND_010,6596.5101,1723.3332,541.3958,3.8278,73.0776,113.2389,51.9722,13.5777,4.2655
MARKET_005,1 w/e 03/29/25,MFR_001,CAT_001,TM_001,BRAND_011,70307.93,17425.0,5491.3125,4.0349,100.0,278.7639,84.9814,21.0616,6.6374
MARKET_005,1 w/e 03/29/25,MFR_001,CAT_001,TM_002,BRAND_012,60145.1001,14673.0,5091.5,4.099,98.5459,185.1732,73.7702,17.997,6.2449
MARKET_005,1 w/e 03/29/25,MFR_001,CAT_001,TM_003,BRAND_004,39561.9401,10272.0,3211.5,3.8514,90.3171,146.1038,52.9452,13.7469,4.2979
MARKET_005,1 w/e 03/29/25,MFR_001,CAT_001,TM_003,BRAND_013,207733.2201,52641.0,17115.5418,3.9462,93.5467,168.7208,268.4088,68.0166,22.1147
MARKET_005,1 w/e 03/29/25,MFR_001,CAT_001,TM_003,BRAND_005,22347.6601,3215.0001,2411.2501,6.9511,77.0285,77.0285,35.0671,5.0449,3.7836
MARKET_005,1 w/e 03/29/25,MFR_002,CAT_001,TM_004,BRAND_009,85806.66,15037.2981,8207.0361,5.7063,95.5718,139.1983,108.5202,19.0178,10.3795
MARKET_005,1 w/e 03/29/25,MFR_002,CAT_001,TM_005,BRAND_010,98747.58,22723.0,8944.1458,4.3457,98.1362,176.6331,121.6233,27.987,11.0161
MARKET_005,1 w/e 03/29/25,MFR_002,CAT_001,TM_005,BRAND_008,48.7901,7.0001,5.25,6.97,0.2633,0.2633,22.3941,3.2129,2.4097
MARKET_001,1 w/e 03/30/24,MFR_001,CAT_001,TM_001,BRAND_001,235989.2809,75559.6145,17490.3374,3.1232,86.3232,287.17,91.7607,29.3802,6.8008
MARKET_001,1 w/e 03/30/24,MFR_001,CAT_001,TM_002,BRAND_002,172150.8712,54228.1524,14304.0185,3.1746,78.9094,145.5104,73.2272,23.0668,6.0845
MARKET_002,1 w/e 03/30/24,MFR_001,CAT_001,TM_001,BRAND_001,56717.7686,23195.2801,2637.5825,2.4452,70.5779,87.6936,233.4331,95.4647,10.8555
MARKET_002,1 w/e 03/30/24,MFR_001,CAT_001,TM_002,BRAND_002,37975.3477,15909.6366,1668.7204,2.3869,57.4192,63.495,192.1126,80.4849,8.4419
MARKET_003,1 w/e 03/30/24,MFR_001,CAT_001,TM_001,BRAND_001,116881.5123,33416.0013,10170.3914,3.4978,89.1615,346.2581,98.3468,28.117,8.5576
MARKET_003,1 w/e 03/30/24,MFR_001,CAT_001,TM_002,BRAND_002,93599.4336,25696.5158,9641.6523,3.6425,85.7664,168.454,81.8743,22.4775,8.4338
MARKET_004,1 w/e 03/30/24,MFR_001,CAT_001,TM_001,BRAND_001,7766.68,2451.0,544.2916,3.1688,87.6534,285.283,51.1703,16.1483,3.586
MARKET_004,1 w/e 03/30/24,MFR_001,CAT_001,TM_002,BRAND_002,6281.09,1974.0,484.2916,3.1819,78.885,164.5476,45.9824,14.4512,3.5454
MARKET_005,1 w/e 03/30/24,MFR_001,CAT_001,TM_001,BRAND_001,41227.1801,12403.0,3254.6323,3.324,99.6664,381.1947,49.9716,15.0337,3.9449
MARKET_005,1 w/e 03/30/24,MFR_001,CAT_001,TM_002,BRAND_002,27029.9901,7759.0001,2142.5417,3.4837,97.984,188.1946,33.3257,9.5662,2.6416
MARKET_001,1 w/e 04/05/25,MFR_001,CAT_001,TM_001,BRAND_011,250510.706,73249.9384,16322.9063,3.4199,83.6333,165.6483,100.1825,29.2936,6.5277
MARKET_001,1 w/e 04/05/25,MFR_001,CAT_001,TM_001,BRAND_001,2340.4386,813.7821,163.0562,2.876,0.4902,0.6109,159.6904,55.5251,11.1255
MARKET_001,1 w/e 04/05/25,MFR_001,CAT_001,TM_002,BRAND_012,221812.602,61275.4132,16253.0872,3.6199,79.42,132.4506,93.4116,25.8048,6.8446
MARKET_001,1 w/e 04/05/25,MFR_001,CAT_001,TM_002,BRAND_002,710.0361,292.291,30.7387,2.4292,0.2489,0.2619,95.3952,39.2701,4.1298
MARKET_001,1 w/e 04/05/25,MFR_001,CAT_001,TM_002,BRAND_003,1316.8658,558.0061,60.6754,2.3599,0.4534,0.5616,97.1448,41.1639,4.476
MARKET_001,1 w/e 04/05/25,MFR_001,CAT_001,TM_003,BRAND_004,187012.9048,53259.119,12303.9526,3.5114,67.9162,91.0155,92.0965,26.228,6.0592
MARKET_001,1 w/e 04/05/25,MFR_001,CAT_001,TM_003,BRAND_013,142466.79,36010.0001,11564.3334,3.9563,23.2264,42.9027,205.1521,51.8544,16.6526
MARKET_001,1 w/e 04/05/25,MFR_001,CAT_001,TM_003,BRAND_005,70404.0319,9728.6006,7296.4505,7.2368,50.2019,50.2019,46.9054,6.4815,4.8611
MARKET_001,1 w/e 04/05/25,MFR_001,CAT_001,TM_003,BRAND_006,1654.76,185.9999,130.4582,8.8966,3.1538,3.2432,17.5485,1.9725,1.3835
MARKET_001,1 w/e 04/05/25,MFR_002,CAT_001,TM_004,BRAND_007,1686.5792,629.796,73.8149,2.678,0.2002,0.2002,281.7398,105.2062,12.3306
MARKET_001,1 w/e 04/05/25,MFR_002,CAT_001,TM_004,BRAND_009,268784.9531,52273.4892,21732.5935,5.1419,70.9243,97.7857,126.752,24.6508,10.2485
MARKET_001,1 w/e 04/05/25,MFR_002,CAT_001,TM_005,BRAND_010,389316.2346,109219.266,27857.4299,3.5645,80.2209,128.5112,162.3154,45.5362,11.6144
MARKET_001,1 w/e 04/05/25,MFR_002,CAT_001,TM_005,BRAND_008,4705.5196,1570.8111,227.7097,2.9956,0.7126,0.8131,220.8656,73.73,10.6881
MARKET_002,1 w/e 04/05/25,MFR_001,CAT_001,TM_001,BRAND_011,70943.2753,27225.379,2840.4978,2.6058,65.1194,65.1514,312.4778,119.9173,12.5113
MARKET_002,1 w/e 04/05/25,MFR_001,CAT_001,TM_001,BRAND_001,1976.5102,723.544,130.9607,2.7317,3.2464,4.2816,174.6312,63.9275,11.5708
MARKET_002,1 w/e 04/05/25,MFR_001,CAT_001,TM_002,BRAND_012,52450.3136,20645.828,2163.5238,2.5405,50.8055,51.0526,296.1116,116.5574,12.2143
MARKET_002,1 w/e 04/05/25,MFR_001,CAT_001,TM_002,BRAND_002,699.5461,290.291,29.8845,2.4098,1.9711,2.0818,101.7936,42.2413,4.3486
MARKET_002,1 w/e 04/05/25,MFR_001,CAT_001,TM_002,BRAND_003,862.3793,398.724,39.1171,2.1628,2.7222,2.7884,90.8657,42.0121,4.1216
MARKET_002,1 w/e 04/05/25,MFR_001,CAT_001,TM_003,BRAND_004,71801.5284,26520.683,2847.0052,2.7074,55.3439,58.2133,372.1195,137.4464,14.7549
MARKET_002,1 w/e 04/05/25,MFR_001,CAT_001,TM_003,BRAND_013,80.84,26.0,2.7083,3.1092,0.0265,0.0265,873.9459,281.0811,29.2789
MARKET_002,1 w/e 04/05/25,MFR_002,CAT_001,TM_004,BRAND_007,1602.1983,617.0821,64.9253,2.5964,0.8461,0.8461,543.1365,209.1874,22.0093
MARKET_002,1 w/e 04/05/25,MFR_002,CAT_001,TM_004,BRAND_009,32760.1445,13152.8671,1446.8554,2.4907,22.3274,22.3886,420.8495,168.9668,18.5869
MARKET_002,1 w/e 04/05/25,MFR_002,CAT_001,TM_005,BRAND_010,129796.5165,49592.857,5459.8008,2.6172,70.2265,72.2143,530.1275,202.5519,22.2994
MARKET_002,1 w/e 04/05/25,MFR_002,CAT_001,TM_005,BRAND_008,3573.9152,1354.445,141.088,2.6387,2.2287,2.2287,459.9456,174.3105,18.1573
MARKET_003,1 w/e 04/05/25,MFR_001,CAT_001,TM_001,BRAND_011,98841.4608,24850.8928,7637.0021,3.9774,89.061,158.1782,82.55,20.7549,6.3782
MARKET_003,1 w/e 04/05/25,MFR_001,CAT_001,TM_001,BRAND_001,361.4284,89.238,31.9915,4.0502,0.2448,0.2449,109.7999,27.11,9.7188
MARKET_003,1 w/e 04/05/25,MFR_001,CAT_001,TM_002,BRAND_012,101815.2584,23579.5852,8658.7508,4.3179,86.9563,150.7102,87.0919,20.1698,7.4066
MARKET_003,1 w/e 04/05/25,MFR_001,CAT_001,TM_002,BRAND_003,445.7466,155.2821,21.1416,2.8706,0.2654,0.4888,124.95,43.5281,5.9263
MARKET_003,1 w/e 04/05/25,MFR_001,CAT_001,TM_003,BRAND_004,61301.8965,12613.7694,5246.2601,4.8599,72.4584,91.0165,62.929,12.9486,5.3855
MARKET_003,1 w/e 04/05/25,MFR_001,CAT_001,TM_003,BRAND_013,43.9601,4.0,3.0,10.99,0.102,0.102,32.0502,2.9163,2.1872
MARKET_003,1 w/e 04/05/25,MFR_001,CAT_001,TM_003,BRAND_005,42749.2019,5755.6008,4316.7007,7.4274,64.1205,64.1205,49.5903,6.6767,5.0075
MARKET_003,1 w/e 04/05/25,MFR_001,CAT_001,TM_003,BRAND_006,1654.76,185.9999,130.4582,8.8966,7.0139,7.2127,17.5485,1.9725,1.3835
MARKET_003,1 w/e 04/05/25,MFR_002,CAT_001,TM_004,BRAND_007,81.8808,11.714,8.7855,6.99,0.2235,0.2235,27.2528,3.8988,2.9241
MARKET_003,1 w/e 04/05/25,MFR_002,CAT_001,TM_004,BRAND_009,142260.0387,22177.1818,11853.5744,6.4147,83.4962,113.3099,126.7307,19.7563,10.5596
MARKET_003,1 w/e 04/05/25,MFR_002,CAT_001,TM_005,BRAND_010,147273.818,32265.7424,12701.9416,4.5644,87.59,144.1705,125.0653,27.4001,10.7865
MARKET_003,1 w/e 04/05/25,MFR_002,CAT_001,TM_005,BRAND_008,1122.8546,215.3661,85.8716,5.2137,1.0049,1.2284,83.1092,15.9405,6.3559
MARKET_004,1 w/e 04/05/25,MFR_001,CAT_001,TM_001,BRAND_011,9436.4701,2033.0,693.6718,4.6416,96.5866,216.9158,55.9767,12.0597,4.1148
MARKET_004,1 w/e 04/05/25,MFR_001,CAT_001,TM_002,BRAND_012,7101.61,1455.0,641.7501,4.8808,85.2798,125.7545,47.7117,9.7753,4.3116
MARKET_004,1 w/e 04/05/25,MFR_001,CAT_001,TM_002,BRAND_002,7.9901,1.0001,0.75,7.99,0.2998,0.2998,15.2685,1.9109,1.4332
MARKET_004,1 w/e 04/05/25,MFR_001,CAT_001,TM_003,BRAND_004,1762.0201,394.0,147.6042,4.4721,29.2203,35.6149,34.5493,7.7255,2.8942
MARKET_004,1 w/e 04/05/25,MFR_001,CAT_001,TM_003,BRAND_005,989.3101,146.9998,110.2498,6.73,17.4911,17.4911,32.4062,4.8152,3.6114
MARKET_004,1 w/e 04/05/25,MFR_002,CAT_001,TM_004,BRAND_009,7098.4,1264.9998,653.604,5.6114,82.2057,103.5848,49.4735,8.8166,4.5554
MARKET_004,1 w/e 04/05/25,MFR_002,CAT_001,TM_005,BRAND_010,7199.9,1666.0,587.5209,4.3217,82.5721,123.5493,49.9583,11.5599,4.0767
MARKET_005,1 w/e 04/05/25,MFR_001,CAT_001,TM_001,BRAND_011,63407.08,15568.0001,4956.3072,4.0729,100.0,276.17,76.6403,18.8171,5.9907
MARKET_005,1 w/e 04/05/25,MFR_001,CAT_001,TM_002,BRAND_012,52732.68,12505.0001,4507.8751,4.2169,98.7405,182.0361,64.5511,15.3076,5.5182
MARKET_005,1 w/e 04/05/25,MFR_001,CAT_001,TM_003,BRAND_004,46268.5601,10930.0,3954.3334,4.2332,93.7877,150.3684,59.6293,14.0862,5.0962
MARKET_005,1 w/e 04/05/25,MFR_001,CAT_001,TM_003,BRAND_013,159555.01,39256.0,13137.2919,4.0645,94.5992,173.6464,203.8649,50.1577,16.7856
MARKET_005,1 w/e 04/05/25,MFR_001,CAT_001,TM_003,BRAND_005,30220.51,4314.0001,3235.5001,7.0052,83.2492,83.2492,43.8774,6.2635,4.6977
MARKET_005,1 w/e 04/05/25,MFR_002,CAT_001,TM_004,BRAND_009,86545.8501,14854.2997,8310.0373,5.8263,97.2756,140.8359,107.538,18.4573,10.3257
MARKET_005,1 w/e 04/05/25,MFR_002,CAT_001,TM_005,BRAND_010,97717.01,22337.0,8816.75,4.3747,98.9894,178.5331,119.3167,27.2744,10.7656
MARKET_001,1 w/e 04/06/24,MFR_001,CAT_001,TM_001,BRAND_001,210871.2207,66898.932,16016.1935,3.1521,85.9472,281.2598,82.3626,26.1296,6.2556
MARKET_001,1 w/e 04/06/24,MFR_001,CAT_001,TM_002,BRAND_002,145095.3226,46487.5767,11567.1918,3.1212,77.7574,141.3204,62.6407,20.0697,4.9938
MARKET_002,1 w/e 04/06/24,MFR_001,CAT_001,TM_001,BRAND_001,53755.4401,21351.4201,2513.7404,2.5177,68.9912,87.0287,226.3404,89.9014,10.5843
MARKET_002,1 w/e 04/06/24,MFR_001,CAT_001,TM_002,BRAND_002,37502.8228,15450.359,1622.0194,2.4273,54.6632,60.8657,199.2977,82.1064,8.6197
MARKET_003,1 w/e 04/06/24,MFR_001,CAT_001,TM_001,BRAND_001,102639.8107,28747.7622,9292.6381,3.5704,89.3368,344.4969,86.147,24.1284,7.7994
MARKET_003,1 w/e 04/06/24,MFR_001,CAT_001,TM_002,BRAND_002,74625.2398,20446.3015,7596.3187,3.6498,85.4455,165.5511,65.4864,17.9424,6.6661
MARKET_004,1 w/e 04/06/24,MFR_001,CAT_001,TM_001,BRAND_001,4750.8,1497.0,305.6582,3.1735,83.491,221.4929,32.8608,10.3546,2.1142
MARKET_004,1 w/e 04/06/24,MFR_001,CAT_001,TM_002,BRAND_002,3651.5801,1145.0,249.8751,3.1892,74.9038,144.6727,28.1532,8.8278,1.9265
MARKET_005,1 w/e 04/06/24,MFR_001,CAT_001,TM_001,BRAND_001,37055.34,11285.0,2907.5543,3.2836,99.9523,374.5636,44.7864,13.6395,3.5142
MARKET_005,1 w/e 04/06/24,MFR_001,CAT_001,TM_002,BRAND_002,22931.68,6768.0001,1771.6875,3.3883,96.557,183.7457,28.6907,8.4677,2.2166
MARKET_001,1 w/e 04/12/25,MFR_001,CAT_001,TM_001,BRAND_011,235570.6165,66796.1057,14777.472,3.5267,82.6934,160.7387,95.2575,27.0103,5.9756
MARKET_001,1 w/e 04/12/25,MFR_001,CAT_001,TM_001,BRAND_001,2252.4332,784.8141,154.0888,2.87,0.471,0.5917,159.8967,55.7127,10.9385
MARKET_001,1 w/e 04/12/25,MFR_001,CAT_001,TM_002,BRAND_012,204938.0149,56291.658,14139.3776,3.6406,78.5534,125.7726,87.2382,23.9623,6.0189
MARKET_001,1 w/e 04/12/25,MFR_001,CAT_001,TM_002,BRAND_002,694.6961,284.291,30.1553,2.4436,0.2204,0.2317,105.4087,43.1365,4.5756
MARKET_001,1 w/e 04/12/25,MFR_001,CAT_001,TM_002,BRAND_003,1268.7056,525.618,55.6356,2.4137,0.4945,0.6164,85.7987,35.546,3.7625
MARKET_001,1 w/e 04/12/25,MFR_001,CAT_001,TM_003,BRAND_004,218261.4862,63911.1031,13257.4566,3.4151,68.5222,92.0632,106.511,31.1884,6.4696
MARKET_001,1 w/e 04/12/25,MFR_001,CAT_001,TM_003,BRAND_013,121925.3205,31250.061,9220.7773,3.9016,23.6284,43.0245,172.5473,44.2247,13.0491
MARKET_001,1 w/e 04/12/25,MFR_001,CAT_001,TM_003,BRAND_005,69610.1142,9239.7848,6929.8386,7.5337,51.4989,51.4989,45.1984,5.9995,4.4996
MARKET_001,1 w/e 04/12/25,MFR_001,CAT_001,TM_003,BRAND_006,1940.32,206.0001,149.9793,9.419,2.5452,2.5452,25.4917,2.7064,1.9704
MARKET_001,1 w/e 04/12/25,MFR_002,CAT_001,TM_004,BRAND_007,1682.1014,628.9251,73.7513,2.6746,0.1985,0.1985,283.4015,105.9617,12.4257
MARKET_001,1 w/e 04/12/25,MFR_002,CAT_001,TM_004,BRAND_009,258263.7299,48405.6909,21641.1345,5.3354,70.991,96.0596,121.6491,22.8004,10.1936
MARKET_001,1 w/e 04/12/25,MFR_002,CAT_001,TM_005,BRAND_010,379971.0861,103569.5683,25957.9874,3.6688,80.432,128.4845,157.9686,43.0579,10.7917
MARKET_001,1 w/e 04/12/25,MFR_002,CAT_001,TM_005,BRAND_008,5628.4978,1760.037,287.2382,3.1979,0.6123,0.7131,307.3834,96.1191,15.6866
MARKET_002,1 w/e 04/12/25,MFR_001,CAT_001,TM_001,BRAND_011,68830.4441,25474.7371,2733.4597,2.7019,64.9045,65.0984,304.182,112.5803,12.08
MARKET_002,1 w/e 04/12/25,MFR_001,CAT_001,TM_001,BRAND_001,1887.9452,694.5201,121.9061,2.7183,3.0762,4.1116,176.0338,64.7577,11.3666
MARKET_002,1 w/e 04/12/25,MFR_001,CAT_001,TM_002,BRAND_012,54111.8173,20578.358,2214.9087,2.6295,50.0533,50.8192,310.0896,117.925,12.6926
MARKET_002,1 w/e 04/12/25,MFR_001,CAT_001,TM_002,BRAND_002,694.6961,284.291,30.1553,2.4436,1.8904,1.9875,105.4087,43.1365,4.5756
MARKET_002,1 w/e 04/12/25,MFR_001,CAT_001,TM_002,BRAND_003,829.9193,370.79,34.9157,2.2382,2.9863,3.1676,79.7133,35.6142,3.3536
MARKET_002,1 w/e 04/12/25,MFR_001,CAT_001,TM_003,BRAND_004,94765.6411,35534.654,3730.361,2.6669,57.4678,59.5925,472.9924,177.3599,18.6189
MARKET_002,1 w/e 04/12/25,MFR_001,CAT_001,TM_003,BRAND_013,1048.6605,420.061,43.7564,2.4964,0.3653,0.3653,823.4476,329.8477,34.3592
MARKET_002,1 w/e 04/12/25,MFR_002,CAT_001,TM_004,BRAND_007,1592.427,616.1691,64.1842,2.5844,0.8274,0.8274,552.0443,213.6064,22.2507
MARKET_002,1 w/e 04/12/25,MFR_002,CAT_001,TM_004,BRAND_009,26511.9457,9934.9631,1079.7774,2.6686,18.4206,18.5399,412.8249,154.7001,16.8135
MARKET_002,1 w/e 04/12/25,MFR_002,CAT_001,TM_005,BRAND_010,124933.3345,47407.7711,5149.1135,2.6353,71.3261,73.3534,502.4096,190.6466,20.7068
MARKET_002,1 w/e 04/12/25,MFR_002,CAT_001,TM_005,BRAND_008,3940.5472,1481.598,154.333,2.6597,2.2251,2.225,507.9792,190.994,19.8952
MARKET_003,1 w/e 04/12/25,MFR_001,CAT_001,TM_001,BRAND_011,92371.0824,21700.3687,6837.4446,4.2567,87.3095,151.4308,78.6565,18.4784,5.8223
MARKET_003,1 w/e 04/12/25,MFR_001,CAT_001,TM_001,BRAND_001,361.9879,89.294,32.0786,4.0539,0.2455,0.2455,109.6169,27.0399,9.714
MARKET_003,1 w/e 04/12/25,MFR_001,CAT_001,TM_002,BRAND_012,91800.1777,20151.3002,7485.6565,4.5555,85.7934,141.8992,79.5517,17.4626,6.4869
MARKET_003,1 w/e 04/12/25,MFR_001,CAT_001,TM_002,BRAND_003,435.7964,153.828,20.6159,2.833,0.31,0.5341,104.5276,36.8963,4.9448
MARKET_003,1 w/e 04/12/25,MFR_001,CAT_001,TM_003,BRAND_004,61709.7052,11736.449,5063.9916,5.258,72.9592,91.123,62.883,11.9596,5.1603
MARKET_003,1 w/e 04/12/25,MFR_001,CAT_001,TM_003,BRAND_005,41896.7742,5443.7848,4082.8386,7.6963,64.1652,64.1652,48.5446,6.3076,4.7307
MARKET_003,1 w/e 04/12/25,MFR_001,CAT_001,TM_003,BRAND_006,1940.32,206.0001,149.9793,9.419,5.6589,5.6589,25.4917,2.7064,1.9704
MARKET_003,1 w/e 04/12/25,MFR_002,CAT_001,TM_004,BRAND_007,82.1744,11.756,8.817,6.99,0.2242,0.2242,27.2516,3.8987,2.924
MARKET_003,1 w/e 04/12/25,MFR_002,CAT_001,TM_004,BRAND_009,140465.8142,22371.1141,12461.105,6.2789,83.1847,111.1078,125.5413,19.9942,11.1371
MARKET_003,1 w/e 04/12/25,MFR_002,CAT_001,TM_005,BRAND_010,142436.1515,29366.2971,11265.1654,4.8503,85.8337,141.9453,123.3736,25.4361,9.7575
MARKET_003,1 w/e 04/12/25,MFR_002,CAT_001,TM_005,BRAND_008,1687.9505,278.439,132.9051,6.0622,0.7846,1.0088,159.9392,26.3831,12.5932
MARKET_004,1 w/e 04/12/25,MFR_001,CAT_001,TM_001,BRAND_011,8347.3,1872.0,607.4635,4.459,97.3154,206.8956,49.145,11.0215,3.5765
MARKET_004,1 w/e 04/12/25,MFR_001,CAT_001,TM_002,BRAND_012,6507.15,1362.0,592.0208,4.7776,86.8744,121.5793,42.9154,8.9825,3.9044
MARKET_004,1 w/e 04/12/25,MFR_001,CAT_001,TM_003,BRAND_004,1974.31,451.0,169.0417,4.3776,31.0253,37.3552,36.4597,8.3286,3.1217
MARKET_004,1 w/e 04/12/25,MFR_001,CAT_001,TM_003,BRAND_005,803.7301,123.0001,92.25,6.5344,16.1939,16.1939,28.4363,4.3518,3.2638
MARKET_004,1 w/e 04/12/25,MFR_002,CAT_001,TM_004,BRAND_009,8025.46,1348.0001,753.9583,5.9536,93.5518,114.0881,49.1509,8.2557,4.6175
MARKET_004,1 w/e 04/12/25,MFR_002,CAT_001,TM_005,BRAND_010,7126.9,1519.0001,603.2082,4.6918,93.5785,133.7034,43.6354,9.3003,3.6932
MARKET_005,1 w/e 04/12/25,MFR_001,CAT_001,TM_001,BRAND_011,57172.5401,14152.0001,4219.9011,4.0399,100.0,272.5063,69.1046,17.1056,5.1006
MARKET_005,1 w/e 04/12/25,MFR_001,CAT_001,TM_002,BRAND_012,44037.38,10921.0,3440.0001,4.0324,98.1466,171.8135,54.2332,13.4495,4.2365
MARKET_005,1 w/e 04/12/25,MFR_001,CAT_001,TM_002,BRAND_003,2.3801,1.0001,0.1043,2.38,0.1973,0.1973,1.4582,0.6127,0.0638
MARKET_005,1 w/e 04/12/25,MFR_001,CAT_001,TM_003,BRAND_004,50750.0801,12310.0001,4006.8958,4.1227,92.9121,151.809,66.0213,16.0142,5.2126
MARKET_005,1 w/e 04/12/25,MFR_001,CAT_001,TM_003,BRAND_013,136699.6601,34304.0001,10411.4166,3.9849,96.0306,173.3214,172.059,43.1772,13.1045
MARKET_005,1 w/e 04/12/25,MFR_001,CAT_001,TM_003,BRAND_005,31090.6001,4160.0,3120.0,7.4737,87.7795,87.7795,42.811,5.7282,4.2962
MARKET_005,1 w/e 04/12/25,MFR_002,CAT_001,TM_004,BRAND_009,82129.98,13629.9685,7671.4346,6.0257,97.571,138.4973,101.7421,16.8847,9.5033
MARKET_005,1 w/e 04/12/25,MFR_002,CAT_001,TM_005,BRAND_010,95932.78,21664.0,8434.7084,4.4282,98.7472,177.0263,117.4253,26.5176,10.3244
MARKET_001,1 w/e 04/13/24,MFR_001,CAT_001,TM_001,BRAND_001,188042.6849,60550.4594,13293.8795,3.1056,84.6403,271.8965,74.5768,24.014,5.2723
MARKET_001,1 w/e 04/13/24,MFR_001,CAT_001,TM_002,BRAND_002,121124.0712,40683.4343,7592.2456,2.9772,76.9867,134.5372,52.8128,17.7389,3.3104
MARKET_001,1 w/e 04/13/24,MFR_001,CAT_001,TM_003,BRAND_004,8435.706,2389.414,544.0464,3.5304,6.5094,9.2693,43.5017,12.3219,2.8056
MARKET_001,1 w/e 04/13/24,MFR_001,CAT_001,TM_003,BRAND_005,2615.36,331.0001,248.2501,7.9014,2.9688,2.9688,29.5719,3.7426,2.807
MARKET_001,1 w/e 04/13/24,MFR_002,CAT_001,TM_004,BRAND_007,696.42,98.0001,73.5001,7.1063,0.5831,0.5831,40.0912,5.6416,4.2312
MARKET_001,1 w/e 04/13/24,MFR_002,CAT_001,TM_005,BRAND_008,1572.6,209.005,140.6079,7.5242,0.7432,0.7746,71.0317,9.4404,6.351
MARKET_002,1 w/e 04/13/24,MFR_001,CAT_001,TM_001,BRAND_001,53001.5659,21882.7901,2463.7931,2.4221,65.2814,81.8988,235.7913,97.3513,10.9608
MARKET_002,1 w/e 04/13/24,MFR_001,CAT_001,TM_002,BRAND_002,40881.5358,17268.2146,1805.1721,2.3674,58.0619,67.7461,204.4865,86.3744,9.0293
MARKET_002,1 w/e 04/13/24,MFR_001,CAT_001,TM_003,BRAND_004,1903.687,697.4041,90.7297,2.7297,2.6745,2.8073,206.7203,75.7307,9.8523
MARKET_002,1 w/e 04/13/24,MFR_001,CAT_001,TM_003,BRAND_005,52.0,9.0,6.75,5.7778,0.1573,0.1573,95.9941,16.6144,12.4608
MARKET_002,1 w/e 04/13/24,MFR_002,CAT_001,TM_004,BRAND_007,36.0,6.0,4.5,6.0,0.0867,0.0867,120.603,20.1005,15.0754
MARKET_002,1 w/e 04/13/24,MFR_002,CAT_001,TM_005,BRAND_008,45.0,7.0001,5.25,6.4286,0.1357,0.1357,96.2773,14.9765,11.2323
MARKET_003,1 w/e 04/13/24,MFR_001,CAT_001,TM_001,BRAND_001,82738.809,23277.0703,6665.6995,3.5545,87.5555,329.672,70.8536,19.9334,5.7082
MARKET_003,1 w/e 04/13/24,MFR_001,CAT_001,TM_002,BRAND_002,49968.8154,13660.2868,3645.6575,3.658,82.7397,151.8481,45.2816,12.3789,3.3037
MARKET_003,1 w/e 04/13/24,MFR_001,CAT_001,TM_003,BRAND_004,3811.7091,909.01,258.7334,4.1933,6.6808,10.2084,42.7787,10.2018,2.9038
MARKET_003,1 w/e 04/13/24,MFR_001,CAT_001,TM_003,BRAND_005,1660.2801,202.0,151.5,8.2192,3.8999,3.8999,31.9204,3.8836,2.9127
MARKET_003,1 w/e 04/13/24,MFR_002,CAT_001,TM_004,BRAND_007,129.86,19.0,14.25,6.8347,0.5548,0.5548,17.5505,2.5678,1.9259
MARKET_003,1 w/e 04/13/24,MFR_002,CAT_001,TM_005,BRAND_008,798.5401,102.0051,60.3579,7.8284,0.8997,0.9699,66.5517,8.5013,5.0303
MARKET_004,1 w/e 04/13/24,MFR_001,CAT_001,TM_001,BRAND_001,5487.5001,1680.0,394.0968,3.2664,85.388,246.7742,37.1133,11.3622,2.6654
MARKET_004,1 w/e 04/13/24,MFR_001,CAT_001,TM_002,BRAND_002,4146.8101,1287.0,311.3958,3.2221,76.1169,144.3152,31.4618,9.7645,2.3626
MARKET_004,1 w/e 04/13/24,MFR_001,CAT_001,TM_003,BRAND_004,86.21,19.0,8.4375,4.5374,2.1014,3.0483,23.6912,5.2214,2.3187
MARKET_004,1 w/e 04/13/24,MFR_001,CAT_001,TM_003,BRAND_005,106.72,16.0,12.0,6.67,2.2117,2.2117,27.8657,4.1778,3.1333
MARKET_004,1 w/e 04/13/24,MFR_002,CAT_001,TM_004,BRAND_007,239.64,35.0,26.25,6.8469,0.5788,0.5788,239.0901,34.9197,26.1898
MARKET_004,1 w/e 04/13/24,MFR_002,CAT_001,TM_005,BRAND_008,346.66,50.0,37.5,6.9332,0.5788,0.5788,345.8645,49.8853,37.4139
MARKET_005,1 w/e 04/13/24,MFR_001,CAT_001,TM_001,BRAND_001,31729.3201,9724.0,2463.0354,3.263,99.5449,361.8163,38.5061,11.8009,2.9891
MARKET_005,1 w/e 04/13/24,MFR_001,CAT_001,TM_002,BRAND_002,19721.46,5985.0001,1487.6043,3.2951,96.7511,178.913,24.6247,7.473,1.8575
MARKET_005,1 w/e 04/13/24,MFR_001,CAT_001,TM_003,BRAND_004,1988.76,502.0,153.6875,3.9617,10.1194,12.3565,23.7419,5.9929,1.8347
MARKET_005,1 w/e 04/13/24,MFR_001,CAT_001,TM_003,BRAND_005,828.0201,108.0,81.0,7.6669,3.6871,3.6871,27.1297,3.5386,2.6539
MARKET_005,1 w/e 04/13/24,MFR_002,CAT_001,TM_004,BRAND_007,365.6001,59.0,33.9166,6.1966,1.2839,1.5203,34.4003,5.5515,3.1913
MARKET_005,1 w/e 04/13/24,MFR_002,CAT_001,TM_005,BRAND_008,622.92,145.0001,51.9167,4.296,1.5905,1.8269,47.3124,11.0131,3.9432
MARKET_001,1 w/e 04/19/25,MFR_001,CAT_001,TM_001,BRAND_011,219835.233,62249.9584,14971.9246,3.5315,82.904,157.7038,88.6636,25.1066,6.0385
MARKET_001,1 w/e 04/19/25,MFR_001,CAT_001,TM_001,BRAND_001,2281.3776,792.019,156.6106,2.8805,0.4586,0.5797,166.343,57.7488,11.419
MARKET_001,1 w/e 04/19/25,MFR_001,CAT_001,TM_002,BRAND_012,199785.7177,57439.11,14190.2357,3.4782,76.64,118.4767,87.163,25.0597,6.1909
MARKET_001,1 w/e 04/19/25,MFR_001,CAT_001,TM_002,BRAND_002,735.3809,288.5421,33.1815,2.5486,0.2283,0.2396,107.7024,42.2593,4.8597
MARKET_001,1 w/e 04/19/25,MFR_001,CAT_001,TM_002,BRAND_003,1217.1539,496.66,52.8745,2.4507,0.4509,0.5697,90.2618,36.8314,3.9211
MARKET_001,1 w/e 04/19/25,MFR_001,CAT_001,TM_003,BRAND_004,238363.5101,68826.1725,15740.3173,3.4633,69.9394,94.2525,113.9571,32.9045,7.5251
MARKET_001,1 w/e 04/19/25,MFR_001,CAT_001,TM_003,BRAND_013,109464.2732,28161.1211,7897.3252,3.8871,23.8344,44.1965,153.5646,39.5065,11.079
MARKET_001,1 w/e 04/19/25,MFR_001,CAT_001,TM_003,BRAND_005,76617.5461,10779.701,8084.7758,7.1076,50.2756,50.2756,50.9559,7.1692,5.3769
MARKET_001,1 w/e 04/19/25,MFR_001,CAT_001,TM_003,BRAND_006,1914.4601,207.9994,151.4786,9.2042,2.8353,2.8353,22.577,2.4529,1.7864
MARKET_001,1 w/e 04/19/25,MFR_002,CAT_001,TM_004,BRAND_007,1676.7231,628.667,73.0786,2.6671,0.1974,0.1974,284.017,106.4888,12.3787
MARKET_001,1 w/e 04/19/25,MFR_002,CAT_001,TM_004,BRAND_009,268176.7836,44411.102,21745.1807,6.0385,70.7841,94.0136,126.6801,20.9787,10.2719
MARKET_001,1 w/e 04/19/25,MFR_002,CAT_001,TM_005,BRAND_010,386051.3464,104655.1176,28490.3703,3.6888,80.6566,127.3548,160.04,43.3854,11.8109
MARKET_001,1 w/e 04/19/25,MFR_002,CAT_001,TM_005,BRAND_008,3654.8282,1145.0391,196.1885,3.1919,0.7069,0.8077,172.8852,54.1641,9.2804
MARKET_002,1 w/e 04/19/25,MFR_001,CAT_001,TM_001,BRAND_011,61244.8996,23391.764,2521.5105,2.6182,64.9979,65.3634,270.1331,103.1741,11.1216
MARKET_002,1 w/e 04/19/25,MFR_001,CAT_001,TM_001,BRAND_001,1919.3898,702.725,124.532,2.7314,2.9852,4.0235,184.3334,67.4879,11.9597
MARKET_002,1 w/e 04/19/25,MFR_001,CAT_001,TM_002,BRAND_012,60387.3408,23961.4581,2506.9645,2.5202,53.1578,53.4109,325.6764,129.2271,13.5204
MARKET_002,1 w/e 04/19/25,MFR_001,CAT_001,TM_002,BRAND_002,735.3809,288.5421,33.1815,2.5486,1.9575,2.0545,107.7024,42.2593,4.8597
MARKET_002,1 w/e 04/19/25,MFR_001,CAT_001,TM_002,BRAND_003,778.3574,342.832,32.1282,2.2704,2.8081,2.9622,79.4631,35.0,3.28
MARKET_002,1 w/e 04/19/25,MFR_001,CAT_001,TM_003,BRAND_004,93918.0472,35095.8013,3748.0089,2.676,57.5409,60.4632,467.9289,174.8582,18.6737
MARKET_002,1 w/e 04/19/25,MFR_001,CAT_001,TM_003,BRAND_013,792.0732,334.121,34.8042,2.3706,0.3235,0.3235,702.0059,296.1278,30.8467
MARKET_002,1 w/e 04/19/25,MFR_002,CAT_001,TM_004,BRAND_007,1594.5485,616.9111,64.2617,2.5847,0.828,0.828,552.0907,213.5971,22.2497
MARKET_002,1 w/e 04/19/25,MFR_002,CAT_001,TM_004,BRAND_009,17675.7229,6748.195,746.2079,2.6193,16.5361,16.6146,306.4446,116.9937,12.937
MARKET_002,1 w/e 04/19/25,MFR_002,CAT_001,TM_005,BRAND_010,118785.2658,45675.6451,4929.3099,2.6006,70.6296,72.9954,482.1512,185.3981,20.0081
MARKET_002,1 w/e 04/19/25,MFR_002,CAT_001,TM_005,BRAND_008,2671.7883,942.9561,121.1963,2.8334,2.47,2.47,310.1069,109.4462,14.0669
MARKET_003,1 w/e 04/19/25,MFR_001,CAT_001,TM_001,BRAND_011,91077.6434,20923.1944,7858.3464,4.353,88.2081,146.1168,76.765,17.6352,6.6234
MARKET_003,1 w/e 04/19/25,MFR_001,CAT_001,TM_001,BRAND_001,361.9879,89.294,32.0786,4.0539,0.2455,0.2455,109.6169,27.0399,9.714
MARKET_003,1 w/e 04/19/25,MFR_001,CAT_001,TM_002,BRAND_012,86808.9467,19280.6524,7916.2298,4.5024,83.1088,133.1713,77.6564,17.2478,7.0816
MARKET_003,1 w/e 04/19/25,MFR_001,CAT_001,TM_002,BRAND_003,438.7964,153.828,20.746,2.8525,0.2743,0.4985,118.9279,41.6923,5.6229
MARKET_003,1 w/e 04/19/25,MFR_001,CAT_001,TM_003,BRAND_004,73849.9128,14455.3712,7132.1417,5.1088,74.005,91.9824,74.1906,14.5221,7.165
MARKET_003,1 w/e 04/19/25,MFR_001,CAT_001,TM_003,BRAND_005,50839.276,7479.7011,5609.7759,6.797,64.0639,64.0639,58.9992,8.6802,6.5102
MARKET_003,1 w/e 04/19/25,MFR_001,CAT_001,TM_003,BRAND_006,1914.4601,207.9994,151.4786,9.2042,6.3043,6.3043,22.577,2.4529,1.7864
MARKET_003,1 w/e 04/19/25,MFR_002,CAT_001,TM_004,BRAND_007,82.1744,11.756,8.817,6.99,0.2242,0.2242,27.2516,3.8987,2.924
MARKET_003,1 w/e 04/19/25,MFR_002,CAT_001,TM_004,BRAND_009,166319.7208,23838.339,14084.4634,6.977,83.2881,110.2629,148.4638,21.2791,12.5724
MARKET_003,1 w/e 04/19/25,MFR_002,CAT_001,TM_005,BRAND_010,162481.9405,33614.4726,14629.102,4.8337,85.4584,139.7846,141.3547,29.2436,12.7269
MARKET_003,1 w/e 04/19/25,MFR_002,CAT_001,TM_005,BRAND_008,983.04,202.0831,74.9922,4.8645,0.9312,1.1553,78.4894,16.135,5.9876
MARKET_004,1 w/e 04/19/25,MFR_001,CAT_001,TM_001,BRAND_011,8804.8301,2014.0,722.2083,4.3718,97.2055,207.1369,51.8972,11.8709,4.2568
MARKET_004,1 w/e 04/19/25,MFR_001,CAT_001,TM_002,BRAND_012,5910.98,1385.0,600.8751,4.2679,82.4095,114.0189,41.0957,9.6291,4.1775
MARKET_004,1 w/e 04/19/25,MFR_001,CAT_001,TM_003,BRAND_004,2417.36,587.0,249.0832,4.1182,31.324,35.9656,44.2158,10.7368,4.556
MARKET_004,1 w/e 04/19/25,MFR_001,CAT_001,TM_003,BRAND_005,634.7401,109.0,81.75,5.8233,12.4296,12.4296,29.2586,5.0244,3.7683
MARKET_004,1 w/e 04/19/25,MFR_002,CAT_001,TM_004,BRAND_009,10606.3301,1203.9557,685.9669,8.8096,97.2408,116.4798,62.493,7.0938,4.0417
MARKET_004,1 w/e 04/19/25,MFR_002,CAT_001,TM_005,BRAND_010,8974.3301,2006.0,940.6875,4.4737,99.3125,136.8589,51.7741,11.5729,5.4269
MARKET_005,1 w/e 04/19/25,MFR_001,CAT_001,TM_001,BRAND_011,50996.45,12831.0,3534.7084,3.9745,100.0,270.9572,61.6395,15.5089,4.2724
MARKET_005,1 w/e 04/19/25,MFR_001,CAT_001,TM_002,BRAND_012,39396.9701,10031.0001,2838.375,3.9275,96.2743,162.5583,49.462,12.5937,3.5635
MARKET_005,1 w/e 04/19/25,MFR_001,CAT_001,TM_003,BRAND_004,56267.39,13637.0001,4174.7084,4.1261,96.1451,158.6549,70.7374,17.144,5.2483
MARKET_005,1 w/e 04/19/25,MFR_001,CAT_001,TM_003,BRAND_013,119884.0801,30437.0,8712.4166,3.9388,97.3422,176.953,148.8607,37.7938,10.8183
MARKET_005,1 w/e 04/19/25,MFR_001,CAT_001,TM_003,BRAND_005,28732.7901,3612.0,2709.0,7.9548,84.2832,84.2832,41.2056,5.18,3.885
MARKET_005,1 w/e 04/19/25,MFR_002,CAT_001,TM_004,BRAND_009,74219.03,11950.6354,6713.539,6.2105,97.4304,133.0668,92.0747,14.8257,8.3287
MARKET_005,1 w/e 04/19/25,MFR_002,CAT_001,TM_005,BRAND_010,86096.3601,19501.0,7314.9166,4.415,98.8067,175.8927,105.3217,23.8556,8.9483
MARKET_001,1 w/e 04/20/24,MFR_001,CAT_001,TM_001,BRAND_001,170926.1606,54511.7903,12385.0846,3.1356,84.8282,263.9475,67.6305,21.5687,4.9004
MARKET_001,1 w/e 04/20/24,MFR_001,CAT_001,TM_002,BRAND_002,116230.2694,37846.8631,7645.4781,3.0711,77.271,131.216,50.4867,16.4395,3.321
MARKET_001,1 w/e 04/20/24,MFR_001,CAT_001,TM_003,BRAND_004,135547.0236,41248.582,9035.2624,3.2861,37.6365,61.0829,120.8802,36.7853,8.0576
MARKET_001,1 w/e 04/20/24,MFR_001,CAT_001,TM_003,BRAND_005,43311.6337,5967.1408,4475.3557,7.2584,24.2425,24.2424,59.9656,8.2616,6.1962
MARKET_001,1 w/e 04/20/24,MFR_002,CAT_001,TM_004,BRAND_007,146145.7335,21699.9261,16066.9862,6.7348,23.1866,24.0512,211.5552,31.412,23.258
MARKET_001,1 w/e 04/20/24,MFR_002,CAT_001,TM_005,BRAND_008,180558.9968,28339.389,18531.1588,6.3713,24.7799,26.8549,244.5645,38.3853,25.1002
MARKET_002,1 w/e 04/20/24,MFR_001,CAT_001,TM_001,BRAND_001,47682.1242,19452.258,2340.6779,2.4512,63.588,82.3989,217.6695,88.7998,10.6852
MARKET_002,1 w/e 04/20/24,MFR_001,CAT_001,TM_002,BRAND_002,38308.3487,16065.6792,1647.1102,2.3845,56.538,64.7278,196.6845,82.4851,8.4567
MARKET_002,1 w/e 04/20/24,MFR_001,CAT_001,TM_003,BRAND_004,22107.2576,8561.893,1025.3274,2.5821,17.9623,19.5698,357.2642,138.3644,16.5698
MARKET_002,1 w/e 04/20/24,MFR_001,CAT_001,TM_003,BRAND_005,224.4901,37.0001,27.7501,6.0673,0.4224,0.4224,154.2569,25.4243,19.0682
MARKET_002,1 w/e 04/20/24,MFR_002,CAT_001,TM_004,BRAND_007,177.5,28.0,21.0,6.3393,0.315,0.315,163.5643,25.8017,19.3513
MARKET_002,1 w/e 04/20/24,MFR_002,CAT_001,TM_005,BRAND_008,3708.8196,974.457,211.844,3.806,2.87,2.87,375.1208,98.5594,21.4265
MARKET_003,1 w/e 04/20/24,MFR_001,CAT_001,TM_001,BRAND_001,76156.5263,21134.0666,6231.4794,3.6035,89.1884,324.9331,64.0229,17.7669,5.2386
MARKET_003,1 w/e 04/20/24,MFR_001,CAT_001,TM_002,BRAND_002,50753.2006,12929.8508,4136.743,3.9253,83.7427,150.7631,45.4415,11.5766,3.7038
MARKET_003,1 w/e 04/20/24,MFR_001,CAT_001,TM_003,BRAND_004,62238.3958,17760.689,4409.5808,3.5043,35.0804,60.3286,133.0241,37.9605,9.4247
MARKET_003,1 w/e 04/20/24,MFR_001,CAT_001,TM_003,BRAND_005,26514.8536,3766.1408,2824.6057,7.0403,27.0785,27.0785,73.4176,10.4282,7.8211
MARKET_003,1 w/e 04/20/24,MFR_002,CAT_001,TM_004,BRAND_007,79541.8835,11523.9261,8586.1112,6.9023,22.6615,23.0418,263.1743,38.1284,28.4082
MARKET_003,1 w/e 04/20/24,MFR_002,CAT_001,TM_005,BRAND_008,92472.647,13819.932,9045.3565,6.6913,24.2542,25.931,285.8661,42.7224,27.9624
MARKET_004,1 w/e 04/20/24,MFR_001,CAT_001,TM_001,BRAND_001,4291.7401,1334.0,268.8416,3.2172,83.8388,211.843,29.5624,9.1889,1.8518
MARKET_004,1 w/e 04/20/24,MFR_001,CAT_001,TM_002,BRAND_002,3332.13,966.0001,229.8958,3.4494,76.8167,129.4468,25.0506,7.2623,1.7283
MARKET_004,1 w/e 04/20/24,MFR_001,CAT_001,TM_003,BRAND_004,3076.46,820.0001,234.224,3.7518,24.5311,36.1621,72.4244,19.304,5.514
MARKET_004,1 w/e 04/20/24,MFR_001,CAT_001,TM_003,BRAND_005,1938.17,250.0,187.5,7.7527,18.2794,18.2794,61.2324,7.8982,5.9237
MARKET_004,1 w/e 04/20/24,MFR_002,CAT_001,TM_004,BRAND_007,6106.77,888.0001,666.0,6.877,14.2694,14.2694,247.1476,35.9383,26.9537
MARKET_004,1 w/e 04/20/24,MFR_002,CAT_001,TM_005,BRAND_008,7628.73,1113.0,801.1667,6.8542,16.1644,17.1113,272.5491,39.7638,28.623
MARKET_005,1 w/e 04/20/24,MFR_001,CAT_001,TM_001,BRAND_001,27535.5001,8446.0001,2104.5719,3.2602,99.2865,349.8329,33.5036,10.2766,2.5607
MARKET_005,1 w/e 04/20/24,MFR_001,CAT_001,TM_002,BRAND_002,17838.1,5528.0,1308.3958,3.2269,96.8557,173.6552,22.2491,6.895,1.6319
MARKET_005,1 w/e 04/20/24,MFR_001,CAT_001,TM_003,BRAND_004,41130.95,11154.0,3042.3594,3.6876,64.102,107.0323,77.5149,21.0207,5.7336
MARKET_005,1 w/e 04/20/24,MFR_001,CAT_001,TM_003,BRAND_005,14741.51,1928.0001,1446.0,7.646,41.1008,41.1008,43.3292,5.6669,4.2502
MARKET_005,1 w/e 04/20/24,MFR_002,CAT_001,TM_004,BRAND_007,59646.6501,9156.0,6688.75,6.5145,43.1614,45.9987,166.9471,25.627,18.7214
MARKET_005,1 w/e 04/20/24,MFR_002,CAT_001,TM_005,BRAND_008,76907.0001,12641.0,8432.5625,6.0839,44.275,50.689,209.8435,34.4914,23.0086
MARKET_001,1 w/e 04/26/25,MFR_001,CAT_001,TM_001,BRAND_011,204358.7102,58923.9335,15083.9964,3.4682,82.0841,153.4583,83.2451,24.0025,6.1444
MARKET_001,1 w/e 04/26/25,MFR_001,CAT_001,TM_001,BRAND_001,2420.2257,832.681,168.8577,2.9065,0.514,0.635,157.4264,54.1627,10.9835
MARKET_001,1 w/e 04/26/25,MFR_001,CAT_001,TM_002,BRAND_012,165605.7456,48297.0537,12811.9662,3.4289,74.7693,112.7714,74.0587,21.5984,5.7295
MARKET_001,1 w/e 04/26/25,MFR_001,CAT_001,TM_002,BRAND_002,777.3877,293.462,36.2772,2.649,0.2435,0.2549,106.7312,40.2908,4.9807
MARKET_001,1 w/e 04/26/25,MFR_001,CAT_001,TM_002,BRAND_003,1357.1539,555.6601,58.8224,2.4424,0.4952,0.6295,91.6321,37.517,3.9716
MARKET_001,1 w/e 04/26/25,MFR_001,CAT_001,TM_003,BRAND_004,209243.6324,57896.0736,15533.2072,3.6141,69.7795,91.6938,100.2648,27.7425,7.4432
MARKET_001,1 w/e 04/26/25,MFR_001,CAT_001,TM_003,BRAND_013,86487.6231,23503.276,5998.4039,3.6798,23.7116,43.7895,121.9601,33.143,8.4586
MARKET_001,1 w/e 04/26/25,MFR_001,CAT_001,TM_003,BRAND_005,64777.284,9586.7722,7190.0792,6.7569,49.2974,49.2974,43.9362,6.5024,4.8768
MARKET_001,1 w/e 04/26/25,MFR_001,CAT_001,TM_003,BRAND_006,1265.3201,137.5,99.8958,9.2023,2.3145,2.3145,18.2796,1.9864,1.4432
MARKET_001,1 w/e 04/26/25,MFR_002,CAT_001,TM_004,BRAND_007,2248.5592,703.441,129.305,3.1965,0.4045,0.4045,185.8882,58.1534,10.6896
MARKET_001,1 w/e 04/26/25,MFR_002,CAT_001,TM_004,BRAND_009,234297.6034,35358.303,18142.7896,6.6264,70.0461,91.7662,111.8428,16.8784,8.6605
MARKET_001,1 w/e 04/26/25,MFR_002,CAT_001,TM_005,BRAND_010,362101.8941,99988.3464,28673.7996,3.6214,80.4231,126.2906,150.5477,41.5712,11.9214
MARKET_001,1 w/e 04/26/25,MFR_002,CAT_001,TM_005,BRAND_008,4336.5806,1449.109,219.3646,2.9926,0.9637,1.0645,150.4676,50.2801,7.6114
MARKET_002,1 w/e 04/26/25,MFR_001,CAT_001,TM_001,BRAND_011,58312.5214,22383.9921,2387.0862,2.6051,62.3976,62.6079,267.9023,102.8376,10.9669
MARKET_002,1 w/e 04/26/25,MFR_001,CAT_001,TM_001,BRAND_001,2058.2376,743.387,136.779,2.7687,3.4605,4.4979,170.5039,61.582,11.3307
MARKET_002,1 w/e 04/26/25,MFR_001,CAT_001,TM_002,BRAND_012,46763.542,18056.4371,1890.5664,2.5899,48.436,48.6487,276.7715,106.8676,11.1894
MARKET_002,1 w/e 04/26/25,MFR_001,CAT_001,TM_002,BRAND_002,777.3877,293.462,36.2772,2.649,2.088,2.1851,106.7312,40.2908,4.9807
MARKET_002,1 w/e 04/26/25,MFR_001,CAT_001,TM_002,BRAND_003,909.8574,399.8321,37.6075,2.2756,3.2201,3.5072,81.0015,35.5957,3.3481
MARKET_002,1 w/e 04/26/25,MFR_001,CAT_001,TM_003,BRAND_004,71786.1028,27056.539,2879.3505,2.6532,54.4188,57.1472,378.1582,142.5297,15.168
MARKET_002,1 w/e 04/26/25,MFR_001,CAT_001,TM_003,BRAND_013,388.193,147.276,15.3413,2.6358,0.3361,0.3361,331.0815,125.6085,13.0843
MARKET_002,1 w/e 04/26/25,MFR_002,CAT_001,TM_004,BRAND_007,1593.9149,616.685,64.238,2.5846,0.8277,0.8277,552.0816,213.6002,22.25
MARKET_002,1 w/e 04/26/25,MFR_002,CAT_001,TM_004,BRAND_009,11848.2623,4501.671,507.6742,2.632,15.2389,15.2941,222.886,84.6841,9.5502
MARKET_002,1 w/e 04/26/25,MFR_002,CAT_001,TM_005,BRAND_010,113204.8748,43131.0744,4711.7296,2.6247,70.0967,72.7495,462.9672,176.3906,19.2693
MARKET_002,1 w/e 04/26/25,MFR_002,CAT_001,TM_005,BRAND_008,3201.5656,1225.615,127.6683,2.6122,2.2098,2.2098,415.3293,158.9953,16.562
MARKET_003,1 w/e 04/26/25,MFR_001,CAT_001,TM_001,BRAND_011,87517.6488,20414.9415,8937.2801,4.2869,88.3113,144.6724,73.6782,17.1867,7.524
MARKET_003,1 w/e 04/26/25,MFR_001,CAT_001,TM_001,BRAND_001,361.9879,89.294,32.0786,4.0539,0.2455,0.2455,109.6169,27.0399,9.714
MARKET_003,1 w/e 04/26/25,MFR_001,CAT_001,TM_002,BRAND_012,75696.7636,18029.6166,8073.5872,4.1985,81.075,125.4147,69.4145,16.5333,7.4035
MARKET_003,1 w/e 04/26/25,MFR_001,CAT_001,TM_002,BRAND_003,447.2964,155.828,21.2148,2.8704,0.266,0.4902,125.0025,43.5481,5.9288
MARKET_003,1 w/e 04/26/25,MFR_001,CAT_001,TM_003,BRAND_004,74517.8396,14225.2012,8259.7317,5.2384,74.705,89.8414,74.1601,14.1569,8.2201
MARKET_003,1 w/e 04/26/25,MFR_001,CAT_001,TM_003,BRAND_005,43088.1541,6837.7722,5128.3292,6.3015,62.0466,62.0466,51.6297,8.1933,6.1449
MARKET_003,1 w/e 04/26/25,MFR_001,CAT_001,TM_003,BRAND_006,1265.3201,137.5,99.8958,9.2023,5.1463,5.1463,18.2796,1.9864,1.4432
MARKET_003,1 w/e 04/26/25,MFR_002,CAT_001,TM_004,BRAND_007,654.6444,86.756,65.067,7.5458,0.6847,0.6847,71.0859,9.4206,7.0654
MARKET_003,1 w/e 04/26/25,MFR_002,CAT_001,TM_004,BRAND_009,149852.4511,18972.6769,11326.1491,7.8983,82.8326,108.4215,134.5001,17.0289,10.1658
MARKET_003,1 w/e 04/26/25,MFR_002,CAT_001,TM_005,BRAND_010,158114.5292,34694.272,16613.9865,4.5574,85.6988,139.4244,137.1694,30.0984,14.4132
MARKET_003,1 w/e 04/26/25,MFR_002,CAT_001,TM_005,BRAND_008,1094.3448,218.494,87.9462,5.0086,1.4093,1.6334,57.7323,11.5267,4.6396
MARKET_004,1 w/e 04/26/25,MFR_001,CAT_001,TM_001,BRAND_011,5256.6501,1231.0,358.5676,4.2702,91.3893,178.9097,32.9555,7.7175,2.248
MARKET_004,1 w/e 04/26/25,MFR_001,CAT_001,TM_002,BRAND_012,3365.32,751.0,271.3333,4.4811,73.1772,97.0768,26.349,5.88,2.1244
MARKET_004,1 w/e 04/26/25,MFR_001,CAT_001,TM_003,BRAND_004,1275.17,267.0,109.8333,4.7759,28.7701,33.4117,25.3946,5.3172,2.1873
MARKET_004,1 w/e 04/26/25,MFR_001,CAT_001,TM_003,BRAND_005,640.5601,89.0001,66.75,7.1973,14.1014,14.1014,26.0263,3.6161,2.7121
MARKET_004,1 w/e 04/26/25,MFR_002,CAT_001,TM_004,BRAND_009,6717.65,1031.3317,668.8738,6.5136,96.1119,111.2431,40.0456,6.148,3.9873
MARKET_004,1 w/e 04/26/25,MFR_002,CAT_001,TM_005,BRAND_010,5168.92,1122.0001,442.3751,4.6069,95.2459,130.7634,31.0934,6.7493,2.6611
MARKET_005,1 w/e 04/26/25,MFR_001,CAT_001,TM_001,BRAND_011,44417.39,11624.0,3000.6303,3.8212,99.761,264.553,53.816,14.0836,3.6356
MARKET_005,1 w/e 04/26/25,MFR_001,CAT_001,TM_002,BRAND_012,32639.32,8761.0,2273.375,3.7255,97.2966,160.7932,40.5474,10.8837,2.8242
MARKET_005,1 w/e 04/26/25,MFR_001,CAT_001,TM_003,BRAND_004,48854.32,11359.0001,3704.3958,4.3009,96.4816,155.8477,61.2037,14.2303,4.6408
MARKET_005,1 w/e 04/26/25,MFR_001,CAT_001,TM_003,BRAND_013,97069.4701,26017.0,6796.9376,3.731,96.9853,175.0853,120.9751,32.4243,8.4708
MARKET_005,1 w/e 04/26/25,MFR_001,CAT_001,TM_003,BRAND_005,23629.2001,2964.0,2223.0001,7.9721,82.8145,82.8145,34.4875,4.326,3.2445
MARKET_005,1 w/e 04/26/25,MFR_002,CAT_001,TM_004,BRAND_009,67897.61,10473.6401,6159.9175,6.4827,98.0145,132.3058,83.7305,12.916,7.5963
MARKET_005,1 w/e 04/26/25,MFR_002,CAT_001,TM_005,BRAND_010,76528.16,17621.0,6356.3542,4.343,98.6418,174.5588,93.7734,21.5918,7.7887
MARKET_005,1 w/e 04/26/25,MFR_002,CAT_001,TM_005,BRAND_008,31.92,4.0,3.0,7.98,0.2578,0.2578,14.9669,1.8756,1.4067
MARKET_001,1 w/e 04/27/24,MFR_001,CAT_001,TM_001,BRAND_001,159209.7373,51043.8532,11210.1404,3.1191,84.1243,246.4972,63.5294,20.368,4.4732
MARKET_001,1 w/e 04/27/24,MFR_001,CAT_001,TM_002,BRAND_002,108137.7002,35582.1955,7189.0767,3.0391,76.3358,126.4672,47.5527,15.647,3.1613
MARKET_001,1 w/e 04/27/24,MFR_001,CAT_001,TM_003,BRAND_004,301290.2541,96638.2406,18518.6892,3.1177,59.1013,101.9873,171.1257,54.8882,10.5182
MARKET_001,1 w/e 04/27/24,MFR_001,CAT_001,TM_003,BRAND_005,78791.6253,10081.5415,7561.156,7.8154,38.4889,38.4888,68.7182,8.7926,6.5945
MARKET_001,1 w/e 04/27/24,MFR_002,CAT_001,TM_004,BRAND_007,278435.6037,38772.2625,28511.6126,7.1813,32.2418,33.8721,289.8895,40.3672,29.6845
MARKET_001,1 w/e 04/27/24,MFR_002,CAT_001,TM_005,BRAND_008,363246.8696,58788.7361,34421.875,6.1789,35.5799,40.1276,342.7075,55.4646,32.4755
MARKET_002,1 w/e 04/27/24,MFR_001,CAT_001,TM_001,BRAND_001,49682.5452,20671.079,2354.7927,2.4035,62.2409,80.3249,231.7033,96.4032,10.982
MARKET_002,1 w/e 04/27/24,MFR_001,CAT_001,TM_002,BRAND_002,37743.9009,16164.5131,1707.9192,2.335,55.9022,63.8287,195.9848,83.934,8.8684
MARKET_002,1 w/e 04/27/24,MFR_001,CAT_001,TM_003,BRAND_004,76750.2504,28804.474,3529.1621,2.6645,45.9705,53.8357,484.6244,181.8802,22.2842
MARKET_002,1 w/e 04/27/24,MFR_001,CAT_001,TM_003,BRAND_005,301.9801,52.0,39.0,5.8073,0.5465,0.5465,160.3888,27.6184,20.7138
MARKET_002,1 w/e 04/27/24,MFR_002,CAT_001,TM_004,BRAND_007,398.0301,60.0,45.0,6.6338,0.703,0.703,164.3394,24.7729,18.5797
MARKET_002,1 w/e 04/27/24,MFR_002,CAT_001,TM_005,BRAND_008,11366.567,3726.063,561.776,3.0506,6.9298,6.9298,476.1165,156.0753,23.5314
MARKET_003,1 w/e 04/27/24,MFR_001,CAT_001,TM_001,BRAND_001,67811.052,18511.3084,5528.87,3.6632,87.7553,302.7338,57.938,15.8161,4.7239
MARKET_003,1 w/e 04/27/24,MFR_001,CAT_001,TM_002,BRAND_002,46328.6495,11663.3496,3786.1994,3.9722,83.929,144.9893,41.3879,10.4195,3.3824
MARKET_003,1 w/e 04/27/24,MFR_001,CAT_001,TM_003,BRAND_004,128310.2436,39114.7666,8352.2617,3.2804,61.1522,111.3675,157.3206,47.9584,10.2407
MARKET_003,1 w/e 04/27/24,MFR_001,CAT_001,TM_003,BRAND_005,47590.6353,5989.5415,4492.156,7.9456,46.4047,46.4046,76.8946,9.6776,7.2582
MARKET_003,1 w/e 04/27/24,MFR_002,CAT_001,TM_004,BRAND_007,152026.6536,19605.2625,14386.3002,7.7544,36.4274,38.0583,312.9165,40.3535,29.6113
MARKET_003,1 w/e 04/27/24,MFR_002,CAT_001,TM_005,BRAND_008,192362.1326,29229.673,16545.5572,6.5811,39.1339,43.8899,368.555,56.0024,31.7004
MARKET_004,1 w/e 04/27/24,MFR_001,CAT_001,TM_001,BRAND_001,4177.7601,1218.0001,270.9491,3.43,87.4635,207.8196,27.5016,8.0179,1.7836
MARKET_004,1 w/e 04/27/24,MFR_001,CAT_001,TM_002,BRAND_002,3307.4801,883.0,243.4583,3.7457,78.9885,136.3804,24.1087,6.4363,1.7746
MARKET_004,1 w/e 04/27/24,MFR_001,CAT_001,TM_003,BRAND_004,5525.0001,1600.0,394.1771,3.4531,46.0644,74.7408,69.057,19.9984,4.9268
MARKET_004,1 w/e 04/27/24,MFR_001,CAT_001,TM_003,BRAND_005,2157.2,279.0001,209.2501,7.7319,38.5497,38.5497,32.2189,4.167,3.1253
MARKET_004,1 w/e 04/27/24,MFR_002,CAT_001,TM_004,BRAND_007,7405.6301,1073.0,804.75,6.9018,21.4675,21.4675,198.619,28.7779,21.5834
MARKET_004,1 w/e 04/27/24,MFR_002,CAT_001,TM_005,BRAND_008,8239.0901,1289.0,825.9582,6.3918,23.0586,24.2542,205.7252,32.1856,20.6237
MARKET_005,1 w/e 04/27/24,MFR_001,CAT_001,TM_001,BRAND_001,22820.45,7023.0001,1710.976,3.2494,99.5728,322.7365,27.6867,8.5206,2.0758
MARKET_005,1 w/e 04/27/24,MFR_001,CAT_001,TM_002,BRAND_002,14987.95,4639.0001,1086.3542,3.2309,94.6408,167.1308,19.1316,5.9215,1.3867
MARKET_005,1 w/e 04/27/24,MFR_001,CAT_001,TM_003,BRAND_004,79967.82,22236.0001,5799.3072,3.5963,82.8713,154.2112,116.5734,32.4146,8.454
MARKET_005,1 w/e 04/27/24,MFR_001,CAT_001,TM_003,BRAND_005,30598.92,4001.0,3000.75,7.6478,60.1272,60.1272,61.4786,8.0387,6.029
MARKET_005,1 w/e 04/27/24,MFR_002,CAT_001,TM_004,BRAND_007,125757.95,19035.0001,14004.3543,6.6067,54.637,58.9725,278.0591,42.0876,30.9646
MARKET_005,1 w/e 04/27/24,MFR_002,CAT_001,TM_005,BRAND_008,160696.84,26267.0,17401.7293,6.1178,59.4955,70.8124,326.2959,53.3353,35.3343
MARKET_001,1 w/e 05/03/25,MFR_001,CAT_001,TM_001,BRAND_011,172825.486,50797.0299,11035.3234,3.4023,81.0266,150.0732,71.3272,20.9645,4.5544
MARKET_001,1 w/e 05/03/25,MFR_001,CAT_001,TM_001,BRAND_001,2354.1046,813.605,163.3433,2.8934,0.4696,0.593,167.6474,57.9408,11.6325
MARKET_001,1 w/e 05/03/25,MFR_001,CAT_001,TM_002,BRAND_012,152210.7278,41770.086,10682.2175,3.644,75.2871,113.4786,67.6083,18.5532,4.7448
MARKET_001,1 w/e 05/03/25,MFR_001,CAT_001,TM_002,BRAND_002,765.5726,291.616,35.4392,2.6253,0.2329,0.2442,109.9329,41.8748,5.0889
MARKET_001,1 w/e 05/03/25,MFR_001,CAT_001,TM_002,BRAND_003,1137.8539,453.66,49.7702,2.5082,0.399,0.5167,95.3591,38.0195,4.1711
MARKET_001,1 w/e 05/03/25,MFR_001,CAT_001,TM_003,BRAND_004,173395.8222,46228.541,11862.1207,3.7508,67.6672,86.7053,85.691,22.8458,5.8622
MARKET_001,1 w/e 05/03/25,MFR_001,CAT_001,TM_003,BRAND_013,74579.169,21340.812,4983.2931,3.4947,23.6354,42.4991,105.5189,30.1942,7.0506
MARKET_001,1 w/e 05/03/25,MFR_001,CAT_001,TM_003,BRAND_005,64553.3548,8749.7766,6562.3325,7.3777,49.7893,49.7893,43.3569,5.8767,4.4075
MARKET_001,1 w/e 05/03/25,MFR_001,CAT_001,TM_003,BRAND_006,1046.0501,113.8326,84.7287,9.1894,1.9292,1.9292,18.1326,1.9732,1.4687
MARKET_001,1 w/e 05/03/25,MFR_001,CAT_001,TM_003,BRAND_014,9.99,1.0001,0.75,9.99,0.0088,0.0088,37.8123,3.785,2.8388
MARKET_001,1 w/e 05/03/25,MFR_002,CAT_001,TM_004,BRAND_007,157829.0111,28032.5958,17717.1687,5.6302,12.0574,17.3527,437.7302,77.7469,49.1376
MARKET_001,1 w/e 05/03/25,MFR_002,CAT_001,TM_004,BRAND_009,198439.8104,31670.3292,16055.8571,6.2658,68.6439,88.2554,96.6722,15.4286,7.8218
MARKET_001,1 w/e 05/03/25,MFR_002,CAT_001,TM_005,BRAND_010,301675.0628,84098.085,20892.8438,3.5872,80.7594,124.8708,124.917,34.8232,8.6513
MARKET_001,1 w/e 05/03/25,MFR_002,CAT_001,TM_005,BRAND_008,105494.9081,21511.8592,10530.9046,4.904,12.7998,19.1439,275.616,56.2019,27.513
MARKET_002,1 w/e 05/03/25,MFR_001,CAT_001,TM_001,BRAND_011,52594.0868,20219.49,2116.5302,2.6012,60.9257,61.1273,247.4564,95.1332,9.9583
MARKET_002,1 w/e 05/03/25,MFR_001,CAT_001,TM_001,BRAND_001,1992.1167,724.3111,131.2647,2.7504,3.0786,4.1368,185.4909,67.4424,12.2224
MARKET_002,1 w/e 05/03/25,MFR_001,CAT_001,TM_002,BRAND_012,42770.9698,16148.758,1693.1415,2.6486,44.4011,44.6392,276.1322,104.2574,10.931
MARKET_002,1 w/e 05/03/25,MFR_001,CAT_001,TM_002,BRAND_002,765.5726,291.616,35.4392,2.6253,1.9963,2.0934,109.9329,41.8748,5.0889
MARKET_002,1 w/e 05/03/25,MFR_001,CAT_001,TM_002,BRAND_003,699.5574,299.832,29.0242,2.3332,2.3947,2.5391,83.7402,35.8913,3.4743
MARKET_002,1 w/e 05/03/25,MFR_001,CAT_001,TM_003,BRAND_004,61958.2803,22940.5351,2421.9848,2.7008,47.3782,49.498,374.872,138.7993,14.654
MARKET_002,1 w/e 05/03/25,MFR_001,CAT_001,TM_003,BRAND_013,269.399,88.812,9.2513,3.0334,0.586,0.586,131.7806,43.4437,4.5254
MARKET_002,1 w/e 05/03/25,MFR_002,CAT_001,TM_004,BRAND_007,5994.7295,2215.627,231.4402,2.7057,3.7875,3.7875,453.7097,167.6892,17.5165
MARKET_002,1 w/e 05/03/25,MFR_002,CAT_001,TM_004,BRAND_009,15337.7709,5641.891,631.6136,2.7186,15.1214,15.1862,290.7579,106.9533,11.9735
MARKET_002,1 w/e 05/03/25,MFR_002,CAT_001,TM_005,BRAND_010,103747.6608,39407.9211,4305.3895,2.6327,69.6809,71.4946,426.8021,162.1182,17.7117
MARKET_002,1 w/e 05/03/25,MFR_002,CAT_001,TM_005,BRAND_008,10461.7536,3994.725,417.4088,2.6189,5.1824,5.1824,578.6784,220.9631,23.0884
MARKET_003,1 w/e 05/03/25,MFR_001,CAT_001,TM_001,BRAND_011,62273.2193,14493.5398,5090.09,4.2966,85.2631,136.3804,54.3,12.6379,4.4384
MARKET_003,1 w/e 05/03/25,MFR_001,CAT_001,TM_001,BRAND_001,361.9879,89.294,32.0786,4.0539,0.2455,0.2455,109.6169,27.0399,9.714
MARKET_003,1 w/e 05/03/25,MFR_001,CAT_001,TM_002,BRAND_012,65109.448,14167.6621,5856.7641,4.5956,81.6509,121.6854,59.2847,12.9002,5.3328
MARKET_003,1 w/e 05/03/25,MFR_001,CAT_001,TM_002,BRAND_003,438.2964,153.828,20.746,2.8493,0.266,0.4902,122.4873,42.9891,5.7978
MARKET_003,1 w/e 05/03/25,MFR_001,CAT_001,TM_003,BRAND_004,57183.6721,9608.006,5577.1982,5.9517,72.7611,84.8263,58.4296,9.8173,5.6987
MARKET_003,1 w/e 05/03/25,MFR_001,CAT_001,TM_003,BRAND_005,39021.2848,5515.7766,4136.8325,7.0745,62.1644,62.1644,46.668,6.5967,4.9475
MARKET_003,1 w/e 05/03/25,MFR_001,CAT_001,TM_003,BRAND_006,1046.0501,113.8326,84.7287,9.1894,4.289,4.289,18.1326,1.9732,1.4687
MARKET_003,1 w/e 05/03/25,MFR_001,CAT_001,TM_003,BRAND_014,9.99,1.0001,0.75,9.99,0.0196,0.0196,37.8123,3.785,2.8388
MARKET_003,1 w/e 05/03/25,MFR_002,CAT_001,TM_004,BRAND_007,115143.7717,20538.9688,13994.1658,5.6061,17.338,26.8528,493.7436,88.0724,60.0078
MARKET_003,1 w/e 05/03/25,MFR_002,CAT_001,TM_004,BRAND_009,108997.0096,14763.8278,9041.1606,7.3827,79.9548,102.6871,101.3514,13.7282,8.407
MARKET_003,1 w/e 05/03/25,MFR_002,CAT_001,TM_005,BRAND_010,110618.7719,23680.8308,9592.4752,4.6712,85.0467,134.3985,96.701,20.7014,8.3856
MARKET_003,1 w/e 05/03/25,MFR_002,CAT_001,TM_005,BRAND_008,75658.7345,14490.1342,8367.6625,5.2214,18.0772,30.0194,311.1632,59.5939,34.4139
MARKET_004,1 w/e 05/03/25,MFR_001,CAT_001,TM_001,BRAND_011,5591.46,1468.0001,433.9375,3.8089,95.3755,187.1358,33.5894,8.8187,2.6068
MARKET_004,1 w/e 05/03/25,MFR_001,CAT_001,TM_002,BRAND_012,4103.2101,814.0,323.1043,5.0408,85.7282,112.5472,27.4229,5.4402,2.1594
MARKET_004,1 w/e 05/03/25,MFR_001,CAT_001,TM_003,BRAND_004,1384.97,272.0001,110.3543,5.0918,29.218,34.3006,27.1584,5.3338,2.164
MARKET_004,1 w/e 05/03/25,MFR_001,CAT_001,TM_003,BRAND_005,684.09,86.0001,64.5,7.9545,14.5488,14.5488,26.9402,3.3868,2.5401
MARKET_004,1 w/e 05/03/25,MFR_002,CAT_001,TM_004,BRAND_007,4622.6101,758.0001,547.8332,6.0984,6.0798,8.3981,435.6268,71.4326,51.6269
MARKET_004,1 w/e 05/03/25,MFR_002,CAT_001,TM_004,BRAND_009,8514.76,1162.3187,761.9472,7.3257,96.2813,110.3639,50.6693,6.9167,4.5342
MARKET_004,1 w/e 05/03/25,MFR_002,CAT_001,TM_005,BRAND_010,6975.9301,1471.0,668.6042,4.7423,98.4705,134.1004,40.5892,8.559,3.8902
MARKET_004,1 w/e 05/03/25,MFR_002,CAT_001,TM_005,BRAND_008,1300.04,223.0,133.0209,5.8298,5.3882,6.9735,138.2389,23.7126,14.1447
MARKET_005,1 w/e 05/03/25,MFR_001,CAT_001,TM_001,BRAND_011,42030.8901,10977.0001,2823.6615,3.829,99.8822,262.685,50.8628,13.2836,3.417
MARKET_005,1 w/e 05/03/25,MFR_001,CAT_001,TM_002,BRAND_012,32169.66,7809.0,2380.8751,4.1196,96.8709,166.0197,40.1395,9.7436,2.9707
MARKET_005,1 w/e 05/03/25,MFR_001,CAT_001,TM_003,BRAND_004,41349.82,8837.0,3268.0417,4.6792,95.8879,149.3147,52.123,11.1394,4.1195
MARKET_005,1 w/e 05/03/25,MFR_001,CAT_001,TM_003,BRAND_013,84835.05,24070.0,5709.3334,3.5245,96.2862,169.8607,106.4953,30.2156,7.1671
MARKET_005,1 w/e 05/03/25,MFR_001,CAT_001,TM_003,BRAND_005,27925.0501,3507.0,2630.25,7.9627,85.2198,85.2198,39.6071,4.9741,3.7306
MARKET_005,1 w/e 05/03/25,MFR_002,CAT_001,TM_004,BRAND_007,31660.0901,4464.0,2903.6666,7.0923,12.7886,15.9654,299.2328,42.1911,27.4438
MARKET_005,1 w/e 05/03/25,MFR_002,CAT_001,TM_004,BRAND_009,68772.36,9939.9744,6222.7309,6.9188,97.6024,127.8181,85.1673,12.3096,7.7062
MARKET_005,1 w/e 05/03/25,MFR_002,CAT_001,TM_005,BRAND_010,71975.6101,16281.0,5936.4792,4.4208,98.8524,175.9442,88.0071,19.9073,7.2587
MARKET_005,1 w/e 05/03/25,MFR_002,CAT_001,TM_005,BRAND_008,17579.4601,2721.0001,1573.1666,6.4607,13.5445,16.6507,156.8775,24.282,14.0388
MARKET_001,1 w/e 05/04/24,MFR_001,CAT_001,TM_001,BRAND_001,152947.7322,47690.777,12217.985,3.2071,83.5106,233.7156,61.499,19.176,4.9127
MARKET_001,1 w/e 05/04/24,MFR_001,CAT_001,TM_002,BRAND_002,102180.0993,33341.183,7063.0566,3.0647,73.9018,119.9988,46.4277,15.1493,3.2093
MARKET_001,1 w/e 05/04/24,MFR_001,CAT_001,TM_003,BRAND_004,451492.4549,149393.1054,28129.1313,3.0222,73.4917,138.7866,206.2901,68.2588,12.8524
MARKET_001,1 w/e 05/04/24,MFR_001,CAT_001,TM_003,BRAND_005,110414.3861,15682.714,11762.0355,7.0405,49.7246,49.7247,74.5625,10.5905,7.9429
MARKET_001,1 w/e 05/04/24,MFR_002,CAT_001,TM_004,BRAND_007,342371.5768,55353.75,36961.8348,6.1852,44.4891,53.4205,258.4108,41.7792,27.8976
MARKET_001,1 w/e 05/04/24,MFR_002,CAT_001,TM_005,BRAND_008,534160.0495,104218.871,50210.5982,5.1254,53.2421,74.8087,336.8856,65.7291,31.667
MARKET_002,1 w/e 05/04/24,MFR_001,CAT_001,TM_001,BRAND_001,47185.0999,19200.314,2300.2392,2.4575,63.1897,84.114,216.9154,88.2661,10.5745
MARKET_002,1 w/e 05/04/24,MFR_001,CAT_001,TM_002,BRAND_002,37353.9509,15704.7977,1615.6102,2.3785,52.1987,61.2153,207.8779,87.3985,8.991
MARKET_002,1 w/e 05/04/24,MFR_001,CAT_001,TM_003,BRAND_004,128345.215,49541.624,5838.8766,2.5907,62.138,75.9339,600.0042,231.6033,27.2963
MARKET_002,1 w/e 05/04/24,MFR_001,CAT_001,TM_003,BRAND_005,273.49,47.0,35.25,5.8189,0.4896,0.4896,162.2508,27.8832,20.9124
MARKET_002,1 w/e 05/04/24,MFR_002,CAT_001,TM_004,BRAND_007,5626.7894,1913.3001,356.8492,2.9409,1.8661,2.7147,875.9285,297.8455,55.5511
MARKET_002,1 w/e 05/04/24,MFR_002,CAT_001,TM_005,BRAND_008,45093.9156,16935.962,1988.8947,2.6626,21.8133,22.1935,600.5204,225.538,26.4863
MARKET_003,1 w/e 05/04/24,MFR_001,CAT_001,TM_001,BRAND_001,60784.7324,16486.3631,5169.2316,3.687,87.1907,282.8581,52.2763,14.1787,4.4457
MARKET_003,1 w/e 05/04/24,MFR_001,CAT_001,TM_002,BRAND_002,42773.2184,10512.3855,3845.2172,4.0688,80.6026,136.6385,39.7927,9.7799,3.5773
MARKET_003,1 w/e 05/04/24,MFR_001,CAT_001,TM_003,BRAND_004,206622.6896,64124.4814,14542.5878,3.2222,81.0601,165.8035,191.1399,59.3195,13.4529
MARKET_003,1 w/e 05/04/24,MFR_001,CAT_001,TM_003,BRAND_005,73605.0761,10848.714,8136.5355,6.7847,65.3333,65.3333,84.48,12.4516,9.3387
MARKET_003,1 w/e 05/04/24,MFR_002,CAT_001,TM_004,BRAND_007,205784.7375,33019.45,22257.3398,6.2322,53.3632,65.7309,289.1692,46.399,31.2761
MARKET_003,1 w/e 05/04/24,MFR_002,CAT_001,TM_005,BRAND_008,302596.8039,54842.9091,28608.8702,5.5175,62.8601,91.9199,360.9692,65.4224,34.1277
MARKET_004,1 w/e 05/04/24,MFR_001,CAT_001,TM_001,BRAND_001,3479.69,1007.0,230.4397,3.4555,84.5214,196.3225,23.7036,6.8597,1.5698
MARKET_004,1 w/e 05/04/24,MFR_001,CAT_001,TM_002,BRAND_002,2973.53,797.0001,220.625,3.7309,77.007,128.8831,22.2322,5.9589,1.6495
MARKET_004,1 w/e 05/04/24,MFR_001,CAT_001,TM_003,BRAND_004,10428.72,3046.0001,687.2969,3.4237,69.3454,157.0422,86.5874,25.2903,5.7065
MARKET_004,1 w/e 05/04/24,MFR_001,CAT_001,TM_003,BRAND_005,4637.07,592.0001,444.0001,7.8329,58.6901,58.6901,45.4904,5.8076,4.3557
MARKET_004,1 w/e 05/04/24,MFR_002,CAT_001,TM_004,BRAND_007,8531.2,1244.0001,901.3542,6.8579,27.7514,28.6954,176.9973,25.8093,18.7004
MARKET_004,1 w/e 05/04/24,MFR_002,CAT_001,TM_005,BRAND_008,13171.17,2365.0001,1289.375,5.5692,38.6163,46.7932,196.3789,35.2616,19.2243
MARKET_005,1 w/e 05/04/24,MFR_001,CAT_001,TM_001,BRAND_001,20624.18,6213.0,1541.428,3.3195,99.0763,310.903,25.1475,7.5757,1.8795
MARKET_005,1 w/e 05/04/24,MFR_001,CAT_001,TM_002,BRAND_002,13293.92,4205.0,943.7709,3.1615,93.1711,158.8138,17.2369,5.4522,1.2237
MARKET_005,1 w/e 05/04/24,MFR_001,CAT_001,TM_003,BRAND_004,90787.98,25777.0,6483.1718,3.5221,87.6118,168.711,125.1855,35.5433,8.9395
MARKET_005,1 w/e 05/04/24,MFR_001,CAT_001,TM_003,BRAND_005,34112.03,4456.0,3342.0,7.6553,66.9482,66.9482,61.5541,8.0407,6.0305
MARKET_005,1 w/e 05/04/24,MFR_002,CAT_001,TM_004,BRAND_007,133638.9201,20804.0,14566.4375,6.4237,70.1602,82.7731,230.1075,35.8216,25.0814
MARKET_005,1 w/e 05/04/24,MFR_002,CAT_001,TM_005,BRAND_008,190709.2201,33495.0001,19896.4584,5.6937,77.0461,113.2095,299.0262,52.5191,31.197
MARKET_001,1 w/e 05/10/25,MFR_001,CAT_001,TM_001,BRAND_011,185893.6602,55135.0278,12060.6333,3.3716,81.8763,149.6928,75.9171,22.5166,4.9254
MARKET_001,1 w/e 05/10/25,MFR_001,CAT_001,TM_001,BRAND_001,2230.9529,781.149,151.4924,2.856,0.4717,0.5928,158.1518,55.3755,10.7393
MARKET_001,1 w/e 05/10/25,MFR_001,CAT_001,TM_002,BRAND_012,154521.1285,41549.2085,11076.3326,3.719,74.8984,114.5794,68.9841,18.5491,4.9449
MARKET_001,1 w/e 05/10/25,MFR_001,CAT_001,TM_002,BRAND_002,707.2322,286.261,31.0064,2.4706,0.2227,0.2341,106.1751,42.9757,4.6549
MARKET_001,1 w/e 05/10/25,MFR_001,CAT_001,TM_002,BRAND_003,1107.575,431.447,48.4139,2.5671,0.3644,0.4762,101.6422,39.5939,4.4429
MARKET_001,1 w/e 05/10/25,MFR_001,CAT_001,TM_003,BRAND_004,185041.4266,46222.6058,13820.5307,4.0033,69.7873,87.6091,88.6597,22.1468,6.6219
MARKET_001,1 w/e 05/10/25,MFR_001,CAT_001,TM_003,BRAND_013,66525.3216,18556.194,4510.4578,3.5851,23.3773,39.5299,95.1539,26.5417,6.4515
MARKET_001,1 w/e 05/10/25,MFR_001,CAT_001,TM_003,BRAND_005,62398.1328,8772.3917,6579.2937,7.113,47.4356,47.4357,43.9846,6.1837,4.6378
MARKET_001,1 w/e 05/10/25,MFR_001,CAT_001,TM_003,BRAND_006,1026.56,116.0,85.0625,8.8497,1.8481,1.8481,18.5732,2.0987,1.539
MARKET_001,1 w/e 05/10/25,MFR_002,CAT_001,TM_004,BRAND_007,562410.7989,95693.8192,54479.4015,5.8772,24.0409,36.4649,782.2343,133.0966,75.7732
MARKET_001,1 w/e 05/10/25,MFR_002,CAT_001,TM_004,BRAND_009,184675.2878,26515.1419,15224.5563,6.9649,68.672,83.4527,89.9213,12.9106,7.4131
MARKET_001,1 w/e 05/10/25,MFR_002,CAT_001,TM_005,BRAND_010,327383.4978,89790.7403,23770.2458,3.6461,81.3574,125.8093,134.553,36.9036,9.7695
MARKET_001,1 w/e 05/10/25,MFR_002,CAT_001,TM_005,BRAND_008,385626.0502,69903.9906,34171.673,5.5165,25.3835,38.5358,507.9827,92.0841,45.0141
MARKET_002,1 w/e 05/10/25,MFR_001,CAT_001,TM_001,BRAND_011,60670.7862,23685.2481,2473.6719,2.5615,64.8992,65.1056,268.0771,104.6545,10.9301
MARKET_002,1 w/e 05/10/25,MFR_001,CAT_001,TM_001,BRAND_001,1863.3131,689.9331,119.1146,2.7007,2.87,3.9084,186.1731,68.9347,11.9014
MARKET_002,1 w/e 05/10/25,MFR_001,CAT_001,TM_002,BRAND_012,43964.2599,16641.3493,1745.7448,2.6419,44.5678,44.7461,282.877,107.0746,11.2326
MARKET_002,1 w/e 05/10/25,MFR_001,CAT_001,TM_002,BRAND_002,704.7322,285.261,30.9022,2.4705,1.9016,1.9988,106.272,43.0167,4.66
MARKET_002,1 w/e 05/10/25,MFR_001,CAT_001,TM_002,BRAND_003,649.3967,272.9561,26.6413,2.3791,2.0949,2.1859,88.8927,37.3636,3.6468
MARKET_002,1 w/e 05/10/25,MFR_001,CAT_001,TM_003,BRAND_004,57985.0659,21533.517,2276.3324,2.6928,47.8145,49.9842,347.7568,129.144,13.652
MARKET_002,1 w/e 05/10/25,MFR_001,CAT_001,TM_003,BRAND_013,415.1416,151.194,15.7494,2.7458,0.5736,0.5736,207.5293,75.5819,7.8731
MARKET_002,1 w/e 05/10/25,MFR_001,CAT_001,TM_003,BRAND_005,9.99,1.0001,0.75,9.99,0.0144,0.0144,199.4012,19.9601,14.9701
MARKET_002,1 w/e 05/10/25,MFR_002,CAT_001,TM_004,BRAND_007,32084.3542,13394.764,1397.8712,2.3953,10.7911,10.8156,852.6021,355.9493,37.1467
MARKET_002,1 w/e 05/10/25,MFR_002,CAT_001,TM_004,BRAND_009,8674.5051,3172.2121,367.2512,2.7345,12.7472,12.7744,195.1406,71.3617,8.2616
MARKET_002,1 w/e 05/10/25,MFR_002,CAT_001,TM_005,BRAND_010,105447.8068,40701.598,4389.2159,2.5908,69.7129,71.7263,433.7542,167.4239,18.0548
MARKET_002,1 w/e 05/10/25,MFR_002,CAT_001,TM_005,BRAND_008,30727.7241,12544.4291,1311.878,2.4495,13.8771,13.9563,634.9674,259.2221,27.1091
MARKET_003,1 w/e 05/10/25,MFR_001,CAT_001,TM_001,BRAND_011,66766.4639,15295.4469,5787.1545,4.3651,86.3066,135.2201,57.4893,13.1702,4.983
MARKET_003,1 w/e 05/10/25,MFR_001,CAT_001,TM_001,BRAND_001,365.2498,90.2161,32.2736,4.0486,0.2857,0.2857,95.0157,23.4687,8.3956
MARKET_003,1 w/e 05/10/25,MFR_001,CAT_001,TM_002,BRAND_012,64585.4586,13245.5263,6059.213,4.876,80.7068,121.0978,59.4699,12.1964,5.5793
MARKET_003,1 w/e 05/10/25,MFR_001,CAT_001,TM_002,BRAND_003,458.1782,158.4911,21.7727,2.8909,0.2669,0.4919,127.5765,44.1307,6.0624
MARKET_003,1 w/e 05/10/25,MFR_001,CAT_001,TM_003,BRAND_004,71018.0208,11585.0888,7237.4274,6.1301,76.3073,87.1387,69.1632,11.2825,7.0484
MARKET_003,1 w/e 05/10/25,MFR_001,CAT_001,TM_003,BRAND_005,40480.9428,5945.3917,4459.0437,6.8088,60.4,60.4,49.8066,7.315,5.4863
MARKET_003,1 w/e 05/10/25,MFR_001,CAT_001,TM_003,BRAND_006,1026.56,116.0,85.0625,8.8497,4.1074,4.1074,18.5732,2.0987,1.539
MARKET_003,1 w/e 05/10/25,MFR_002,CAT_001,TM_004,BRAND_007,396869.7648,62058.7221,40837.2386,6.3951,26.5476,42.811,1110.9518,173.7201,114.3151
MARKET_003,1 w/e 05/10/25,MFR_002,CAT_001,TM_004,BRAND_009,112876.6328,14345.3152,9356.8442,7.8685,81.9811,98.9156,102.3207,13.0038,8.4818
MARKET_003,1 w/e 05/10/25,MFR_002,CAT_001,TM_005,BRAND_010,131279.0511,27755.309,11974.1135,4.7299,85.5997,136.2732,113.9714,24.0961,10.3955
MARKET_003,1 w/e 05/10/25,MFR_002,CAT_001,TM_005,BRAND_008,251427.7964,40236.2293,23657.8583,6.2488,27.7237,44.9711,673.9604,107.8545,63.4157
MARKET_004,1 w/e 05/10/25,MFR_001,CAT_001,TM_001,BRAND_011,5314.12,1387.0001,406.0729,3.8314,90.8427,173.4484,33.5163,8.7478,2.5611
MARKET_004,1 w/e 05/10/25,MFR_001,CAT_001,TM_002,BRAND_012,4269.79,871.0001,324.5208,4.9022,81.7194,109.1067,29.9361,6.1067,2.2753
MARKET_004,1 w/e 05/10/25,MFR_001,CAT_001,TM_003,BRAND_004,1853.76,308.0,155.4375,6.0187,38.5018,43.2704,27.5859,4.5834,2.3131
MARKET_004,1 w/e 05/10/25,MFR_001,CAT_001,TM_003,BRAND_005,686.4501,84.0,63.0,8.172,17.5096,17.5096,22.4619,2.7486,2.0615
MARKET_004,1 w/e 05/10/25,MFR_002,CAT_001,TM_004,BRAND_007,8525.17,1394.0,934.4166,6.1156,11.6302,15.1769,419.9839,68.674,46.0331
MARKET_004,1 w/e 05/10/25,MFR_002,CAT_001,TM_004,BRAND_009,6830.4601,957.9918,648.0981,7.13,95.5365,107.4107,40.9633,5.7452,3.8867
MARKET_004,1 w/e 05/10/25,MFR_002,CAT_001,TM_005,BRAND_010,6013.06,1256.0,561.6043,4.7875,96.0592,127.7885,35.865,7.4914,3.3497
MARKET_004,1 w/e 05/10/25,MFR_002,CAT_001,TM_005,BRAND_008,5446.7901,892.0,570.8333,6.1063,11.3997,14.9465,273.7534,44.8316,28.6898
MARKET_005,1 w/e 05/10/25,MFR_001,CAT_001,TM_001,BRAND_011,43677.75,11182.0001,2940.0261,3.9061,99.82,262.9861,52.8886,13.5401,3.56
MARKET_005,1 w/e 05/10/25,MFR_001,CAT_001,TM_002,BRAND_012,34477.69,8108.0,2596.0834,4.2523,96.7253,170.4114,43.0841,10.1319,3.2441
MARKET_005,1 w/e 05/10/25,MFR_001,CAT_001,TM_003,BRAND_015,560.5601,172.0,35.3543,3.2591,1.7122,2.3537,39.5722,12.1422,2.4958
MARKET_005,1 w/e 05/10/25,MFR_001,CAT_001,TM_003,BRAND_004,41630.23,7978.0001,3449.25,5.2181,96.193,146.1086,52.31,10.0247,4.3341
MARKET_005,1 w/e 05/10/25,MFR_001,CAT_001,TM_003,BRAND_013,75625.74,20998.0001,5152.3127,3.6016,94.5831,156.5552,96.6441,26.8339,6.5843
MARKET_005,1 w/e 05/10/25,MFR_001,CAT_001,TM_003,BRAND_005,23419.7201,2937.0001,2202.75,7.974,79.5892,79.5892,35.567,4.4604,3.3453
MARKET_005,1 w/e 05/10/25,MFR_001,CAT_001,TM_003,BRAND_014,287.28,36.0,27.0,7.98,1.2049,1.2049,28.8176,3.6112,2.7084
MARKET_005,1 w/e 05/10/25,MFR_002,CAT_001,TM_004,BRAND_007,129421.5501,19352.0,11806.0209,6.6878,36.0833,53.6696,433.5305,64.8245,39.5473
MARKET_005,1 w/e 05/10/25,MFR_002,CAT_001,TM_004,BRAND_009,60049.0401,8163.9713,5426.77,7.3554,96.456,120.1288,75.2482,10.2304,6.8004
MARKET_005,1 w/e 05/10/25,MFR_002,CAT_001,TM_005,BRAND_010,74437.5101,16235.0,6217.7916,4.585,98.9246,174.9176,90.9509,19.8366,7.5972
MARKET_005,1 w/e 05/10/25,MFR_002,CAT_001,TM_005,BRAND_008,99797.0701,16228.0001,8869.5,6.1497,37.8798,56.5056,318.4418,51.7818,28.3016
MARKET_001,1 w/e 05/11/24,MFR_001,CAT_001,TM_001,BRAND_001,132409.3681,39191.1565,11045.3156,3.3786,82.3997,218.6019,53.9244,15.9608,4.4983
MARKET_001,1 w/e 05/11/24,MFR_001,CAT_001,TM_002,BRAND_002,83661.4792,26323.079,5919.7875,3.1783,71.3792,109.2939,39.332,12.3754,2.7831
MARKET_001,1 w/e 05/11/24,MFR_001,CAT_001,TM_003,BRAND_004,463215.199,155532.6983,28890.4638,2.9782,76.416,147.3151,203.4188,68.3015,12.6871
MARKET_001,1 w/e 05/11/24,MFR_001,CAT_001,TM_003,BRAND_005,106282.9665,15421.6002,11566.2002,6.8918,51.4494,51.4494,69.3227,10.0587,7.544
MARKET_001,1 w/e 05/11/24,MFR_002,CAT_001,TM_004,BRAND_007,501735.536,97352.931,53016.9025,5.1538,50.0755,69.6105,336.2345,65.2404,35.5289
MARKET_001,1 w/e 05/11/24,MFR_002,CAT_001,TM_005,BRAND_008,738373.4561,180979.476,65274.8096,4.0799,63.9905,101.0425,387.216,94.9088,34.2313
MARKET_002,1 w/e 05/11/24,MFR_001,CAT_001,TM_001,BRAND_001,36273.0829,14690.4881,1703.7767,2.4692,59.7344,75.6578,176.398,71.4407,8.2856
MARKET_002,1 w/e 05/11/24,MFR_001,CAT_001,TM_002,BRAND_002,28700.6217,11857.2801,1227.2184,2.4205,48.8124,55.8962,170.8029,70.5649,7.3034
MARKET_002,1 w/e 05/11/24,MFR_001,CAT_001,TM_003,BRAND_004,143721.2651,56194.706,6334.8912,2.5576,67.7907,79.6485,615.8636,240.8014,27.1458
MARKET_002,1 w/e 05/11/24,MFR_001,CAT_001,TM_003,BRAND_005,308.9901,56.0001,42.0,5.5177,0.5164,0.5164,173.8047,31.4996,23.6247
MARKET_002,1 w/e 05/11/24,MFR_002,CAT_001,TM_004,BRAND_007,35034.3061,14784.237,1607.1914,2.3697,15.3605,15.8426,662.5548,279.5936,30.3946
MARKET_002,1 w/e 05/11/24,MFR_002,CAT_001,TM_005,BRAND_008,112651.5837,45314.6501,4937.2569,2.486,40.7093,42.871,803.8538,323.3541,35.231
MARKET_003,1 w/e 05/11/24,MFR_001,CAT_001,TM_001,BRAND_001,54780.3152,13730.9695,4911.5551,3.9895,87.1196,264.904,47.087,11.8026,4.2218
MARKET_003,1 w/e 05/11/24,MFR_001,CAT_001,TM_002,BRAND_002,35649.5276,8357.8009,3334.8621,4.2654,77.8877,121.4073,34.275,8.0356,3.2063
MARKET_003,1 w/e 05/11/24,MFR_001,CAT_001,TM_003,BRAND_004,205036.014,63749.9922,14960.7182,3.2163,82.6909,172.8173,185.68,57.7318,13.5484
MARKET_003,1 w/e 05/11/24,MFR_001,CAT_001,TM_003,BRAND_005,73777.6065,11137.6002,8353.2003,6.6242,69.0763,69.0764,79.9813,12.0741,9.0556
MARKET_003,1 w/e 05/11/24,MFR_002,CAT_001,TM_004,BRAND_007,296024.2998,52344.0277,33262.6905,5.6554,57.776,77.5777,383.6828,67.8441,43.1124
MARKET_003,1 w/e 05/11/24,MFR_002,CAT_001,TM_005,BRAND_008,413740.7224,90764.8261,39695.4694,4.5584,74.5022,121.5239,415.8643,91.2307,39.8992
MARKET_004,1 w/e 05/11/24,MFR_001,CAT_001,TM_001,BRAND_001,3388.2701,865.0,232.7761,3.9171,83.0532,181.4639,23.4889,5.9965,1.6137
MARKET_004,1 w/e 05/11/24,MFR_001,CAT_001,TM_002,BRAND_002,2611.32,698.0,193.1459,3.7411,77.7194,118.3355,19.3451,5.1709,1.4309
MARKET_004,1 w/e 05/11/24,MFR_001,CAT_001,TM_003,BRAND_004,12999.9201,4006.0001,884.4219,3.2451,70.7974,179.2952,105.7217,32.5787,7.1926
MARKET_004,1 w/e 05/11/24,MFR_001,CAT_001,TM_003,BRAND_005,5300.9301,677.0,507.75,7.83,61.851,61.851,49.3454,6.3021,4.7265
MARKET_004,1 w/e 05/11/24,MFR_002,CAT_001,TM_004,BRAND_007,14036.6201,2533.0,1711.1667,5.5415,39.1766,46.9187,206.2892,37.2262,25.1482
MARKET_004,1 w/e 05/11/24,MFR_002,CAT_001,TM_005,BRAND_008,17300.78,3426.0001,1806.1251,5.0498,51.246,67.2867,194.3779,38.4918,20.2922
MARKET_005,1 w/e 05/11/24,MFR_001,CAT_001,TM_001,BRAND_001,19532.19,5613.0001,1443.6896,3.4798,98.4576,290.2213,23.9657,6.8871,1.7714
MARKET_005,1 w/e 05/11/24,MFR_001,CAT_001,TM_002,BRAND_002,11997.8,3716.0001,867.3125,3.2287,90.4332,148.9639,16.0274,4.964,1.1586
MARKET_005,1 w/e 05/11/24,MFR_001,CAT_001,TM_003,BRAND_004,84741.8501,23757.0001,6099.552,3.567,91.368,183.8392,112.045,31.4113,8.0648
MARKET_005,1 w/e 05/11/24,MFR_001,CAT_001,TM_003,BRAND_005,28927.46,3780.0,2835.0,7.6528,67.3888,67.3888,51.8575,6.7763,5.0822
MARKET_005,1 w/e 05/11/24,MFR_002,CAT_001,TM_004,BRAND_007,154017.29,26236.0,16152.6875,5.8705,73.3711,109.5103,253.5903,43.1977,26.5955
MARKET_005,1 w/e 05/11/24,MFR_002,CAT_001,TM_005,BRAND_008,191255.73,39045.0,18606.1876,4.8983,83.1908,143.4876,277.733,56.6994,27.0191
MARKET_001,1 w/e 05/17/25,MFR_001,CAT_001,TM_001,BRAND_011,155664.1643,45939.511,9355.7998,3.3885,79.5095,143.006,65.4647,19.3199,3.9346
MARKET_001,1 w/e 05/17/25,MFR_001,CAT_001,TM_001,BRAND_001,2226.3693,775.0996,150.8009,2.8724,0.4544,0.5755,163.8241,57.0346,11.0965
MARKET_001,1 w/e 05/17/25,MFR_001,CAT_001,TM_002,BRAND_012,152928.4425,42109.3859,10301.2675,3.6317,74.7142,113.8189,68.4419,18.8457,4.6103
MARKET_001,1 w/e 05/17/25,MFR_001,CAT_001,TM_002,BRAND_002,759.9353,292.293,34.8222,2.5999,0.2404,0.2517,105.6948,40.6533,4.8432
MARKET_001,1 w/e 05/17/25,MFR_001,CAT_001,TM_002,BRAND_003,1194.0906,478.5231,52.7135,2.4954,0.4191,0.5412,95.2598,38.1746,4.2053
MARKET_001,1 w/e 05/17/25,MFR_001,CAT_001,TM_003,BRAND_015,68401.1784,24703.3901,3522.8412,2.7689,26.8138,40.8705,85.2985,30.8059,4.3931
MARKET_001,1 w/e 05/17/25,MFR_001,CAT_001,TM_003,BRAND_004,177538.3285,47173.0634,11578.9426,3.7636,69.3584,85.6417,85.5914,22.7422,5.5822
MARKET_001,1 w/e 05/17/25,MFR_001,CAT_001,TM_003,BRAND_013,48692.47,13185.0,3372.9375,3.693,22.207,35.1222,73.3176,19.853,5.0787
MARKET_001,1 w/e 05/17/25,MFR_001,CAT_001,TM_003,BRAND_005,49681.8165,6333.871,4750.4032,7.8438,41.4558,41.4558,40.0727,5.1088,3.8316
MARKET_001,1 w/e 05/17/25,MFR_001,CAT_001,TM_003,BRAND_006,684.98,69.6666,50.9582,9.8323,1.4222,1.4434,16.1046,1.6379,1.1981
MARKET_001,1 w/e 05/17/25,MFR_001,CAT_001,TM_003,BRAND_014,10490.9262,1337.879,1003.4093,7.8415,16.5351,16.5351,21.215,2.7055,2.0291
MARKET_001,1 w/e 05/17/25,MFR_002,CAT_001,TM_004,BRAND_007,456883.7491,86414.5673,42043.2732,5.2871,28.3811,44.8436,538.2861,101.8109,49.5341
MARKET_001,1 w/e 05/17/25,MFR_002,CAT_001,TM_004,BRAND_009,153263.454,22424.2519,13227.1928,6.8347,64.9965,75.9083,78.8471,11.5363,6.8048
MARKET_001,1 w/e 05/17/25,MFR_002,CAT_001,TM_005,BRAND_010,286133.2086,75927.2493,19932.4928,3.7685,81.033,124.2561,118.071,31.3309,8.225
MARKET_001,1 w/e 05/17/25,MFR_002,CAT_001,TM_005,BRAND_008,375473.5066,78044.8892,30361.0622,4.811,31.075,49.3261,404.0226,83.979,32.6696
MARKET_002,1 w/e 05/17/25,MFR_001,CAT_001,TM_001,BRAND_011,53655.14,20471.8567,2210.3946,2.6209,61.8394,62.0262,248.8029,94.9295,10.2498
MARKET_002,1 w/e 05/17/25,MFR_001,CAT_001,TM_001,BRAND_001,1864.1094,685.8836,118.6315,2.7178,2.9467,3.985,181.4042,66.7462,11.5445
MARKET_002,1 w/e 05/17/25,MFR_001,CAT_001,TM_002,BRAND_012,45494.7165,17909.7905,1880.4574,2.5402,47.6947,47.9671,273.5269,107.6786,11.3058
MARKET_002,1 w/e 05/17/25,MFR_001,CAT_001,TM_002,BRAND_002,756.9452,291.2931,34.718,2.5986,1.9888,2.0859,109.1391,41.9997,5.0058
MARKET_002,1 w/e 05/17/25,MFR_001,CAT_001,TM_002,BRAND_003,753.9124,324.032,31.8782,2.3267,2.5647,2.7432,84.2944,36.2298,3.5643
MARKET_002,1 w/e 05/17/25,MFR_001,CAT_001,TM_003,BRAND_015,28285.504,11104.525,1205.1588,2.5472,12.7571,13.4254,635.7993,249.6066,27.0895
MARKET_002,1 w/e 05/17/25,MFR_001,CAT_001,TM_003,BRAND_004,67289.9488,25452.0826,2684.8035,2.6438,50.2741,52.865,383.8095,145.174,15.3136
MARKET_002,1 w/e 05/17/25,MFR_002,CAT_001,TM_004,BRAND_007,42258.7184,17154.9431,1835.4662,2.4634,14.958,15.5932,810.1282,328.8719,35.1871
MARKET_002,1 w/e 05/17/25,MFR_002,CAT_001,TM_004,BRAND_009,6917.3121,2483.1951,285.7913,2.7856,9.9204,9.9204,199.9477,71.7778,8.2609
MARKET_002,1 w/e 05/17/25,MFR_002,CAT_001,TM_005,BRAND_010,84115.7437,31572.1923,3455.0818,2.6642,64.7662,67.1403,372.4248,139.7867,15.2975
MARKET_002,1 w/e 05/17/25,MFR_002,CAT_001,TM_005,BRAND_008,56539.7434,21605.0721,2360.32,2.617,22.0161,23.0856,736.417,281.401,30.7426
MARKET_003,1 w/e 05/17/25,MFR_001,CAT_001,TM_001,BRAND_011,49976.5143,11183.2392,3788.0471,4.4689,82.7563,123.8942,44.8785,10.0424,3.4016
MARKET_003,1 w/e 05/17/25,MFR_001,CAT_001,TM_001,BRAND_001,362.2599,89.216,32.1694,4.0605,0.2463,0.2463,109.3119,26.9209,9.7071
MARKET_003,1 w/e 05/17/25,MFR_001,CAT_001,TM_002,BRAND_012,57357.1859,11632.5984,4793.4215,4.9307,78.6065,116.5097,54.2253,10.9974,4.5317
MARKET_003,1 w/e 05/17/25,MFR_001,CAT_001,TM_002,BRAND_003,440.1782,154.491,20.835,2.8492,0.2669,0.4919,122.5645,43.0169,5.8014
MARKET_003,1 w/e 05/17/25,MFR_001,CAT_001,TM_003,BRAND_015,19922.8242,6516.865,1193.7657,3.0571,24.3923,38.636,60.6974,19.8545,3.637
MARKET_003,1 w/e 05/17/25,MFR_001,CAT_001,TM_003,BRAND_004,53150.2399,7918.9806,4739.41,6.7118,73.9017,82.5371,53.447,7.9632,4.7659
MARKET_003,1 w/e 05/17/25,MFR_001,CAT_001,TM_003,BRAND_013,20.98,8.0001,0.8332,2.6225,0.0636,0.0636,24.5208,9.3502,0.9739
MARKET_003,1 w/e 05/17/25,MFR_001,CAT_001,TM_003,BRAND_005,29513.2865,3721.8711,2791.4032,7.9297,50.4754,50.4754,43.4521,5.4797,4.1098
MARKET_003,1 w/e 05/17/25,MFR_001,CAT_001,TM_003,BRAND_006,684.98,69.6666,50.9582,9.8323,3.1608,3.2078,16.1046,1.6379,1.1981
MARKET_003,1 w/e 05/17/25,MFR_001,CAT_001,TM_003,BRAND_014,6313.0462,803.8791,602.9092,7.8532,18.9207,18.9207,24.7956,3.1574,2.368
MARKET_003,1 w/e 05/17/25,MFR_002,CAT_001,TM_004,BRAND_007,295337.4006,49371.6243,29044.7444,5.9819,31.4264,53.5697,698.388,116.7497,68.6825
MARKET_003,1 w/e 05/17/25,MFR_002,CAT_001,TM_004,BRAND_009,93791.3721,12445.7638,8173.0776,7.536,77.6494,91.7945,89.7631,11.9112,7.822
MARKET_003,1 w/e 05/17/25,MFR_002,CAT_001,TM_005,BRAND_010,118716.155,24560.2456,9559.2154,4.8337,86.3082,137.2812,102.2188,21.1472,8.2308
MARKET_003,1 w/e 05/17/25,MFR_002,CAT_001,TM_005,BRAND_008,215062.2532,37015.734,18727.867,5.81,33.2842,56.7631,480.1737,82.6458,41.8141
MARKET_004,1 w/e 05/17/25,MFR_001,CAT_001,TM_001,BRAND_011,4757.5601,1217.0,395.4689,3.9093,90.4938,172.7094,30.1217,7.7052,2.5038
MARKET_004,1 w/e 05/17/25,MFR_001,CAT_001,TM_002,BRAND_012,5367.93,1084.0,488.7916,4.952,87.4201,116.8325,35.1812,7.1045,3.2035
MARKET_004,1 w/e 05/17/25,MFR_001,CAT_001,TM_003,BRAND_015,1910.56,629.0001,121.0625,3.0375,26.2214,42.6962,41.7464,13.7439,2.6453
MARKET_004,1 w/e 05/17/25,MFR_001,CAT_001,TM_003,BRAND_004,2522.73,422.0001,253.2082,5.978,43.3278,48.2636,33.3594,5.5803,3.3483
MARKET_004,1 w/e 05/17/25,MFR_001,CAT_001,TM_003,BRAND_005,991.16,147.0001,110.25,6.7426,19.6363,19.6363,28.9201,4.2892,3.2169
MARKET_004,1 w/e 05/17/25,MFR_001,CAT_001,TM_003,BRAND_014,791.0201,108.0,81.0,7.3243,20.801,20.801,21.7881,2.9748,2.2311
MARKET_004,1 w/e 05/17/25,MFR_002,CAT_001,TM_004,BRAND_007,7647.13,1241.0,803.5208,6.1621,14.4189,18.3201,303.8651,49.3122,31.9286
MARKET_004,1 w/e 05/17/25,MFR_002,CAT_001,TM_004,BRAND_009,6223.72,947.3322,651.0825,6.5697,90.8964,101.2372,39.2299,5.9713,4.104
MARKET_004,1 w/e 05/17/25,MFR_002,CAT_001,TM_005,BRAND_010,5650.7401,1157.0,528.6875,4.884,93.8951,124.7533,34.4807,7.06,3.226
MARKET_004,1 w/e 05/17/25,MFR_002,CAT_001,TM_005,BRAND_008,5057.01,895.0,496.2292,5.6503,13.9686,18.3635,207.4211,36.7098,20.3536
MARKET_005,1 w/e 05/17/25,MFR_001,CAT_001,TM_001,BRAND_011,39408.0901,10006.0,2644.802,3.9384,99.4564,260.349,47.893,12.1604,3.2143
MARKET_005,1 w/e 05/17/25,MFR_001,CAT_001,TM_002,BRAND_012,37869.8701,9155.0001,2811.0625,4.1365,97.7073,174.1583,46.8475,11.3253,3.4775
MARKET_005,1 w/e 05/17/25,MFR_001,CAT_001,TM_003,BRAND_015,19406.3401,6554.0,1121.8751,2.961,48.844,75.7819,48.0233,16.2187,2.7762
MARKET_005,1 w/e 05/17/25,MFR_001,CAT_001,TM_003,BRAND_004,43036.48,8954.0001,3445.0,4.8064,95.8352,143.9952,54.2789,11.2931,4.3449
MARKET_005,1 w/e 05/17/25,MFR_001,CAT_001,TM_003,BRAND_013,56219.0701,15360.0001,3872.6875,3.6601,89.657,140.3385,75.7912,20.7074,5.2209
MARKET_005,1 w/e 05/17/25,MFR_001,CAT_001,TM_003,BRAND_005,21377.0,2681.0,2010.75,7.9735,73.6153,73.6153,35.0993,4.402,3.3015
MARKET_005,1 w/e 05/17/25,MFR_001,CAT_001,TM_003,BRAND_014,4253.34,533.0,399.7501,7.98,26.5553,26.5553,19.3597,2.426,1.8195
MARKET_005,1 w/e 05/17/25,MFR_002,CAT_001,TM_004,BRAND_007,117550.42,19105.0001,11192.5833,6.1529,41.3001,63.8056,344.0267,55.9133,32.7566
MARKET_005,1 w/e 05/17/25,MFR_002,CAT_001,TM_004,BRAND_009,50096.18,6863.3054,4680.5416,7.2991,93.2369,107.905,64.9436,8.8974,6.0677
MARKET_005,1 w/e 05/17/25,MFR_002,CAT_001,TM_005,BRAND_010,67701.1901,15060.0001,5824.7917,4.4954,99.1927,170.6479,82.4966,18.3512,7.0977
MARKET_005,1 w/e 05/17/25,MFR_002,CAT_001,TM_005,BRAND_008,99598.0501,17781.0001,9176.5834,5.6014,45.0004,71.5255,267.5184,47.7594,24.6481
MARKET_001,1 w/e 05/18/24,MFR_001,CAT_001,TM_001,BRAND_001,114071.4954,34885.5483,8804.9271,3.2699,78.6496,192.5236,48.6779,14.8868,3.7573
MARKET_001,1 w/e 05/18/24,MFR_001,CAT_001,TM_002,BRAND_002,72716.8366,23127.0711,5098.1855,3.1442,65.819,98.7453,37.0796,11.7929,2.5997
MARKET_001,1 w/e 05/18/24,MFR_001,CAT_001,TM_003,BRAND_004,426811.4816,142271.1548,25345.5798,3.0,78.3058,147.7938,182.9337,60.9782,10.8633
MARKET_001,1 w/e 05/18/24,MFR_001,CAT_001,TM_003,BRAND_005,90623.2458,12386.3801,9289.785,7.3164,50.5306,50.5306,60.1917,8.227,6.1702
MARKET_001,1 w/e 05/18/24,MFR_002,CAT_001,TM_004,BRAND_007,397679.4587,85204.9371,36353.2356,4.6673,46.7226,69.9519,285.6654,61.2053,26.1137
MARKET_001,1 w/e 05/18/24,MFR_002,CAT_001,TM_005,BRAND_008,645443.364,168260.7154,51489.6475,3.836,66.3516,107.8107,326.481,85.1104,26.0447
MARKET_002,1 w/e 05/18/24,MFR_001,CAT_001,TM_001,BRAND_001,35917.5003,14912.9397,1622.6747,2.4085,55.5724,71.413,187.9657,78.0433,8.4919
MARKET_002,1 w/e 05/18/24,MFR_001,CAT_001,TM_002,BRAND_002,26171.5449,11090.082,1151.19,2.3599,46.7306,50.4047,162.8771,69.0185,7.1644
MARKET_002,1 w/e 05/18/24,MFR_001,CAT_001,TM_003,BRAND_004,154049.0805,60282.6909,6708.3492,2.5554,72.4916,85.2705,618.0212,241.8449,26.9129
MARKET_002,1 w/e 05/18/24,MFR_001,CAT_001,TM_003,BRAND_005,415.96,66.0001,49.5001,6.3024,0.7733,0.7733,156.4406,24.8223,18.6167
MARKET_002,1 w/e 05/18/24,MFR_002,CAT_001,TM_004,BRAND_007,46656.1266,20062.687,2155.0925,2.3255,19.0817,19.6212,711.0892,305.7768,32.8459
MARKET_002,1 w/e 05/18/24,MFR_002,CAT_001,TM_005,BRAND_008,133418.4126,53760.589,5894.4652,2.4817,50.2512,52.8578,772.1491,311.1354,34.1138
MARKET_003,1 w/e 05/18/24,MFR_001,CAT_001,TM_001,BRAND_001,44603.625,11252.6088,3814.1818,3.9638,83.4666,223.1552,40.0175,10.0956,3.422
MARKET_003,1 w/e 05/18/24,MFR_001,CAT_001,TM_002,BRAND_002,28804.0619,6672.3235,2615.8087,4.3169,69.7728,103.1238,30.9143,7.1612,2.8075
MARKET_003,1 w/e 05/18/24,MFR_001,CAT_001,TM_003,BRAND_004,171210.291,49281.464,12059.2618,3.4741,84.6504,171.8717,151.4585,43.5961,10.668
MARKET_003,1 w/e 05/18/24,MFR_001,CAT_001,TM_003,BRAND_005,62148.1758,8527.3801,6395.535,7.2881,67.834,67.834,68.6079,9.4137,7.0603
MARKET_003,1 w/e 05/18/24,MFR_002,CAT_001,TM_004,BRAND_007,233958.0018,41083.0834,22743.8517,5.6948,51.6034,77.1449,339.5097,59.618,33.0049
MARKET_003,1 w/e 05/18/24,MFR_002,CAT_001,TM_005,BRAND_008,330048.2214,71581.1265,29164.1197,4.6108,75.6853,130.2835,326.5566,70.8239,28.8556
MARKET_004,1 w/e 05/18/24,MFR_001,CAT_001,TM_001,BRAND_001,2951.43,760.0,213.4417,3.8835,84.043,166.2493,20.2196,5.2066,1.4622
MARKET_004,1 w/e 05/18/24,MFR_001,CAT_001,TM_002,BRAND_002,2387.95,608.0001,205.5416,3.9275,73.9491,110.1639,18.5923,4.7338,1.6003
MARKET_004,1 w/e 05/18/24,MFR_001,CAT_001,TM_003,BRAND_004,12615.3901,3815.0,938.3751,3.3068,74.0245,187.7522,98.1219,29.6729,7.2986
MARKET_004,1 w/e 05/18/24,MFR_001,CAT_001,TM_003,BRAND_005,5584.4301,800.0,600.0,6.9805,61.6832,61.6832,52.1258,7.4673,5.6005
MARKET_004,1 w/e 05/18/24,MFR_002,CAT_001,TM_004,BRAND_007,9065.23,1712.0001,958.5,5.2951,37.0026,46.3679,141.0547,26.6387,14.9142
MARKET_004,1 w/e 05/18/24,MFR_002,CAT_001,TM_005,BRAND_008,13970.78,2978.0,1330.625,4.6913,52.4032,70.8805,153.4982,32.7196,14.6197
MARKET_005,1 w/e 05/18/24,MFR_001,CAT_001,TM_001,BRAND_001,18146.7901,4921.0001,1374.4636,3.6876,96.5162,276.0427,22.7137,6.1594,1.7204
MARKET_005,1 w/e 05/18/24,MFR_001,CAT_001,TM_002,BRAND_002,11857.4201,3431.0,909.4792,3.456,87.0285,148.1285,16.4595,4.7626,1.2625
MARKET_005,1 w/e 05/18/24,MFR_001,CAT_001,TM_003,BRAND_004,72619.4,21345.0,5053.2136,3.4022,91.1803,181.3509,96.2144,28.2803,6.6951
MARKET_005,1 w/e 05/18/24,MFR_001,CAT_001,TM_003,BRAND_005,24480.9801,3200.0,2400.0,7.6503,67.5077,67.5077,43.8091,5.7264,4.2948
MARKET_005,1 w/e 05/18/24,MFR_002,CAT_001,TM_004,BRAND_007,101345.09,19893.0,9965.5625,5.0945,70.2603,110.1685,174.2532,34.2041,17.1348
MARKET_005,1 w/e 05/18/24,MFR_002,CAT_001,TM_005,BRAND_008,158948.59,34732.0,14763.7084,4.5764,84.0273,144.7796,228.5202,49.9342,21.2258
MARKET_001,1 w/e 05/24/25,MFR_001,CAT_001,TM_001,BRAND_011,156923.8828,44922.0075,10565.7722,3.4933,80.1073,141.7968,65.4927,18.7483,4.4097
MARKET_001,1 w/e 05/24/25,MFR_001,CAT_001,TM_001,BRAND_001,2195.4302,771.916,146.7824,2.8441,0.4204,0.5414,174.5869,61.385,11.6726
MARKET_001,1 w/e 05/24/25,MFR_001,CAT_001,TM_002,BRAND_012,156689.3753,42455.1126,12003.9507,3.6907,75.705,112.9761,69.1976,18.7492,5.3012
MARKET_001,1 w/e 05/24/25,MFR_001,CAT_001,TM_002,BRAND_002,750.8541,291.258,34.1103,2.578,0.2528,0.2641,99.3062,38.5211,4.5113
MARKET_001,1 w/e 05/24/25,MFR_001,CAT_001,TM_002,BRAND_003,1202.7506,501.5231,53.8645,2.3982,0.4468,0.5655,90.0007,37.5285,4.0306
MARKET_001,1 w/e 05/24/25,MFR_001,CAT_001,TM_003,BRAND_015,375309.7543,135061.7762,20627.0038,2.7788,59.8412,97.2342,209.6841,75.4585,11.5242
MARKET_001,1 w/e 05/24/25,MFR_001,CAT_001,TM_003,BRAND_004,196290.9293,51011.6446,14246.0245,3.848,69.4452,84.1954,94.5005,24.5586,6.8585
MARKET_001,1 w/e 05/24/25,MFR_001,CAT_001,TM_003,BRAND_013,30433.3314,7731.064,2220.3401,3.9365,19.1694,27.815,53.0782,13.4836,3.8725
MARKET_001,1 w/e 05/24/25,MFR_001,CAT_001,TM_003,BRAND_005,48771.8363,6914.4872,5185.8655,7.0536,39.0294,39.0294,41.7785,5.923,4.4423
MARKET_001,1 w/e 05/24/25,MFR_001,CAT_001,TM_003,BRAND_006,624.07,66.9998,49.6041,9.3145,1.1982,1.1982,17.4136,1.8695,1.3841
MARKET_001,1 w/e 05/24/25,MFR_001,CAT_001,TM_003,BRAND_014,65033.2066,9035.2375,6776.428,7.1977,38.3928,38.3928,56.632,7.868,5.901
MARKET_001,1 w/e 05/24/25,MFR_002,CAT_001,TM_004,BRAND_007,418443.1472,81587.0241,41988.9502,5.1288,33.2675,50.3966,420.5252,81.993,42.1979
MARKET_001,1 w/e 05/24/25,MFR_002,CAT_001,TM_004,BRAND_009,170675.6092,23708.1861,14690.7986,7.199,64.6447,72.9375,88.2703,12.2614,7.5978
MARKET_001,1 w/e 05/24/25,MFR_002,CAT_001,TM_005,BRAND_010,289462.649,77910.4653,21905.7865,3.7153,81.1192,123.8776,119.3013,32.1106,9.0284
MARKET_001,1 w/e 05/24/25,MFR_002,CAT_001,TM_005,BRAND_008,379694.4916,84288.6766,33164.2255,4.5047,36.9169,59.7886,343.863,76.3344,30.0345
MARKET_002,1 w/e 05/24/25,MFR_001,CAT_001,TM_001,BRAND_011,52579.6348,19887.2268,2083.2112,2.6439,62.4862,62.6796,241.2726,91.2567,9.5592
MARKET_002,1 w/e 05/24/25,MFR_001,CAT_001,TM_001,BRAND_001,1833.1705,682.7,114.613,2.6852,2.6554,3.6931,197.9452,73.7177,12.3759
MARKET_002,1 w/e 05/24/25,MFR_001,CAT_001,TM_002,BRAND_012,42865.407,16651.8934,1750.0722,2.5742,44.985,45.2168,273.2205,106.1378,11.1548
MARKET_002,1 w/e 05/24/25,MFR_001,CAT_001,TM_002,BRAND_002,734.674,288.258,33.1519,2.5487,1.9764,2.0735,106.5842,41.8196,4.8096
MARKET_002,1 w/e 05/24/25,MFR_001,CAT_001,TM_002,BRAND_003,758.0724,346.032,32.7951,2.1908,2.8021,2.9516,77.572,35.4087,3.3558
MARKET_002,1 w/e 05/24/25,MFR_001,CAT_001,TM_003,BRAND_015,109571.7234,43274.7588,4694.4334,2.532,42.6882,45.5249,735.9784,290.6707,31.5319
MARKET_002,1 w/e 05/24/25,MFR_001,CAT_001,TM_003,BRAND_004,75761.3651,27836.56,3021.975,2.7216,48.5637,51.41,447.3115,164.3531,17.8424
MARKET_002,1 w/e 05/24/25,MFR_001,CAT_001,TM_003,BRAND_013,771.5014,258.064,26.8816,2.9896,0.6393,0.6393,346.0113,115.7393,12.0562
MARKET_002,1 w/e 05/24/25,MFR_001,CAT_001,TM_003,BRAND_005,7.5001,1.0001,0.75,7.5,0.047,0.047,45.7875,6.105,4.5788
MARKET_002,1 w/e 05/24/25,MFR_001,CAT_001,TM_003,BRAND_014,28.64,3.0,2.25,9.5467,0.0572,0.0572,143.4151,15.0225,11.2669
MARKET_002,1 w/e 05/24/25,MFR_002,CAT_001,TM_004,BRAND_007,36109.4631,13757.905,1481.6805,2.6246,17.9082,18.5277,578.1547,220.2801,23.7234
MARKET_002,1 w/e 05/24/25,MFR_002,CAT_001,TM_004,BRAND_009,8103.0762,2853.5667,363.8854,2.8396,6.6587,6.687,348.9276,122.8778,15.6693
MARKET_002,1 w/e 05/24/25,MFR_002,CAT_001,TM_005,BRAND_010,85654.73,32523.1754,3529.2786,2.6337,62.3809,63.9383,393.7077,149.4912,16.2222
MARKET_002,1 w/e 05/24/25,MFR_002,CAT_001,TM_005,BRAND_008,53726.5546,20408.566,2290.5799,2.6325,24.9559,26.9025,617.2912,234.4842,26.3176
MARKET_003,1 w/e 05/24/25,MFR_001,CAT_001,TM_001,BRAND_011,54993.1579,11951.1147,5005.4052,4.6015,83.5261,122.8078,48.9282,10.6331,4.4534
MARKET_003,1 w/e 05/24/25,MFR_001,CAT_001,TM_001,BRAND_001,362.2599,89.216,32.1694,4.0605,0.2463,0.2463,109.3119,26.9209,9.7071
MARKET_003,1 w/e 05/24/25,MFR_001,CAT_001,TM_002,BRAND_012,65470.898,13485.3024,6548.9407,4.855,80.9112,116.9447,60.1329,12.3858,6.015
MARKET_003,1 w/e 05/24/25,MFR_001,CAT_001,TM_002,BRAND_003,444.6782,155.491,21.0695,2.8598,0.2669,0.4919,123.8175,43.2954,5.8667
MARKET_003,1 w/e 05/24/25,MFR_001,CAT_001,TM_003,BRAND_015,170369.0609,59397.6842,10361.987,2.8683,66.7154,115.5218,189.7743,66.1632,11.5422
MARKET_003,1 w/e 05/24/25,MFR_001,CAT_001,TM_003,BRAND_004,65402.9242,10099.0846,6867.8827,6.4761,75.3677,81.7346,64.4889,9.9579,6.7719
MARKET_003,1 w/e 05/24/25,MFR_001,CAT_001,TM_003,BRAND_005,32172.5862,4671.4873,3503.6155,6.887,49.3109,49.3109,48.486,7.0402,5.2802
MARKET_003,1 w/e 05/24/25,MFR_001,CAT_001,TM_003,BRAND_006,624.07,66.9998,49.6041,9.3145,2.6633,2.6633,17.4136,1.8695,1.3841
MARKET_003,1 w/e 05/24/25,MFR_001,CAT_001,TM_003,BRAND_014,45247.2966,6404.9042,4803.6782,7.0645,49.1936,49.1936,68.3529,9.6756,7.2567
MARKET_003,1 w/e 05/24/25,MFR_002,CAT_001,TM_004,BRAND_007,272838.4042,48365.1198,29405.166,5.6412,37.6153,60.816,539.0307,95.5521,58.094
MARKET_003,1 w/e 05/24/25,MFR_002,CAT_001,TM_004,BRAND_009,109207.2628,13763.0279,9584.9488,7.9348,78.6403,90.0168,103.1999,13.0059,9.0577
MARKET_003,1 w/e 05/24/25,MFR_002,CAT_001,TM_005,BRAND_010,124712.519,26565.2071,11392.529,4.6946,86.3626,137.5497,107.3141,22.8592,9.8032
MARKET_003,1 w/e 05/24/25,MFR_002,CAT_001,TM_005,BRAND_008,217204.147,41882.5276,20614.8543,5.186,40.7268,70.5854,396.3333,76.4232,37.616
MARKET_004,1 w/e 05/24/25,MFR_001,CAT_001,TM_001,BRAND_011,5852.41,1462.6667,551.7708,4.0012,94.9498,183.6106,35.2314,8.8052,3.3216
MARKET_004,1 w/e 05/24/25,MFR_001,CAT_001,TM_002,BRAND_012,5500.8401,1181.25,617.2708,4.6568,91.9926,119.649,34.1794,7.3397,3.8354
MARKET_004,1 w/e 05/24/25,MFR_001,CAT_001,TM_003,BRAND_015,7341.2,2190.0,519.3958,3.3521,42.6718,70.4985,98.3365,29.3354,6.9574
MARKET_004,1 w/e 05/24/25,MFR_001,CAT_001,TM_003,BRAND_004,3122.17,578.0,387.0001,5.4017,41.9515,45.5827,42.54,7.8753,5.2729
MARKET_004,1 w/e 05/24/25,MFR_001,CAT_001,TM_003,BRAND_005,598.05,105.0,78.75,5.6957,14.963,14.963,22.8459,4.0111,3.0083
MARKET_004,1 w/e 05/24/25,MFR_001,CAT_001,TM_003,BRAND_014,3171.1001,462.0,346.5,6.8639,40.0328,40.0328,45.2775,6.5965,4.9474
MARKET_004,1 w/e 05/24/25,MFR_002,CAT_001,TM_004,BRAND_007,7565.59,1331.0,868.4375,5.6841,19.7476,23.8138,218.9865,38.5259,25.137
MARKET_004,1 w/e 05/24/25,MFR_002,CAT_001,TM_004,BRAND_009,7570.76,791.9722,564.9167,9.5594,93.5424,100.7984,46.2615,4.8394,3.4519
MARKET_004,1 w/e 05/24/25,MFR_002,CAT_001,TM_005,BRAND_010,6156.96,1315.0,646.5417,4.6821,94.9813,123.9171,37.0524,7.9136,3.8909
MARKET_004,1 w/e 05/24/25,MFR_002,CAT_001,TM_005,BRAND_008,6277.8701,1112.0,658.3332,5.6456,19.5066,25.5715,183.9583,32.5846,19.2909
MARKET_005,1 w/e 05/24/25,MFR_001,CAT_001,TM_001,BRAND_011,36136.83,8808.0001,2459.1979,4.1027,99.6886,255.4018,43.8151,10.6795,2.9817
MARKET_005,1 w/e 05/24/25,MFR_001,CAT_001,TM_002,BRAND_012,36917.35,8891.0,2746.1042,4.1522,98.3438,170.1045,45.3736,10.9276,3.3751
MARKET_005,1 w/e 05/24/25,MFR_001,CAT_001,TM_003,BRAND_015,82304.1401,26957.0,4903.1043,3.0532,82.3136,138.6487,120.8564,39.584,7.1998
MARKET_005,1 w/e 05/24/25,MFR_001,CAT_001,TM_003,BRAND_004,39109.8301,7855.0001,3176.8125,4.979,95.3262,140.9465,49.5899,9.9599,4.0281
MARKET_005,1 w/e 05/24/25,MFR_001,CAT_001,TM_003,BRAND_013,34448.3801,8628.0001,2509.4584,3.9926,76.9369,111.6112,54.1195,13.5549,3.9424
MARKET_005,1 w/e 05/24/25,MFR_001,CAT_001,TM_003,BRAND_005,17416.4,2184.0001,1638.0001,7.9745,66.454,66.454,31.6779,3.9724,2.9793
MARKET_005,1 w/e 05/24/25,MFR_001,CAT_001,TM_003,BRAND_014,17599.94,2205.0,1653.7501,7.9818,52.7364,52.7364,40.3385,5.0538,3.7903
MARKET_005,1 w/e 05/24/25,MFR_002,CAT_001,TM_004,BRAND_007,97832.38,16670.0001,9842.3125,5.8688,46.4854,69.32,254.3815,43.345,25.5918
MARKET_005,1 w/e 05/24/25,MFR_002,CAT_001,TM_004,BRAND_009,48427.35,6616.3055,4674.8332,7.3194,91.6017,101.3123,63.9009,8.7303,6.1685
MARKET_005,1 w/e 05/24/25,MFR_002,CAT_001,TM_005,BRAND_010,62536.9301,13907.0,5563.8958,4.4968,98.9568,168.7393,76.3854,16.9866,6.796
MARKET_005,1 w/e 05/24/25,MFR_002,CAT_001,TM_005,BRAND_008,97426.6201,18385.0001,9320.2292,5.2992,50.4661,82.265,233.3443,44.0335,22.3227
MARKET_001,1 w/e 05/25/24,MFR_001,CAT_001,TM_001,BRAND_001,103578.3381,31320.4386,8457.631,3.3071,77.0626,179.3604,45.1104,13.6407,3.6835
MARKET_001,1 w/e 05/25/24,MFR_001,CAT_001,TM_002,BRAND_002,71865.9429,22170.9838,6232.1688,3.2414,64.8316,94.5752,37.2039,11.4776,3.2263
MARKET_001,1 w/e 05/25/24,MFR_001,CAT_001,TM_003,BRAND_004,398435.0413,133708.2232,26562.0709,2.9799,78.477,144.2588,170.399,57.1831,11.3598
MARKET_001,1 w/e 05/25/24,MFR_001,CAT_001,TM_003,BRAND_005,100203.1443,16839.6941,12629.7706,5.9504,47.8123,47.8123,70.3386,11.8208,8.8656
MARKET_001,1 w/e 05/25/24,MFR_002,CAT_001,TM_004,BRAND_007,404249.4288,95912.3671,38668.2441,4.2148,46.9765,68.4925,288.8159,68.5246,27.6265
MARKET_001,1 w/e 05/25/24,MFR_002,CAT_001,TM_005,BRAND_008,642217.5783,168729.4416,55608.0993,3.8062,67.8516,110.2454,317.6684,83.4608,27.5062
MARKET_002,1 w/e 05/25/24,MFR_001,CAT_001,TM_001,BRAND_001,31563.0174,13465.366,1418.3027,2.344,52.6927,67.8438,174.206,74.3195,7.8281
MARKET_002,1 w/e 05/25/24,MFR_001,CAT_001,TM_002,BRAND_002,22698.1477,9428.754,968.0308,2.4073,39.3551,44.694,167.7352,69.6768,7.1536
MARKET_002,1 w/e 05/25/24,MFR_001,CAT_001,TM_003,BRAND_004,148835.7498,58508.1131,6461.5928,2.5438,73.8384,88.6411,586.2195,230.446,25.4503
MARKET_002,1 w/e 05/25/24,MFR_001,CAT_001,TM_003,BRAND_005,974.9877,112.644,84.4831,8.6555,1.0506,1.0506,269.8853,31.1809,23.3857
MARKET_002,1 w/e 05/25/24,MFR_002,CAT_001,TM_004,BRAND_007,63102.2944,26631.59,2820.6241,2.3695,23.4285,23.8929,783.3151,330.589,35.0136
MARKET_002,1 w/e 05/25/24,MFR_002,CAT_001,TM_005,BRAND_008,136579.429,55276.042,5983.9576,2.4709,54.748,56.9842,725.5254,293.6326,31.7875
MARKET_003,1 w/e 05/25/24,MFR_001,CAT_001,TM_001,BRAND_001,42903.2106,10406.4063,4243.0556,4.1228,82.8762,200.0663,38.7661,9.4029,3.8339
MARKET_003,1 w/e 05/25/24,MFR_001,CAT_001,TM_002,BRAND_002,31750.7353,7680.1465,3827.3256,4.1341,70.2544,98.5385,33.8433,8.1863,4.0796
MARKET_003,1 w/e 05/25/24,MFR_001,CAT_001,TM_003,BRAND_004,163174.9814,46798.7736,14398.2362,3.4867,84.9085,167.6708,143.9113,41.2739,12.6985
MARKET_003,1 w/e 05/25/24,MFR_001,CAT_001,TM_003,BRAND_005,75034.0066,13204.0502,9903.0376,5.6827,66.0809,66.081,85.0305,14.9632,11.2224
MARKET_003,1 w/e 05/25/24,MFR_002,CAT_001,TM_004,BRAND_007,229881.9444,45708.1108,24733.016,5.0293,51.5441,77.7354,333.9789,66.406,35.9328
MARKET_003,1 w/e 05/25/24,MFR_002,CAT_001,TM_005,BRAND_008,339119.3792,74653.0666,34140.0585,4.5426,77.189,133.3083,328.9955,72.4244,33.1209
MARKET_004,1 w/e 05/25/24,MFR_001,CAT_001,TM_001,BRAND_001,3050.5301,721.0,268.1302,4.231,88.4999,181.7,19.846,4.6907,1.7444
MARKET_004,1 w/e 05/25/24,MFR_001,CAT_001,TM_002,BRAND_002,2964.32,734.0833,317.3333,4.0381,77.2389,109.7856,22.0968,5.472,2.3655
MARKET_004,1 w/e 05/25/24,MFR_001,CAT_001,TM_003,BRAND_004,13578.87,4283.0,1152.1771,3.1704,75.7875,188.0176,103.159,32.5381,8.7531
MARKET_004,1 w/e 05/25/24,MFR_001,CAT_001,TM_003,BRAND_005,6422.86,1139.0,854.2501,5.639,61.6923,61.6923,59.943,10.63,7.9725
MARKET_004,1 w/e 05/25/24,MFR_002,CAT_001,TM_004,BRAND_007,10677.7201,2337.0,1407.2293,4.569,35.2651,41.0616,174.3307,38.1552,22.9752
MARKET_004,1 w/e 05/25/24,MFR_002,CAT_001,TM_005,BRAND_008,15216.3,3347.6665,1716.3748,4.5453,52.9217,75.7127,165.545,36.4208,18.6732
MARKET_005,1 w/e 05/25/24,MFR_001,CAT_001,TM_001,BRAND_001,17836.7501,4531.0,1405.6072,3.9366,96.8982,269.498,22.2376,5.6489,1.7524
MARKET_005,1 w/e 05/25/24,MFR_001,CAT_001,TM_002,BRAND_002,11660.26,3169.0,934.1875,3.6795,87.2222,144.6391,16.1499,4.3892,1.2939
MARKET_005,1 w/e 05/25/24,MFR_001,CAT_001,TM_003,BRAND_004,58591.72,17447.6667,4042.2084,3.3581,89.2573,172.3932,79.3014,23.6147,5.471
MARKET_005,1 w/e 05/25/24,MFR_001,CAT_001,TM_003,BRAND_005,19868.94,2598.0,1948.5,7.6478,60.5517,60.5517,39.6403,5.1832,3.8874
MARKET_005,1 w/e 05/25/24,MFR_002,CAT_001,TM_004,BRAND_007,93189.06,18250.0,9018.1251,5.1062,69.4942,102.7694,161.9962,31.7251,15.6768
MARKET_005,1 w/e 05/25/24,MFR_002,CAT_001,TM_005,BRAND_008,141417.85,30350.0,13158.3125,4.6596,85.0429,146.0707,200.8884,43.1131,18.6918
MARKET_001,1 w/e 05/31/25,MFR_001,CAT_001,TM_001,BRAND_011,156077.5929,43820.6274,11473.5983,3.5617,79.3489,138.5524,65.7898,18.4713,4.8363
MARKET_001,1 w/e 05/31/25,MFR_001,CAT_001,TM_001,BRAND_001,2221.884,776.965,150.4382,2.8597,0.445,0.566,167.015,58.4031,11.3082
MARKET_001,1 w/e 05/31/25,MFR_001,CAT_001,TM_002,BRAND_012,154964.9132,41232.6506,11981.1535,3.7583,74.1637,108.754,69.8877,18.5955,5.4034
MARKET_001,1 w/e 05/31/25,MFR_001,CAT_001,TM_002,BRAND_002,764.607,291.2411,35.4,2.6253,0.2341,0.2455,109.2265,41.6047,5.057
MARKET_001,1 w/e 05/31/25,MFR_001,CAT_001,TM_002,BRAND_003,1082.391,441.593,48.3196,2.4511,0.3908,0.513,92.6379,37.7944,4.1355
MARKET_001,1 w/e 05/31/25,MFR_001,CAT_001,TM_003,BRAND_015,494745.4245,172159.1267,28177.9909,2.8738,69.1501,113.5549,239.3027,83.2714,13.6294
MARKET_001,1 w/e 05/31/25,MFR_001,CAT_001,TM_003,BRAND_004,200370.7282,53353.5425,15531.4368,3.7555,69.7125,86.0594,96.1351,25.5983,7.4518
MARKET_001,1 w/e 05/31/25,MFR_001,CAT_001,TM_003,BRAND_013,23976.358,5945.0711,1676.5074,4.033,16.5828,20.8843,48.3596,11.991,3.3815
MARKET_001,1 w/e 05/31/25,MFR_001,CAT_001,TM_003,BRAND_005,38810.8531,6324.1373,4743.1028,6.1369,30.4336,30.4336,42.6538,6.9503,5.2128
MARKET_001,1 w/e 05/31/25,MFR_001,CAT_001,TM_003,BRAND_006,411.5301,46.1665,32.6874,8.914,1.0754,1.0754,12.7996,1.4359,1.0167
MARKET_001,1 w/e 05/31/25,MFR_001,CAT_001,TM_003,BRAND_014,103640.4798,14970.3548,11227.766,6.923,51.2785,51.2785,67.6009,9.7646,7.3235
MARKET_001,1 w/e 05/31/25,MFR_002,CAT_001,TM_004,BRAND_007,397017.0445,80463.9448,45273.4285,4.9341,33.7178,49.6922,393.829,79.8178,44.9099
MARKET_001,1 w/e 05/31/25,MFR_002,CAT_001,TM_004,BRAND_009,181228.8915,23070.1317,14746.4123,7.8556,66.3326,72.9754,91.3816,11.6327,7.4356
MARKET_001,1 w/e 05/31/25,MFR_002,CAT_001,TM_005,BRAND_010,292115.0355,79254.6897,23751.3558,3.6858,81.61,124.1406,119.7206,32.4818,9.7343
MARKET_001,1 w/e 05/31/25,MFR_002,CAT_001,TM_005,BRAND_008,376930.3549,88490.8535,35577.2772,4.2595,38.9242,63.4118,323.8921,76.0392,30.5712
MARKET_002,1 w/e 05/31/25,MFR_001,CAT_001,TM_001,BRAND_011,49906.1953,19122.3501,1997.7241,2.6098,57.4999,57.6272,248.7897,95.3277,9.9589
MARKET_002,1 w/e 05/31/25,MFR_001,CAT_001,TM_001,BRAND_001,1859.6243,687.749,118.2688,2.7039,2.8634,3.9009,186.1579,68.8472,11.8393
MARKET_002,1 w/e 05/31/25,MFR_001,CAT_001,TM_002,BRAND_012,48279.818,16578.6519,2117.9686,2.9122,43.6457,44.54,317.0807,108.8813,13.9099
MARKET_002,1 w/e 05/31/25,MFR_001,CAT_001,TM_002,BRAND_002,764.607,291.2411,35.4,2.6253,2.0066,2.1037,109.2265,41.6047,5.057
MARKET_002,1 w/e 05/31/25,MFR_001,CAT_001,TM_002,BRAND_003,646.7127,288.1021,27.719,2.2447,2.4811,2.6604,74.7152,33.2847,3.2024
MARKET_002,1 w/e 05/31/25,MFR_001,CAT_001,TM_003,BRAND_015,139224.9268,55372.5011,5934.5941,2.5143,49.9762,52.6303,798.5448,317.597,34.0387
MARKET_002,1 w/e 05/31/25,MFR_001,CAT_001,TM_003,BRAND_004,67382.3284,25206.0319,2744.3603,2.6733,49.7634,52.3548,388.1336,145.191,15.808
MARKET_002,1 w/e 05/31/25,MFR_001,CAT_001,TM_003,BRAND_013,4102.488,1378.071,143.5491,2.977,1.8156,1.8156,647.6931,217.5673,22.6633
MARKET_002,1 w/e 05/31/25,MFR_001,CAT_001,TM_003,BRAND_014,46.82,6.0,4.5,7.8033,0.0661,0.0661,203.0356,26.0191,19.5143
MARKET_002,1 w/e 05/31/25,MFR_002,CAT_001,TM_004,BRAND_007,29151.9975,10936.797,1189.7596,2.6655,16.0773,16.7109,519.7565,194.9942,21.2125
MARKET_002,1 w/e 05/31/25,MFR_002,CAT_001,TM_004,BRAND_009,13386.6437,3041.71,753.7575,4.401,7.9131,7.9131,484.9197,110.1833,27.3042
MARKET_002,1 w/e 05/31/25,MFR_002,CAT_001,TM_005,BRAND_010,84548.0201,31680.4264,3462.465,2.6688,64.5012,66.893,375.7346,140.789,15.3873
MARKET_002,1 w/e 05/31/25,MFR_002,CAT_001,TM_005,BRAND_008,56279.403,21119.53,2316.8468,2.6648,27.2713,28.9549,591.5468,221.9851,24.3521
MARKET_003,1 w/e 05/31/25,MFR_001,CAT_001,TM_001,BRAND_011,62242.6976,13418.2774,6583.7075,4.6387,84.4246,124.1553,54.7889,11.8114,5.7953
MARKET_003,1 w/e 05/31/25,MFR_001,CAT_001,TM_001,BRAND_001,362.2599,89.216,32.1694,4.0605,0.2463,0.2463,109.3119,26.9209,9.7071
MARKET_003,1 w/e 05/31/25,MFR_001,CAT_001,TM_002,BRAND_012,65882.9852,14059.9988,6976.4974,4.6858,80.5733,114.9075,60.7652,12.9678,6.4346
MARKET_003,1 w/e 05/31/25,MFR_001,CAT_001,TM_002,BRAND_003,435.6783,153.491,20.6008,2.8385,0.2251,0.4501,143.8642,50.6839,6.8025
MARKET_003,1 w/e 05/31/25,MFR_001,CAT_001,TM_003,BRAND_015,273783.2976,91827.6256,17102.1468,2.9815,79.7612,143.0728,255.0868,85.5568,15.9343
MARKET_003,1 w/e 05/31/25,MFR_001,CAT_001,TM_003,BRAND_004,73348.2198,12557.5107,8580.4307,5.841,75.8878,82.7758,71.8275,12.2971,8.4025
MARKET_003,1 w/e 05/31/25,MFR_001,CAT_001,TM_003,BRAND_013,9.38,4.0,0.4167,2.345,0.0698,0.0698,9.9819,4.2567,0.4434
MARKET_003,1 w/e 05/31/25,MFR_001,CAT_001,TM_003,BRAND_005,28032.913,4870.1372,3652.6028,5.7561,39.7798,39.7797,52.3696,9.0981,6.8236
MARKET_003,1 w/e 05/31/25,MFR_001,CAT_001,TM_003,BRAND_006,411.5301,46.1665,32.6874,8.914,2.3893,2.3893,12.7996,1.4359,1.0167
MARKET_003,1 w/e 05/31/25,MFR_001,CAT_001,TM_003,BRAND_014,79509.2899,11873.3548,8905.0162,6.6964,70.6164,70.6165,83.6729,12.4951,9.3713
MARKET_003,1 w/e 05/31/25,MFR_002,CAT_001,TM_004,BRAND_007,277505.2071,53578.1478,35124.398,5.1794,39.3717,61.9646,523.7937,101.1293,66.2976
MARKET_003,1 w/e 05/31/25,MFR_002,CAT_001,TM_004,BRAND_009,118306.9578,13261.2948,9357.7681,8.9212,81.0739,90.4627,108.4432,12.1556,8.5776
MARKET_003,1 w/e 05/31/25,MFR_002,CAT_001,TM_005,BRAND_010,134059.3956,30128.2633,14065.0783,4.4496,87.2553,139.6799,114.1769,25.6599,11.9791
MARKET_003,1 w/e 05/31/25,MFR_002,CAT_001,TM_005,BRAND_008,221616.8918,46431.3235,24291.4721,4.773,43.1538,75.9744,381.6428,79.9586,41.8319
MARKET_004,1 w/e 05/31/25,MFR_001,CAT_001,TM_001,BRAND_011,4647.55,1035.0001,329.7813,4.4904,90.9897,161.2855,29.1958,6.5018,2.0717
MARKET_004,1 w/e 05/31/25,MFR_001,CAT_001,TM_002,BRAND_012,3906.56,769.0,348.7708,5.0801,82.4485,102.1282,27.0832,5.3313,2.4179
MARKET_004,1 w/e 05/31/25,MFR_001,CAT_001,TM_003,BRAND_015,6451.8801,1861.0001,449.6043,3.4669,53.7307,80.0355,68.6361,19.7976,4.783
MARKET_004,1 w/e 05/31/25,MFR_001,CAT_001,TM_003,BRAND_004,1982.02,326.0,197.3543,6.0798,37.1346,40.721,30.5082,5.018,3.0378
MARKET_004,1 w/e 05/31/25,MFR_001,CAT_001,TM_003,BRAND_005,355.6,52.0,39.0,6.8385,10.248,10.248,19.834,2.9004,2.1753
MARKET_004,1 w/e 05/31/25,MFR_001,CAT_001,TM_003,BRAND_014,3625.5301,506.0,379.5,7.1651,46.6526,46.6526,44.4206,6.1996,4.6497
MARKET_004,1 w/e 05/31/25,MFR_002,CAT_001,TM_004,BRAND_007,5457.04,872.0001,533.2293,6.2581,17.4481,20.8395,178.7716,28.5666,17.4685
MARKET_004,1 w/e 05/31/25,MFR_002,CAT_001,TM_004,BRAND_009,5988.58,820.3304,594.5811,7.3002,92.5408,96.9538,36.9896,5.0669,3.6725
MARKET_004,1 w/e 05/31/25,MFR_002,CAT_001,TM_005,BRAND_010,4651.2401,903.0001,430.5416,5.1509,93.3554,116.7469,28.4786,5.5289,2.6361
MARKET_004,1 w/e 05/31/25,MFR_002,CAT_001,TM_005,BRAND_008,4733.6901,846.0,430.4166,5.5954,20.007,26.371,135.2406,24.17,12.2969
MARKET_005,1 w/e 05/31/25,MFR_001,CAT_001,TM_001,BRAND_011,33149.41,7933.0001,2286.9584,4.1787,99.4857,249.8268,40.2749,9.6382,2.7785
MARKET_005,1 w/e 05/31/25,MFR_001,CAT_001,TM_002,BRAND_012,32626.5101,8114.0,2381.6458,4.021,96.2498,163.9084,40.9723,10.1895,2.9909
MARKET_005,1 w/e 05/31/25,MFR_001,CAT_001,TM_003,BRAND_015,67962.16,18986.0001,4606.8958,3.5796,89.0317,148.104,92.266,25.7756,6.2544
MARKET_005,1 w/e 05/31/25,MFR_001,CAT_001,TM_003,BRAND_004,44984.33,10493.0,3405.75,4.2871,95.03,146.3691,57.2163,13.3462,4.3318
MARKET_005,1 w/e 05/31/25,MFR_001,CAT_001,TM_003,BRAND_013,22890.2301,5195.0,1757.8958,4.4062,64.495,82.9372,42.8987,9.736,3.2945
MARKET_005,1 w/e 05/31/25,MFR_001,CAT_001,TM_003,BRAND_005,12086.32,1515.0001,1136.2501,7.9778,53.1496,53.1496,27.4861,3.4453,2.584
MARKET_005,1 w/e 05/31/25,MFR_001,CAT_001,TM_003,BRAND_014,21395.91,2681.0,2010.75,7.9806,63.4814,63.4814,40.7384,5.1047,3.8285
MARKET_005,1 w/e 05/31/25,MFR_002,CAT_001,TM_004,BRAND_007,79034.9401,13547.0,7974.1043,5.8341,45.9295,65.8481,207.9923,35.651,20.9851
MARKET_005,1 w/e 05/31/25,MFR_002,CAT_001,TM_004,BRAND_009,46841.78,6231.6378,4514.8534,7.5168,92.3692,99.7878,61.2951,8.1544,5.9079
MARKET_005,1 w/e 05/31/25,MFR_002,CAT_001,TM_005,BRAND_010,60010.15,13496.0,5316.3542,4.4465,98.7587,168.1108,73.4461,16.5177,6.5067
MARKET_005,1 w/e 05/31/25,MFR_002,CAT_001,TM_005,BRAND_008,89585.88,17831.0,8461.6875,5.0242,52.3965,85.5387,206.6602,41.1332,19.5198
MARKET_001,1 w/e 06/01/24,MFR_001,CAT_001,TM_001,BRAND_001,96400.9135,28787.0755,8174.8545,3.3488,75.1257,162.8327,43.0751,12.863,3.6528
MARKET_001,1 w/e 06/01/24,MFR_001,CAT_001,TM_002,BRAND_002,65938.7646,20180.6544,5799.468,3.2674,61.8627,86.8103,35.7804,10.9506,3.147
MARKET_001,1 w/e 06/01/24,MFR_001,CAT_001,TM_003,BRAND_004,357625.0834,123329.672,23707.5251,2.8997,77.0277,135.6218,155.8527,53.747,10.3317
MARKET_001,1 w/e 06/01/24,MFR_001,CAT_001,TM_003,BRAND_005,78969.2402,13714.5662,10285.9246,5.7581,42.6835,42.6835,62.1057,10.7859,8.0894
MARKET_001,1 w/e 06/01/24,MFR_002,CAT_001,TM_004,BRAND_007,299366.2782,76046.8139,30614.7877,3.9366,42.4118,61.4178,236.9459,60.1904,24.2313
MARKET_001,1 w/e 06/01/24,MFR_002,CAT_001,TM_005,BRAND_008,566862.1194,154219.906,50947.1688,3.6757,66.2001,104.4404,287.4433,78.2015,25.8342
MARKET_002,1 w/e 06/01/24,MFR_001,CAT_001,TM_001,BRAND_001,31001.3616,13137.792,1501.7462,2.3597,49.3249,61.0078,182.7882,77.4622,8.8545
MARKET_002,1 w/e 06/01/24,MFR_001,CAT_001,TM_002,BRAND_002,21873.7182,9136.685,916.1668,2.3941,39.292,44.3749,161.9019,67.6266,6.7812
MARKET_002,1 w/e 06/01/24,MFR_001,CAT_001,TM_003,BRAND_004,143436.4642,57732.4,6154.7452,2.4845,74.2404,84.0246,561.8917,226.1584,24.1103
MARKET_002,1 w/e 06/01/24,MFR_001,CAT_001,TM_003,BRAND_005,247.48,39.0,29.25,6.3456,0.4638,0.4638,155.1891,24.456,18.342
MARKET_002,1 w/e 06/01/24,MFR_002,CAT_001,TM_004,BRAND_007,47606.284,20462.6821,2169.6336,2.3265,22.3404,22.821,619.7363,266.3822,28.2442
MARKET_002,1 w/e 06/01/24,MFR_002,CAT_001,TM_005,BRAND_008,136616.7797,55202.0563,5955.2803,2.4748,57.3831,59.5013,692.3942,279.7722,30.1822
MARKET_003,1 w/e 06/01/24,MFR_001,CAT_001,TM_001,BRAND_001,42442.5919,9805.2172,4674.2105,4.3286,82.3907,186.448,38.5825,8.9134,4.2491
MARKET_003,1 w/e 06/01/24,MFR_001,CAT_001,TM_002,BRAND_002,28998.8963,6877.9697,3666.0095,4.2162,68.271,92.0952,31.8135,7.5455,4.0218
MARKET_003,1 w/e 06/01/24,MFR_001,CAT_001,TM_003,BRAND_004,138606.5692,40025.2721,12775.6078,3.463,84.1986,161.0918,123.295,35.6038,11.3643
MARKET_003,1 w/e 06/01/24,MFR_001,CAT_001,TM_003,BRAND_005,60309.6102,11141.5663,8356.1746,5.413,61.6727,61.6727,73.2419,13.5307,10.148
MARKET_003,1 w/e 06/01/24,MFR_002,CAT_001,TM_004,BRAND_007,170231.8344,37476.132,20676.6541,4.5424,45.6095,68.8097,279.5453,61.5412,33.9541
MARKET_003,1 w/e 06/01/24,MFR_002,CAT_001,TM_005,BRAND_008,286619.2496,66372.1832,31653.5971,4.3184,76.5961,128.2248,280.2624,64.9001,30.9516
MARKET_004,1 w/e 06/01/24,MFR_001,CAT_001,TM_001,BRAND_001,2247.2101,504.0,181.2188,4.4588,82.037,146.2647,15.7716,3.5372,1.2718
MARKET_004,1 w/e 06/01/24,MFR_001,CAT_001,TM_002,BRAND_002,2048.27,456.0,193.4582,4.4918,64.2618,90.1851,18.3517,4.0856,1.7333
MARKET_004,1 w/e 06/01/24,MFR_001,CAT_001,TM_003,BRAND_004,10605.3201,3288.0,793.9271,3.2255,71.6125,169.43,85.266,26.4353,6.3831
MARKET_004,1 w/e 06/01/24,MFR_001,CAT_001,TM_003,BRAND_005,4230.35,629.0001,471.7501,6.7255,51.4525,51.4525,47.338,7.0386,5.2789
MARKET_004,1 w/e 06/01/24,MFR_002,CAT_001,TM_004,BRAND_007,7039.6201,1429.0,759.1666,4.9263,33.6658,39.9927,120.393,24.439,12.9834
MARKET_004,1 w/e 06/01/24,MFR_002,CAT_001,TM_005,BRAND_008,12057.0901,2435.0,1210.125,4.9516,51.4262,68.9237,134.9892,27.2619,13.5484
MARKET_005,1 w/e 06/01/24,MFR_001,CAT_001,TM_001,BRAND_001,14877.3001,3658.0001,1174.3241,4.0671,95.1278,240.3794,18.8932,4.6454,1.4913
MARKET_005,1 w/e 06/01/24,MFR_001,CAT_001,TM_002,BRAND_002,10719.1001,2841.0,874.5209,3.773,81.9964,129.5931,15.7925,4.1857,1.2884
MARKET_005,1 w/e 06/01/24,MFR_001,CAT_001,TM_003,BRAND_004,51158.91,15875.0001,3440.5886,3.2226,86.8562,158.5015,71.1556,22.0801,4.7854
MARKET_005,1 w/e 06/01/24,MFR_001,CAT_001,TM_003,BRAND_005,15724.72,2061.0,1545.75,7.6297,52.2218,52.2218,36.3764,4.7678,3.5758
MARKET_005,1 w/e 06/01/24,MFR_002,CAT_001,TM_004,BRAND_007,68114.3701,14011.0001,6531.8543,4.8615,62.269,90.9225,132.1464,27.1823,12.6722
MARKET_005,1 w/e 06/01/24,MFR_002,CAT_001,TM_005,BRAND_008,125802.2301,26487.0,11893.7293,4.7496,80.5872,133.4732,188.5864,39.7059,17.8295
MARKET_001,1 w/e 06/07/25,MFR_001,CAT_001,TM_001,BRAND_011,137994.2146,39800.3402,8589.928,3.4672,76.2383,135.1688,60.5498,17.4638,3.7691
MARKET_001,1 w/e 06/07/25,MFR_001,CAT_001,TM_001,BRAND_001,2012.3829,707.143,138.9816,2.8458,0.4124,0.5337,163.2553,57.3672,11.2749
MARKET_001,1 w/e 06/07/25,MFR_001,CAT_001,TM_002,BRAND_012,134802.9584,36996.7814,9329.1182,3.6436,72.6714,107.446,62.0528,17.0304,4.2944
MARKET_001,1 w/e 06/07/25,MFR_001,CAT_001,TM_002,BRAND_002,780.4208,294.4741,36.3411,2.6502,0.2478,0.2592,105.3384,39.7471,4.9052
MARKET_001,1 w/e 06/07/25,MFR_001,CAT_001,TM_002,BRAND_003,959.2136,366.479,41.4104,2.6174,0.3084,0.4145,104.0509,39.7539,4.492
MARKET_001,1 w/e 06/07/25,MFR_001,CAT_001,TM_003,BRAND_015,374211.7956,125433.8298,20953.6365,2.9833,72.6459,118.6557,172.3185,57.7603,9.6488
MARKET_001,1 w/e 06/07/25,MFR_001,CAT_001,TM_003,BRAND_004,226595.0925,64943.1544,14468.098,3.4891,69.875,88.4217,108.4811,31.0912,6.9265
MARKET_001,1 w/e 06/07/25,MFR_001,CAT_001,TM_003,BRAND_013,19965.665,4323.3401,1539.8689,4.6181,13.8528,16.5904,48.2138,10.4402,3.7185
MARKET_001,1 w/e 06/07/25,MFR_001,CAT_001,TM_003,BRAND_005,16320.6427,2185.3311,1638.9983,7.4683,18.3155,18.3155,29.8087,3.9914,2.9935
MARKET_001,1 w/e 06/07/25,MFR_001,CAT_001,TM_003,BRAND_006,388.63,43.1664,32.3748,9.0031,0.8612,0.8612,15.0961,1.6768,1.2576
MARKET_001,1 w/e 06/07/25,MFR_001,CAT_001,TM_003,BRAND_014,85812.3925,11151.3684,8363.5263,7.6952,52.086,52.086,55.113,7.162,5.3715
MARKET_001,1 w/e 06/07/25,MFR_002,CAT_001,TM_004,BRAND_007,239563.851,51050.3364,20244.5905,4.6927,32.3875,48.2432,247.44,52.7287,20.9102
MARKET_001,1 w/e 06/07/25,MFR_002,CAT_001,TM_004,BRAND_009,145587.1689,19474.5373,12997.9723,7.4758,65.2723,70.4651,74.6139,9.9808,6.6615
MARKET_001,1 w/e 06/07/25,MFR_002,CAT_001,TM_005,BRAND_010,263744.7214,73475.1362,17677.7759,3.5896,80.9406,123.2568,109.0042,30.3668,7.3061
MARKET_001,1 w/e 06/07/25,MFR_002,CAT_001,TM_005,BRAND_008,305673.1281,71299.6642,23644.4268,4.2872,38.8561,62.5818,263.162,61.3838,20.3561
MARKET_002,1 w/e 06/07/25,MFR_001,CAT_001,TM_001,BRAND_011,45648.1949,17330.687,1811.7382,2.634,51.5567,51.6628,253.756,96.3404,10.0714
MARKET_002,1 w/e 06/07/25,MFR_001,CAT_001,TM_001,BRAND_001,1789.2929,670.7341,111.6749,2.6677,2.5865,3.6263,198.2684,74.3229,12.3745
MARKET_002,1 w/e 06/07/25,MFR_001,CAT_001,TM_002,BRAND_012,38084.9661,14640.2471,1537.9424,2.6014,44.0997,44.351,247.5117,95.146,9.995
MARKET_002,1 w/e 06/07/25,MFR_001,CAT_001,TM_002,BRAND_002,777.4308,293.4741,36.2368,2.6491,2.0505,2.1475,108.6647,41.0201,5.065
MARKET_002,1 w/e 06/07/25,MFR_001,CAT_001,TM_002,BRAND_003,523.683,213.0401,20.8166,2.4581,1.7745,1.8159,84.5823,34.409,3.3622
MARKET_002,1 w/e 06/07/25,MFR_001,CAT_001,TM_003,BRAND_015,136607.2166,52850.5357,5666.8302,2.5848,54.4871,57.1142,718.5504,277.9925,29.8074
MARKET_002,1 w/e 06/07/25,MFR_001,CAT_001,TM_003,BRAND_004,92060.2909,34505.004,3684.9839,2.668,51.8049,54.1468,509.3064,190.8925,20.3865
MARKET_002,1 w/e 06/07/25,MFR_001,CAT_001,TM_003,BRAND_013,3056.9751,1130.34,117.7439,2.7045,1.7818,1.7818,491.7201,181.8173,18.9393
MARKET_002,1 w/e 06/07/25,MFR_001,CAT_001,TM_003,BRAND_014,2249.2994,207.06,155.2951,10.863,0.8376,0.8376,769.6227,70.8479,53.1359
MARKET_002,1 w/e 06/07/25,MFR_002,CAT_001,TM_004,BRAND_007,36492.26,14492.181,1510.248,2.5181,17.4568,17.4568,599.1187,237.9282,24.7948
MARKET_002,1 w/e 06/07/25,MFR_002,CAT_001,TM_004,BRAND_009,4971.9688,1440.907,215.3367,3.4506,4.8263,4.8482,295.2511,85.5656,12.7874
MARKET_002,1 w/e 06/07/25,MFR_002,CAT_001,TM_005,BRAND_010,88378.1114,33262.215,3603.1013,2.657,67.6928,69.2028,374.1794,140.8271,15.255
MARKET_002,1 w/e 06/07/25,MFR_002,CAT_001,TM_005,BRAND_008,60232.3427,22498.042,2477.2336,2.6772,27.8307,29.578,620.2722,231.6847,25.5105
MARKET_003,1 w/e 06/07/25,MFR_001,CAT_001,TM_001,BRAND_011,45538.6399,10195.3532,3709.3902,4.4666,79.8226,119.4286,42.411,9.4951,3.4546
MARKET_003,1 w/e 06/07/25,MFR_001,CAT_001,TM_001,BRAND_001,212.0998,35.4091,26.5569,5.99,0.2251,0.2251,70.0624,11.6966,8.7724
MARKET_003,1 w/e 06/07/25,MFR_001,CAT_001,TM_002,BRAND_012,51259.1023,10993.5344,4500.8217,4.6627,76.5055,108.4972,49.8084,10.6824,4.3734
MARKET_003,1 w/e 06/07/25,MFR_001,CAT_001,TM_002,BRAND_003,435.5306,153.439,20.5938,2.8385,0.2251,0.4501,143.8677,50.6851,6.8027
MARKET_003,1 w/e 06/07/25,MFR_001,CAT_001,TM_003,BRAND_015,154841.7192,47764.2942,10023.2229,3.2418,81.1015,140.0554,141.9331,43.7824,9.1876
MARKET_003,1 w/e 06/07/25,MFR_001,CAT_001,TM_003,BRAND_004,59932.6917,10267.1504,5657.5308,5.8373,73.6673,81.2722,60.4803,10.361,5.7092
MARKET_003,1 w/e 06/07/25,MFR_001,CAT_001,TM_003,BRAND_013,2.0,1.0001,0.1043,2.0,0.0699,0.0699,2.1283,1.0642,0.1109
MARKET_003,1 w/e 06/07/25,MFR_001,CAT_001,TM_003,BRAND_005,10461.2727,1425.3311,1068.9983,7.3395,24.1192,24.1191,32.2439,4.3932,3.2949
MARKET_003,1 w/e 06/07/25,MFR_001,CAT_001,TM_003,BRAND_006,388.63,43.1664,32.3748,9.0031,1.9138,1.9138,15.0961,1.6768,1.2576
MARKET_003,1 w/e 06/07/25,MFR_001,CAT_001,TM_003,BRAND_014,58342.143,7717.3084,5787.9813,7.5599,67.6921,67.6921,64.072,8.4752,6.3564
MARKET_003,1 w/e 06/07/25,MFR_002,CAT_001,TM_004,BRAND_007,140012.1511,24531.1554,12848.3216,5.7075,37.8392,59.8456,275.0732,48.1948,25.2423
MARKET_003,1 w/e 06/07/25,MFR_002,CAT_001,TM_004,BRAND_009,86889.8201,10522.3066,7435.8931,8.2577,79.2395,87.3389,81.5177,9.8717,6.9762
MARKET_003,1 w/e 06/07/25,MFR_002,CAT_001,TM_005,BRAND_010,100581.71,22557.2546,7975.8412,4.459,84.1899,136.065,88.8145,19.9182,7.0427
MARKET_003,1 w/e 06/07/25,MFR_002,CAT_001,TM_005,BRAND_008,153237.1952,29586.6224,12848.089,5.1793,42.8565,75.0845,265.8105,51.322,22.2867
MARKET_004,1 w/e 06/07/25,MFR_001,CAT_001,TM_001,BRAND_011,5120.85,1107.3001,416.6121,4.6246,91.0854,165.2514,32.1353,6.9487,2.6144
MARKET_004,1 w/e 06/07/25,MFR_001,CAT_001,TM_002,BRAND_012,4255.85,798.0001,398.2917,5.3331,85.0379,104.8342,28.6064,5.3639,2.6772
MARKET_004,1 w/e 06/07/25,MFR_001,CAT_001,TM_003,BRAND_015,5929.5401,1569.0,456.0,3.7792,56.6238,88.4995,59.8564,15.8384,4.6031
MARKET_004,1 w/e 06/07/25,MFR_001,CAT_001,TM_003,BRAND_004,2097.8401,385.0,202.8542,5.4489,40.326,42.9738,29.7355,5.4571,2.8753
MARKET_004,1 w/e 06/07/25,MFR_001,CAT_001,TM_003,BRAND_005,259.73,40.0001,30.0,6.4933,9.0732,9.0732,16.3626,2.5199,1.89
MARKET_004,1 w/e 06/07/25,MFR_001,CAT_001,TM_003,BRAND_014,3565.25,501.0,375.75,7.1163,46.6904,46.6904,43.6466,6.1334,4.6
MARKET_004,1 w/e 06/07/25,MFR_002,CAT_001,TM_004,BRAND_007,4367.3801,672.0,390.9793,6.4991,14.9075,17.4517,167.457,25.7663,14.9912
MARKET_004,1 w/e 06/07/25,MFR_002,CAT_001,TM_004,BRAND_009,5185.9201,669.3332,488.4375,7.7479,89.8292,92.859,32.9987,4.2591,3.108
MARKET_004,1 w/e 06/07/25,MFR_002,CAT_001,TM_005,BRAND_010,4589.17,776.3332,397.5416,5.9113,93.7402,114.8119,27.9832,4.7338,2.4241
MARKET_004,1 w/e 06/07/25,MFR_002,CAT_001,TM_005,BRAND_008,4488.94,770.0001,377.9375,5.8298,18.6185,23.984,137.8121,23.6393,11.6028
MARKET_005,1 w/e 06/07/25,MFR_001,CAT_001,TM_001,BRAND_011,36210.5,8934.0,2463.0416,4.0531,99.4116,249.8948,44.0268,10.8625,2.9947
MARKET_005,1 w/e 06/07/25,MFR_001,CAT_001,TM_002,BRAND_012,36054.49,8698.0001,2679.5,4.1451,96.1194,168.6461,45.3386,10.9377,3.3695
MARKET_005,1 w/e 06/07/25,MFR_001,CAT_001,TM_003,BRAND_015,64891.83,17727.0,4466.7084,3.6606,93.5193,161.9306,83.8703,22.9115,5.7731
MARKET_005,1 w/e 06/07/25,MFR_001,CAT_001,TM_003,BRAND_004,57478.14,14218.0001,4220.6667,4.0426,96.8808,157.1203,71.7108,17.7386,5.2658
MARKET_005,1 w/e 06/07/25,MFR_001,CAT_001,TM_003,BRAND_013,19721.1401,3832.0,1624.9583,5.1464,53.0381,66.0042,44.9432,8.7329,3.7032
MARKET_005,1 w/e 06/07/25,MFR_001,CAT_001,TM_003,BRAND_005,8160.38,1023.0,767.25,7.9769,35.994,35.994,27.4031,3.4353,2.5765
MARKET_005,1 w/e 06/07/25,MFR_001,CAT_001,TM_003,BRAND_014,22385.89,2805.0,2103.75,7.9807,71.6339,71.6339,37.7724,4.733,3.5497
MARKET_005,1 w/e 06/07/25,MFR_002,CAT_001,TM_004,BRAND_007,53747.37,9989.0,5114.4375,5.3807,44.4653,65.6908,146.1016,27.1531,13.9026
MARKET_005,1 w/e 06/07/25,MFR_002,CAT_001,TM_004,BRAND_009,51726.1001,7070.6578,5240.3475,7.3156,93.3236,97.8097,66.9943,9.1577,6.7872
MARKET_005,1 w/e 06/07/25,MFR_002,CAT_001,TM_005,BRAND_010,61422.9,13855.0,5287.8751,4.4333,99.1979,170.88,74.8424,16.882,6.4432
MARKET_005,1 w/e 06/07/25,MFR_002,CAT_001,TM_005,BRAND_008,83382.02,16345.0,7870.9584,5.1014,53.2293,85.5021,189.3394,37.1153,17.8729
MARKET_001,1 w/e 06/08/24,MFR_001,CAT_001,TM_001,BRAND_001,81846.6853,22861.3328,5889.1966,3.5801,70.743,146.3893,38.8338,10.847,2.7942
MARKET_001,1 w/e 06/08/24,MFR_001,CAT_001,TM_002,BRAND_002,53496.7544,16320.9559,3703.6211,3.2778,54.7659,74.617,32.7876,10.0029,2.2699
MARKET_001,1 w/e 06/08/24,MFR_001,CAT_001,TM_003,BRAND_004,329313.7783,115936.7096,18432.202,2.8405,74.4936,125.8424,148.3824,52.2388,8.3052
MARKET_001,1 w/e 06/08/24,MFR_001,CAT_001,TM_003,BRAND_005,50206.7219,6900.1373,5175.1028,7.2762,35.1571,35.1571,47.9336,6.5877,4.9408
MARKET_001,1 w/e 06/08/24,MFR_002,CAT_001,TM_004,BRAND_007,236473.5309,56471.2476,20217.9078,4.1875,40.5849,56.7382,195.5735,46.7041,16.7211
MARKET_001,1 w/e 06/08/24,MFR_002,CAT_001,TM_005,BRAND_008,463243.0739,124850.4176,34754.1304,3.7104,63.0506,96.1648,246.6105,66.4649,18.5016
MARKET_002,1 w/e 06/08/24,MFR_001,CAT_001,TM_001,BRAND_001,26711.8966,10916.382,1175.3794,2.447,44.7127,55.7145,173.7435,71.004,7.6451
MARKET_002,1 w/e 06/08/24,MFR_001,CAT_001,TM_002,BRAND_002,20276.112,8496.7681,854.5959,2.3863,35.3387,39.6969,166.8665,69.9259,7.0331
MARKET_002,1 w/e 06/08/24,MFR_001,CAT_001,TM_003,BRAND_004,147998.326,59521.1582,6378.2033,2.4865,72.2475,83.8054,595.7561,239.5979,25.675
MARKET_002,1 w/e 06/08/24,MFR_001,CAT_001,TM_003,BRAND_005,259.0001,45.0,33.7501,5.7556,0.4072,0.4072,184.9736,32.1383,24.1037
MARKET_002,1 w/e 06/08/24,MFR_002,CAT_001,TM_004,BRAND_007,39967.2556,17715.1016,1902.587,2.2561,20.0835,20.6259,578.7625,256.5309,27.5512
MARKET_002,1 w/e 06/08/24,MFR_002,CAT_001,TM_005,BRAND_008,133451.1215,54496.7941,5885.5396,2.4488,56.9091,59.1579,681.9855,278.4991,30.0773
MARKET_003,1 w/e 06/08/24,MFR_001,CAT_001,TM_001,BRAND_001,31695.3986,6432.7526,2690.2374,4.9272,76.7271,155.4281,30.9334,6.2781,2.6256
MARKET_003,1 w/e 06/08/24,MFR_001,CAT_001,TM_002,BRAND_002,19571.8424,4161.2724,1767.6716,4.7033,56.3772,73.4573,25.9961,5.5272,2.3479
MARKET_003,1 w/e 06/08/24,MFR_001,CAT_001,TM_003,BRAND_004,105235.4522,30459.5514,7420.2538,3.4549,80.6095,144.7252,97.759,28.2956,6.8931
MARKET_003,1 w/e 06/08/24,MFR_001,CAT_001,TM_003,BRAND_005,33981.6319,4733.1373,3549.8529,7.1795,48.1013,48.1013,52.9015,7.3684,5.5263
MARKET_003,1 w/e 06/08/24,MFR_002,CAT_001,TM_004,BRAND_007,121397.4853,22586.147,11474.6132,5.3749,43.1915,61.2609,210.4709,39.1584,19.8939
MARKET_003,1 w/e 06/08/24,MFR_002,CAT_001,TM_005,BRAND_008,206737.5324,41696.6267,18004.3429,4.9581,72.3773,115.51,213.8935,43.1399,18.6275
MARKET_004,1 w/e 06/08/24,MFR_001,CAT_001,TM_001,BRAND_001,2285.9801,454.0,187.7011,5.0352,78.3049,133.6284,16.8083,3.3382,1.3801
MARKET_004,1 w/e 06/08/24,MFR_001,CAT_001,TM_002,BRAND_002,1672.95,352.0,155.2708,4.7527,60.6622,82.3157,15.8784,3.3409,1.4737
MARKET_004,1 w/e 06/08/24,MFR_001,CAT_001,TM_003,BRAND_004,9520.45,2789.0,667.7396,3.4136,70.3676,156.9376,77.8979,22.8201,5.4636
MARKET_004,1 w/e 06/08/24,MFR_001,CAT_001,TM_003,BRAND_005,3870.28,505.0,378.7501,7.6639,43.5146,43.5146,51.2093,6.6819,5.0114
MARKET_004,1 w/e 06/08/24,MFR_002,CAT_001,TM_004,BRAND_007,8784.29,1456.0,845.9375,6.0332,39.2487,44.4318,128.8612,21.3588,12.4095
MARKET_004,1 w/e 06/08/24,MFR_002,CAT_001,TM_005,BRAND_008,10421.2,1867.0001,964.3125,5.5818,51.3843,65.578,116.7691,20.9197,10.8051
MARKET_005,1 w/e 06/08/24,MFR_001,CAT_001,TM_001,BRAND_001,16556.87,3736.0,1379.2885,4.4317,94.9841,239.3508,21.0579,4.7516,1.7543
MARKET_005,1 w/e 06/08/24,MFR_001,CAT_001,TM_002,BRAND_002,9830.64,2474.0,829.0833,3.9736,78.9484,119.4487,15.0427,3.7857,1.2687
MARKET_005,1 w/e 06/08/24,MFR_001,CAT_001,TM_003,BRAND_004,50584.9101,15771.0001,3375.4584,3.2075,84.8024,152.2268,72.0611,22.4667,4.8085
MARKET_005,1 w/e 06/08/24,MFR_001,CAT_001,TM_003,BRAND_005,13751.74,1797.0,1347.7501,7.6526,47.4293,47.4293,35.0267,4.5771,3.4328
MARKET_005,1 w/e 06/08/24,MFR_002,CAT_001,TM_004,BRAND_007,61656.6001,12630.0,5844.2084,4.8818,59.5456,86.8796,125.0888,25.6237,11.8567
MARKET_005,1 w/e 06/08/24,MFR_002,CAT_001,TM_005,BRAND_008,105108.24,22940.0,9682.3334,4.5819,75.0661,123.7972,169.1536,36.918,15.582
MARKET_001,1 w/e 06/14/25,MFR_001,CAT_001,TM_001,BRAND_011,144987.313,41024.861,9244.0766,3.5341,77.3744,137.8488,62.6551,17.7286,3.9948
MARKET_001,1 w/e 06/14/25,MFR_001,CAT_001,TM_001,BRAND_001,2045.925,716.539,141.1669,2.8553,0.4336,0.5575,157.7611,55.2523,10.8854
MARKET_001,1 w/e 06/14/25,MFR_001,CAT_001,TM_002,BRAND_012,146739.9556,40700.7031,10116.6549,3.6053,73.4408,109.6147,66.8089,18.5305,4.606
MARKET_001,1 w/e 06/14/25,MFR_001,CAT_001,TM_002,BRAND_002,784.0561,295.786,36.5194,2.6508,0.24,0.2513,109.2456,41.213,5.0884
MARKET_001,1 w/e 06/14/25,MFR_001,CAT_001,TM_002,BRAND_003,1001.6102,378.6991,43.1001,2.6449,0.3177,0.4278,105.4216,39.8589,4.5364
MARKET_001,1 w/e 06/14/25,MFR_001,CAT_001,TM_003,BRAND_015,402506.6663,135940.2701,22156.1454,2.9609,75.6874,125.1999,177.817,60.0549,9.788
MARKET_001,1 w/e 06/14/25,MFR_001,CAT_001,TM_003,BRAND_004,237871.4145,67137.5826,15653.6594,3.543,69.9839,90.2397,113.6496,32.0768,7.479
MARKET_001,1 w/e 06/14/25,MFR_001,CAT_001,TM_003,BRAND_013,17880.9372,3850.77,1411.2052,4.6435,11.4155,12.4225,52.3743,11.2791,4.1335
MARKET_001,1 w/e 06/14/25,MFR_001,CAT_001,TM_003,BRAND_005,9358.1708,1272.3488,954.2616,7.355,11.3142,11.3142,27.656,3.7601,2.8201
MARKET_001,1 w/e 06/14/25,MFR_001,CAT_001,TM_003,BRAND_006,366.56,37.8338,28.3754,9.6887,0.6807,0.6807,18.0071,1.8586,1.3939
MARKET_001,1 w/e 06/14/25,MFR_001,CAT_001,TM_003,BRAND_014,84896.4691,11085.2554,8313.9416,7.6585,55.0906,55.0906,51.5271,6.7281,5.0461
MARKET_001,1 w/e 06/14/25,MFR_002,CAT_001,TM_004,BRAND_007,259936.9541,56324.996,22169.8024,4.6149,31.6754,45.9407,274.3907,59.4569,23.4026
MARKET_001,1 w/e 06/14/25,MFR_002,CAT_001,TM_004,BRAND_009,156077.1104,20395.739,14352.9834,7.6524,66.441,70.1469,78.5464,10.2642,7.2232
MARKET_001,1 w/e 06/14/25,MFR_002,CAT_001,TM_005,BRAND_010,271838.6937,73820.2064,19087.6742,3.6824,81.2353,125.8971,111.8896,30.3846,7.8565
MARKET_001,1 w/e 06/14/25,MFR_002,CAT_001,TM_005,BRAND_008,309350.4074,74318.6385,23455.4286,4.1625,38.8417,62.4669,266.3031,63.9769,20.1915
MARKET_002,1 w/e 06/14/25,MFR_001,CAT_001,TM_001,BRAND_011,42249.2162,15908.385,1671.9776,2.6558,54.1367,54.4414,223.7485,84.2495,8.8547
MARKET_002,1 w/e 06/14/25,MFR_001,CAT_001,TM_001,BRAND_001,1831.3352,680.13,114.506,2.6926,2.5925,3.6551,202.5231,75.214,12.663
MARKET_002,1 w/e 06/14/25,MFR_001,CAT_001,TM_002,BRAND_012,42899.6676,16493.464,1738.7359,2.601,43.7437,44.0367,281.1719,108.1011,11.396
MARKET_002,1 w/e 06/14/25,MFR_001,CAT_001,TM_002,BRAND_002,781.5561,294.7861,36.4152,2.6513,2.0492,2.1463,109.3468,41.2432,5.0948
MARKET_002,1 w/e 06/14/25,MFR_001,CAT_001,TM_002,BRAND_003,566.0795,225.2601,22.5063,2.513,1.856,1.9323,87.443,34.7962,3.4766
MARKET_002,1 w/e 06/14/25,MFR_001,CAT_001,TM_003,BRAND_015,139358.416,53657.3951,5750.1246,2.5972,59.3144,61.9909,673.6069,259.3599,27.794
MARKET_002,1 w/e 06/14/25,MFR_001,CAT_001,TM_003,BRAND_004,91754.7258,34074.023,3647.7556,2.6928,52.5093,54.8821,500.9854,186.0459,19.9169
MARKET_002,1 w/e 06/14/25,MFR_001,CAT_001,TM_003,BRAND_013,4416.0773,1873.77,195.1844,2.3568,1.3839,1.3839,914.9079,388.2013,40.4376
MARKET_002,1 w/e 06/14/25,MFR_001,CAT_001,TM_003,BRAND_005,9.99,1.0001,0.75,9.99,0.0224,0.0224,128.0769,12.8205,9.6154
MARKET_002,1 w/e 06/14/25,MFR_001,CAT_001,TM_003,BRAND_014,1577.4574,146.26,109.695,10.7853,0.9184,0.9184,492.4476,45.6592,34.2444
MARKET_002,1 w/e 06/14/25,MFR_002,CAT_001,TM_004,BRAND_007,44720.1767,17429.563,1816.8712,2.5658,18.5075,18.5076,692.769,270.0048,28.1455
MARKET_002,1 w/e 06/14/25,MFR_002,CAT_001,TM_004,BRAND_009,2449.433,757.6801,101.5292,3.2328,3.0597,3.0597,229.5174,70.9963,9.5135
MARKET_002,1 w/e 06/14/25,MFR_002,CAT_001,TM_005,BRAND_010,78635.6296,29551.7611,3170.0168,2.6609,65.2032,66.2718,345.7671,129.9414,13.9388
MARKET_002,1 w/e 06/14/25,MFR_002,CAT_001,TM_005,BRAND_008,69878.9824,26566.741,2895.2438,2.6303,27.318,29.0842,733.3843,278.8196,30.3858
MARKET_003,1 w/e 06/14/25,MFR_001,CAT_001,TM_001,BRAND_011,52795.9067,12041.223,4241.4096,4.3846,80.8572,125.3223,48.5407,11.0707,3.8996
MARKET_003,1 w/e 06/14/25,MFR_001,CAT_001,TM_001,BRAND_001,214.5898,36.409,26.6609,5.8939,0.2919,0.2919,54.6601,9.2741,6.791
MARKET_003,1 w/e 06/14/25,MFR_001,CAT_001,TM_002,BRAND_012,57108.618,12364.7358,4986.3805,4.6187,77.2318,113.0495,54.9705,11.9018,4.7997
MARKET_003,1 w/e 06/14/25,MFR_001,CAT_001,TM_002,BRAND_003,435.5306,153.439,20.5938,2.8385,0.2251,0.4501,143.8677,50.6851,6.8027
MARKET_003,1 w/e 06/14/25,MFR_001,CAT_001,TM_003,BRAND_015,160733.7701,49416.8754,10327.4584,3.2526,82.521,145.4711,144.7995,44.5179,9.3036
MARKET_003,1 w/e 06/14/25,MFR_001,CAT_001,TM_003,BRAND_004,67874.0787,12028.213,6523.7704,5.6429,74.1914,84.5517,68.0103,12.0524,6.5369
MARKET_003,1 w/e 06/14/25,MFR_001,CAT_001,TM_003,BRAND_013,5.38,2.0,0.2083,2.69,0.0699,0.0699,5.7252,2.1283,0.2217
MARKET_003,1 w/e 06/14/25,MFR_001,CAT_001,TM_003,BRAND_005,6621.0408,923.3488,692.5116,7.1707,16.5156,16.5156,29.8028,4.1562,3.1172
MARKET_003,1 w/e 06/14/25,MFR_001,CAT_001,TM_003,BRAND_006,366.56,37.8338,28.3754,9.6887,1.5133,1.5133,18.0071,1.8586,1.3939
MARKET_003,1 w/e 06/14/25,MFR_001,CAT_001,TM_003,BRAND_014,57829.4016,7681.9954,5761.4966,7.5279,72.364,72.364,59.4088,7.8918,5.9188
MARKET_003,1 w/e 06/14/25,MFR_002,CAT_001,TM_004,BRAND_007,148589.4174,26044.0999,14223.2439,5.7053,38.0239,58.6628,290.5061,50.9186,27.8078
MARKET_003,1 w/e 06/14/25,MFR_002,CAT_001,TM_004,BRAND_009,101845.8574,12535.728,9093.9144,8.1244,82.0642,87.7261,92.2602,11.3559,8.238
MARKET_003,1 w/e 06/14/25,MFR_002,CAT_001,TM_005,BRAND_010,120893.9538,27047.2756,10278.494,4.4697,85.281,141.4534,105.3846,23.5774,8.9599
MARKET_003,1 w/e 06/14/25,MFR_002,CAT_001,TM_005,BRAND_008,153480.465,29498.5644,12992.6848,5.203,43.364,75.2316,263.1169,50.5704,22.2738
MARKET_004,1 w/e 06/14/25,MFR_001,CAT_001,TM_001,BRAND_011,4406.03,892.0833,348.9375,4.939,88.8637,149.9284,28.3408,5.7381,2.2445
MARKET_004,1 w/e 06/14/25,MFR_001,CAT_001,TM_002,BRAND_012,4877.79,926.0001,458.7709,5.2676,86.665,106.095,32.1713,6.1074,3.0258
MARKET_004,1 w/e 06/14/25,MFR_001,CAT_001,TM_003,BRAND_015,7086.18,1951.0001,480.9375,3.6321,61.0756,97.1167,66.3183,18.2591,4.501
MARKET_004,1 w/e 06/14/25,MFR_001,CAT_001,TM_003,BRAND_004,2091.0,380.0,208.7917,5.5026,32.9907,36.3401,36.2285,6.5838,3.6175
MARKET_004,1 w/e 06/14/25,MFR_001,CAT_001,TM_003,BRAND_005,166.3201,25.0,18.75,6.6528,4.0838,4.0838,23.2791,3.4991,2.6244
MARKET_004,1 w/e 06/14/25,MFR_001,CAT_001,TM_003,BRAND_014,3501.65,488.0001,366.0,7.1755,51.6903,51.6903,38.7215,5.3963,4.0473
MARKET_004,1 w/e 06/14/25,MFR_002,CAT_001,TM_004,BRAND_007,4352.82,700.0,371.2917,6.2183,13.9613,17.2615,178.2102,28.6589,15.2012
MARKET_004,1 w/e 06/14/25,MFR_002,CAT_001,TM_004,BRAND_009,5649.07,704.6665,518.8124,8.0167,94.3547,98.0974,34.2218,4.2688,3.1429
MARKET_004,1 w/e 06/14/25,MFR_002,CAT_001,TM_005,BRAND_010,3951.45,704.0,331.0209,5.6129,92.4118,112.4651,24.4409,4.3545,2.0475
MARKET_004,1 w/e 06/14/25,MFR_002,CAT_001,TM_005,BRAND_008,4053.1401,712.0,335.7292,5.6926,17.1722,23.1821,134.9131,23.6997,11.1751
MARKET_005,1 w/e 06/14/25,MFR_001,CAT_001,TM_001,BRAND_011,39015.46,9641.0001,2660.8803,4.0468,100.0,247.3387,47.1581,11.6531,3.2162
MARKET_005,1 w/e 06/14/25,MFR_001,CAT_001,TM_002,BRAND_012,36482.65,9024.0001,2674.0625,4.0428,95.7843,166.1724,46.0375,11.3874,3.3744
MARKET_005,1 w/e 06/14/25,MFR_001,CAT_001,TM_003,BRAND_015,77439.2601,23127.0001,4994.3334,3.3484,96.0381,168.6966,97.4624,29.1068,6.2857
MARKET_005,1 w/e 06/14/25,MFR_001,CAT_001,TM_003,BRAND_004,59187.9601,14374.0001,4388.0416,4.1177,97.4869,158.8542,73.3849,17.8218,5.4406
MARKET_005,1 w/e 06/14/25,MFR_001,CAT_001,TM_003,BRAND_013,15940.5401,2569.0,1402.3332,6.205,43.6354,49.5047,44.1554,7.1161,3.8845
MARKET_005,1 w/e 06/14/25,MFR_001,CAT_001,TM_003,BRAND_005,4133.38,518.0,388.5001,7.9795,21.5052,21.5052,23.2317,2.9114,2.1836
MARKET_005,1 w/e 06/14/25,MFR_001,CAT_001,TM_003,BRAND_014,22345.3,2800.0001,2100.0,7.9805,74.1402,74.1402,36.4294,4.5648,3.4236
MARKET_005,1 w/e 06/14/25,MFR_002,CAT_001,TM_004,BRAND_007,59137.32,11163.0,5573.8542,5.2976,42.3756,59.7905,168.6806,31.8408,15.8986
MARKET_005,1 w/e 06/14/25,MFR_002,CAT_001,TM_004,BRAND_009,49824.33,6773.3302,5064.4976,7.356,93.8955,96.9474,64.1381,8.7192,6.5195
MARKET_005,1 w/e 06/14/25,MFR_002,CAT_001,TM_005,BRAND_010,58810.6701,13468.0,4925.2916,4.3667,99.1434,171.2872,71.6987,16.4194,6.0046
MARKET_005,1 w/e 06/14/25,MFR_002,CAT_001,TM_005,BRAND_008,78836.5301,15704.0,7321.1042,5.0202,53.1562,85.2122,179.2639,35.7088,16.6472
MARKET_001,1 w/e 06/15/24,MFR_001,CAT_001,TM_001,BRAND_001,77897.5154,21935.6498,5699.1548,3.5512,68.136,135.1977,38.3725,10.8055,2.8074
MARKET_001,1 w/e 06/15/24,MFR_001,CAT_001,TM_002,BRAND_002,50020.4211,15751.0559,3494.9492,3.1757,51.5821,67.2899,32.5478,10.249,2.2741
MARKET_001,1 w/e 06/15/24,MFR_001,CAT_001,TM_003,BRAND_004,297464.1321,105225.9776,16643.6673,2.8269,72.4629,119.3655,137.7818,48.7394,7.7091
MARKET_001,1 w/e 06/15/24,MFR_001,CAT_001,TM_003,BRAND_005,43514.27,6131.6548,4592.2704,7.0967,32.0513,32.0513,45.5679,6.421,4.809
MARKET_001,1 w/e 06/15/24,MFR_002,CAT_001,TM_004,BRAND_007,212898.8805,54845.2228,17639.7535,3.8818,37.773,51.3153,189.1754,48.7338,15.6741
MARKET_001,1 w/e 06/15/24,MFR_002,CAT_001,TM_005,BRAND_008,435605.6092,120307.3908,32299.9214,3.6208,62.4983,92.2949,233.9367,64.6096,17.3463
MARKET_002,1 w/e 06/15/24,MFR_001,CAT_001,TM_001,BRAND_001,25076.7357,10927.06,1142.1276,2.2949,42.6522,53.2482,170.9395,74.486,7.7855
MARKET_002,1 w/e 06/15/24,MFR_001,CAT_001,TM_002,BRAND_002,20477.9082,8770.8676,869.0829,2.3348,36.0729,41.4225,165.0507,70.6927,7.0048
MARKET_002,1 w/e 06/15/24,MFR_001,CAT_001,TM_003,BRAND_004,138968.22,55714.4108,6021.859,2.4943,68.0522,78.2993,593.7265,238.0337,25.7277
MARKET_002,1 w/e 06/15/24,MFR_001,CAT_001,TM_003,BRAND_005,266.49,52.0,39.0,5.1248,0.7001,0.7001,110.6686,21.5947,16.196
MARKET_002,1 w/e 06/15/24,MFR_002,CAT_001,TM_004,BRAND_007,48002.817,21232.5261,2350.4517,2.2608,19.9783,21.1004,698.5866,308.9976,34.2062
MARKET_002,1 w/e 06/15/24,MFR_002,CAT_001,TM_005,BRAND_008,134518.285,54515.7571,5867.6588,2.4675,57.0414,59.0921,685.6531,277.8723,29.908
MARKET_003,1 w/e 06/15/24,MFR_001,CAT_001,TM_001,BRAND_001,31872.6497,6096.7286,2745.0564,5.2278,74.0873,146.9626,32.2148,6.1622,2.7745
MARKET_003,1 w/e 06/15/24,MFR_001,CAT_001,TM_002,BRAND_002,17838.6329,3758.106,1668.0547,4.7467,53.8736,66.5615,24.7951,5.2236,2.3185
MARKET_003,1 w/e 06/15/24,MFR_001,CAT_001,TM_003,BRAND_004,92136.592,26704.5668,6640.3551,3.4502,77.3001,136.8932,89.2551,25.8694,6.4327
MARKET_003,1 w/e 06/15/24,MFR_001,CAT_001,TM_003,BRAND_005,30812.7401,4431.6549,3317.2704,6.9529,45.0895,45.0894,51.1724,7.3599,5.5092
MARKET_003,1 w/e 06/15/24,MFR_002,CAT_001,TM_004,BRAND_007,96869.3135,18762.0304,9126.802,5.1631,39.425,52.6272,183.9904,35.636,17.3351
MARKET_003,1 w/e 06/15/24,MFR_002,CAT_001,TM_005,BRAND_008,191445.9741,40262.3049,16824.8698,4.755,70.9117,108.5551,202.1666,42.5169,17.767
MARKET_004,1 w/e 06/15/24,MFR_001,CAT_001,TM_001,BRAND_001,1951.89,381.0,161.476,5.1231,76.3003,122.7905,14.7289,2.875,1.2185
MARKET_004,1 w/e 06/15/24,MFR_001,CAT_001,TM_002,BRAND_002,1716.0801,339.0001,164.8125,5.0622,58.0775,74.323,17.0126,3.3607,1.6339
MARKET_004,1 w/e 06/15/24,MFR_001,CAT_001,TM_003,BRAND_004,8171.21,2256.0,548.4426,3.622,67.3791,141.6529,69.8235,19.2777,4.6865
MARKET_004,1 w/e 06/15/24,MFR_001,CAT_001,TM_003,BRAND_005,2943.8001,378.0001,283.5,7.7878,38.4738,38.4738,44.0539,5.6568,4.2426
MARKET_004,1 w/e 06/15/24,MFR_002,CAT_001,TM_004,BRAND_007,8065.9501,1319.0001,783.875,6.1152,30.2965,34.3171,153.2868,25.0665,14.8969
MARKET_004,1 w/e 06/15/24,MFR_002,CAT_001,TM_005,BRAND_008,9121.1501,1606.0001,844.125,5.6794,45.137,59.191,116.3476,20.4858,10.7675
MARKET_005,1 w/e 06/15/24,MFR_001,CAT_001,TM_001,BRAND_001,14431.7401,3186.0,1223.3375,4.5297,91.7702,213.1296,18.9979,4.194,1.6104
MARKET_005,1 w/e 06/15/24,MFR_001,CAT_001,TM_002,BRAND_002,7829.51,2009.0001,654.6042,3.8972,70.7871,103.99,13.3619,3.4286,1.1172
MARKET_005,1 w/e 06/15/24,MFR_001,CAT_001,TM_003,BRAND_004,44454.39,14143.0,2919.7968,3.1432,84.9624,145.1098,63.2086,20.1096,4.1516
MARKET_005,1 w/e 06/15/24,MFR_001,CAT_001,TM_003,BRAND_005,10865.26,1421.0,1065.75,7.6462,41.6587,41.6587,31.5082,4.1208,3.0906
MARKET_005,1 w/e 06/15/24,MFR_002,CAT_001,TM_004,BRAND_007,54584.46,11311.0,5152.0416,4.8258,57.279,83.3954,115.1229,23.8558,10.8661
MARKET_005,1 w/e 06/15/24,MFR_002,CAT_001,TM_005,BRAND_008,90283.6201,19683.0001,8326.5209,4.5869,75.5046,121.7059,144.4521,31.4924,13.3223
MARKET_001,1 w/e 06/21/25,MFR_001,CAT_001,TM_001,BRAND_011,136979.058,40558.8342,8372.138,3.3773,76.5227,135.4875,59.8461,17.7201,3.6578
MARKET_001,1 w/e 06/21/25,MFR_001,CAT_001,TM_001,BRAND_001,2110.1051,736.5391,148.7876,2.8649,0.4438,0.5678,158.9425,55.4794,11.2074
MARKET_001,1 w/e 06/21/25,MFR_001,CAT_001,TM_002,BRAND_012,141874.0441,40073.0629,9442.4784,3.5404,72.4041,107.6901,65.5106,18.5038,4.3601
MARKET_001,1 w/e 06/21/25,MFR_001,CAT_001,TM_002,BRAND_002,866.4836,303.785,43.165,2.8523,0.2539,0.2653,114.0756,39.9943,5.6828
MARKET_001,1 w/e 06/21/25,MFR_001,CAT_001,TM_002,BRAND_003,1087.3602,418.699,46.4334,2.597,0.3358,0.4506,108.2748,41.6923,4.6236
MARKET_001,1 w/e 06/21/25,MFR_001,CAT_001,TM_003,BRAND_015,325187.8885,107241.408,18397.709,3.0323,76.6242,125.1015,141.8862,46.7916,8.0273
MARKET_001,1 w/e 06/21/25,MFR_001,CAT_001,TM_003,BRAND_004,193909.2345,54115.8357,12659.206,3.5832,66.9534,83.7297,96.8273,27.0224,6.3213
MARKET_001,1 w/e 06/21/25,MFR_001,CAT_001,TM_003,BRAND_013,13535.7134,2171.0401,1160.6708,6.2347,9.0783,9.9504,49.8482,7.9953,4.2744
MARKET_001,1 w/e 06/21/25,MFR_001,CAT_001,TM_003,BRAND_005,5913.888,808.4981,606.3736,7.3147,7.4035,7.4035,26.7061,3.651,2.7383
MARKET_001,1 w/e 06/21/25,MFR_001,CAT_001,TM_003,BRAND_006,294.65,35.9995,26.9996,8.1848,0.597,0.597,16.5014,2.0161,1.5121
MARKET_001,1 w/e 06/21/25,MFR_001,CAT_001,TM_003,BRAND_014,76894.9715,9979.9377,7484.9533,7.705,55.363,55.363,46.4355,6.0267,4.52
MARKET_001,1 w/e 06/21/25,MFR_002,CAT_001,TM_004,BRAND_007,274544.912,55741.9317,22850.6579,4.9253,30.2938,42.8051,302.992,61.5177,25.2183
MARKET_001,1 w/e 06/21/25,MFR_002,CAT_001,TM_004,BRAND_009,148437.4715,19079.3742,13628.789,7.78,66.3622,68.7677,74.7816,9.612,6.8661
MARKET_001,1 w/e 06/21/25,MFR_002,CAT_001,TM_005,BRAND_010,259340.438,72221.8413,17488.3454,3.5909,80.1113,124.6048,108.2302,30.1402,7.2984
MARKET_001,1 w/e 06/21/25,MFR_002,CAT_001,TM_005,BRAND_008,285357.008,66000.5024,21896.1673,4.3236,38.989,62.171,244.6912,56.5949,18.7758
MARKET_002,1 w/e 06/21/25,MFR_001,CAT_001,TM_001,BRAND_011,42313.6308,16314.2514,1713.6096,2.5937,54.8296,55.246,221.2287,85.2959,8.9593
MARKET_002,1 w/e 06/21/25,MFR_001,CAT_001,TM_001,BRAND_001,1898.0052,701.13,122.231,2.7071,2.9379,4.0003,185.1983,68.4129,11.9267
MARKET_002,1 w/e 06/21/25,MFR_001,CAT_001,TM_002,BRAND_012,45373.5603,17436.3534,1842.766,2.6022,44.2669,44.6557,293.8325,112.9153,11.9335
MARKET_002,1 w/e 06/21/25,MFR_001,CAT_001,TM_002,BRAND_002,866.4836,303.785,43.165,2.8523,2.1774,2.2745,114.0756,39.9943,5.6828
MARKET_002,1 w/e 06/21/25,MFR_001,CAT_001,TM_002,BRAND_003,651.8295,265.2601,25.8397,2.4573,2.011,2.1282,92.9154,37.8116,3.6833
MARKET_002,1 w/e 06/21/25,MFR_001,CAT_001,TM_003,BRAND_015,112944.24,43554.9237,4701.097,2.5931,62.2892,64.3094,519.7891,200.4473,21.6353
MARKET_002,1 w/e 06/21/25,MFR_001,CAT_001,TM_003,BRAND_004,80209.7082,30827.3871,3284.4112,2.6019,49.227,51.5732,467.0888,179.5185,19.1263
MARKET_002,1 w/e 06/21/25,MFR_001,CAT_001,TM_003,BRAND_013,1486.5334,513.04,53.4417,2.8975,0.7242,0.7242,588.4464,203.0876,21.155
MARKET_002,1 w/e 06/21/25,MFR_001,CAT_001,TM_003,BRAND_014,128.39,14.0,10.5,9.1707,0.1768,0.1768,208.2225,22.7052,17.0289
MARKET_002,1 w/e 06/21/25,MFR_002,CAT_001,TM_004,BRAND_007,41131.7876,16087.111,1722.2266,2.5568,18.866,19.437,624.9901,244.4408,26.1689
MARKET_002,1 w/e 06/21/25,MFR_002,CAT_001,TM_004,BRAND_009,1764.4812,568.8594,79.2771,3.1018,2.8475,2.8475,177.6347,57.2685,7.981
MARKET_002,1 w/e 06/21/25,MFR_002,CAT_001,TM_005,BRAND_010,81786.2189,31052.5622,3345.8597,2.6338,63.6257,65.1207,368.4884,139.9075,15.0748
MARKET_002,1 w/e 06/21/25,MFR_002,CAT_001,TM_005,BRAND_008,57782.7433,21997.2041,2385.6672,2.6268,27.3384,28.7784,605.9013,230.6594,25.0158
MARKET_003,1 w/e 06/21/25,MFR_001,CAT_001,TM_001,BRAND_011,47226.9672,11209.5829,3621.4661,4.2131,78.7936,123.073,44.5488,10.5739,3.4161
MARKET_003,1 w/e 06/21/25,MFR_001,CAT_001,TM_001,BRAND_001,212.0998,35.4091,26.5569,5.99,0.225,0.225,70.0624,11.6966,8.7724
MARKET_003,1 w/e 06/21/25,MFR_001,CAT_001,TM_002,BRAND_012,53678.0438,11648.7094,4518.9206,4.6081,75.5235,110.4008,52.8264,11.4639,4.4472
MARKET_003,1 w/e 06/21/25,MFR_001,CAT_001,TM_002,BRAND_003,435.5306,153.439,20.5938,2.8385,0.225,0.45,143.8677,50.6851,6.8027
MARKET_003,1 w/e 06/21/25,MFR_001,CAT_001,TM_003,BRAND_015,131050.3886,38382.4845,8760.9663,3.4143,83.3126,145.0273,116.9133,34.242,7.8159
MARKET_003,1 w/e 06/21/25,MFR_001,CAT_001,TM_003,BRAND_004,55719.7262,9123.4487,5171.9198,6.1073,70.1985,78.8438,58.9954,9.6598,5.476
MARKET_003,1 w/e 06/21/25,MFR_001,CAT_001,TM_003,BRAND_005,5076.738,704.4981,528.3737,7.2062,13.5882,13.5882,27.7689,3.8535,2.8901
MARKET_003,1 w/e 06/21/25,MFR_001,CAT_001,TM_003,BRAND_006,294.65,35.9995,26.9996,8.1848,1.3272,1.3272,16.5014,2.0161,1.5121
MARKET_003,1 w/e 06/21/25,MFR_001,CAT_001,TM_003,BRAND_014,52101.0015,6808.9377,5106.7032,7.6519,70.7091,70.7091,54.7655,7.1572,5.3679
MARKET_003,1 w/e 06/21/25,MFR_002,CAT_001,TM_004,BRAND_007,165830.9345,26797.8206,14825.9313,6.1882,36.2093,53.8401,340.394,55.0067,30.4325
MARKET_003,1 w/e 06/21/25,MFR_002,CAT_001,TM_004,BRAND_009,93158.0203,11245.5192,8211.8488,8.284,81.3803,85.9584,85.082,10.2706,7.5
MARKET_003,1 w/e 06/21/25,MFR_002,CAT_001,TM_005,BRAND_010,108405.3893,24679.939,8707.4294,4.3924,83.9537,141.5108,95.9727,21.8495,7.7088
MARKET_003,1 w/e 06/21/25,MFR_002,CAT_001,TM_005,BRAND_008,149599.7848,27232.2984,12689.2085,5.4935,43.5658,74.3686,255.2242,46.4596,21.6484
MARKET_004,1 w/e 06/21/25,MFR_001,CAT_001,TM_001,BRAND_011,4252.44,838.0001,350.6354,5.0745,89.5568,147.2052,27.1411,5.3485,2.2379
MARKET_004,1 w/e 06/21/25,MFR_001,CAT_001,TM_002,BRAND_012,4652.7501,852.0,452.3542,5.461,87.466,105.3854,30.406,5.5679,2.9562
MARKET_004,1 w/e 06/21/25,MFR_001,CAT_001,TM_003,BRAND_015,6290.18,1658.0,447.1875,3.7938,66.5943,102.8567,53.9902,14.231,3.8383
MARKET_004,1 w/e 06/21/25,MFR_001,CAT_001,TM_003,BRAND_004,1618.21,294.0,163.0208,5.5041,31.5139,33.3364,29.3509,5.3325,2.9569
MARKET_004,1 w/e 06/21/25,MFR_001,CAT_001,TM_003,BRAND_005,41.6701,6.0,4.5,6.945,2.0086,2.0086,11.8583,1.7075,1.2806
MARKET_004,1 w/e 06/21/25,MFR_001,CAT_001,TM_003,BRAND_014,3718.5501,530.0,397.5,7.0161,60.0413,60.0413,35.4007,5.0456,3.7842
MARKET_004,1 w/e 06/21/25,MFR_002,CAT_001,TM_004,BRAND_007,4256.6201,691.0,364.5416,6.1601,14.3532,18.0109,169.5142,27.5181,14.5174
MARKET_004,1 w/e 06/21/25,MFR_002,CAT_001,TM_004,BRAND_009,5978.37,751.9998,556.8958,7.95,94.2563,96.1843,36.2544,4.5603,3.3772
MARKET_004,1 w/e 06/21/25,MFR_002,CAT_001,TM_005,BRAND_010,3899.7501,687.0,327.3125,5.6765,87.0473,106.0581,25.6077,4.5112,2.1493
MARKET_004,1 w/e 06/21/25,MFR_002,CAT_001,TM_005,BRAND_008,3743.68,665.0001,312.1042,5.6296,17.4159,23.0357,122.8685,21.8255,10.2433
MARKET_005,1 w/e 06/21/25,MFR_001,CAT_001,TM_001,BRAND_011,37297.5701,9943.0,2449.625,3.7511,99.6824,245.1736,45.2253,12.0564,2.9703
MARKET_005,1 w/e 06/21/25,MFR_001,CAT_001,TM_002,BRAND_012,34824.16,8627.0,2550.6875,4.0366,96.5312,166.2828,43.6046,10.8022,3.1938
MARKET_005,1 w/e 06/21/25,MFR_001,CAT_001,TM_003,BRAND_015,60588.8301,17184.0001,4063.3334,3.5259,95.1703,166.1858,76.9503,21.8244,5.1606
MARKET_005,1 w/e 06/21/25,MFR_001,CAT_001,TM_003,BRAND_004,46323.44,9528.0,3726.3125,4.8618,96.8287,149.2959,57.8251,11.8937,4.6515
MARKET_005,1 w/e 06/21/25,MFR_001,CAT_001,TM_003,BRAND_013,14813.44,2194.0001,1336.7917,6.7518,34.1519,39.741,52.4277,7.765,4.7312
MARKET_005,1 w/e 06/21/25,MFR_001,CAT_001,TM_003,BRAND_005,1874.16,235.0,176.25,7.9751,9.3602,9.3602,24.2013,3.0346,2.2759
MARKET_005,1 w/e 06/21/25,MFR_001,CAT_001,TM_003,BRAND_014,22026.06,2761.0,2070.7501,7.9776,77.5289,77.5289,34.3394,4.3045,3.2284
MARKET_005,1 w/e 06/21/25,MFR_002,CAT_001,TM_004,BRAND_007,61803.0401,11461.0,5898.7501,5.3925,40.1651,55.6553,185.9858,34.4899,17.7513
MARKET_005,1 w/e 06/21/25,MFR_002,CAT_001,TM_004,BRAND_009,49998.98,6790.6638,5085.2479,7.3629,93.7986,94.7917,64.4294,8.7505,6.5529
MARKET_005,1 w/e 06/21/25,MFR_002,CAT_001,TM_005,BRAND_010,57112.87,12729.0001,4868.3334,4.4868,99.0472,169.3402,69.6965,15.5336,5.941
MARKET_005,1 w/e 06/21/25,MFR_002,CAT_001,TM_005,BRAND_008,72871.07,14693.0,6713.9792,4.9596,52.8947,86.6224,166.5184,33.5751,15.3422
MARKET_001,1 w/e 06/22/24,MFR_001,CAT_001,TM_001,BRAND_001,67358.5718,18521.5181,4882.6193,3.6368,66.2274,123.9612,34.1375,9.3867,2.4745
MARKET_001,1 w/e 06/22/24,MFR_001,CAT_001,TM_002,BRAND_002,47891.8824,15571.7239,3214.6365,3.0756,46.2895,59.2028,34.726,11.2909,2.3309
MARKET_001,1 w/e 06/22/24,MFR_001,CAT_001,TM_003,BRAND_004,253539.0574,87121.017,14192.7084,2.9102,69.8949,110.5776,121.7517,41.8363,6.8155
MARKET_001,1 w/e 06/22/24,MFR_001,CAT_001,TM_003,BRAND_005,42761.1868,5685.2927,4238.0865,7.5214,30.9105,30.9104,46.4323,6.1734,4.6019
MARKET_001,1 w/e 06/22/24,MFR_002,CAT_001,TM_004,BRAND_007,225730.9332,54707.9751,18434.5507,4.1261,34.7106,45.7583,218.2753,52.901,17.8257
MARKET_001,1 w/e 06/22/24,MFR_002,CAT_001,TM_005,BRAND_008,401282.7927,105039.8321,30360.664,3.8203,58.7903,83.1397,229.0977,59.9687,17.3333
MARKET_002,1 w/e 06/22/24,MFR_001,CAT_001,TM_001,BRAND_001,21150.3468,9221.5267,992.3346,2.2936,38.8426,47.3408,158.3254,69.0297,7.4283
MARKET_002,1 w/e 06/22/24,MFR_001,CAT_001,TM_002,BRAND_002,22848.459,9911.873,981.2031,2.3052,33.3149,37.3474,199.4159,86.5085,8.5637
MARKET_002,1 w/e 06/22/24,MFR_001,CAT_001,TM_003,BRAND_004,122226.4363,48094.0686,5285.3866,2.5414,65.4543,76.6396,542.9603,213.6458,23.479
MARKET_002,1 w/e 06/22/24,MFR_001,CAT_001,TM_003,BRAND_005,657.6084,81.1576,60.8683,8.1029,1.182,1.182,161.7613,19.9635,14.9726
MARKET_002,1 w/e 06/22/24,MFR_002,CAT_001,TM_004,BRAND_007,44262.0112,18820.7101,2000.5324,2.3518,18.0294,18.4103,713.8217,303.5251,32.263
MARKET_002,1 w/e 06/22/24,MFR_002,CAT_001,TM_005,BRAND_008,114219.7625,46530.8151,5050.3536,2.4547,54.8006,56.8245,606.0339,246.8859,26.7965
MARKET_003,1 w/e 06/22/24,MFR_001,CAT_001,TM_001,BRAND_001,28125.9351,5266.1556,2378.8468,5.3409,72.4171,134.0116,29.0835,5.4454,2.4598
MARKET_003,1 w/e 06/22/24,MFR_001,CAT_001,TM_002,BRAND_002,15377.7732,3186.1864,1426.7266,4.8264,45.3928,56.2062,25.3681,5.2561,2.3536
MARKET_003,1 w/e 06/22/24,MFR_001,CAT_001,TM_003,BRAND_004,78420.9013,21079.9484,5737.7645,3.7202,74.6641,127.0899,78.6504,21.1416,5.7546
MARKET_003,1 w/e 06/22/24,MFR_001,CAT_001,TM_003,BRAND_005,31592.5484,4208.135,3130.2182,7.5075,45.886,45.8859,51.5568,6.8674,5.1083
MARKET_003,1 w/e 06/22/24,MFR_002,CAT_001,TM_004,BRAND_007,103913.1321,19639.266,9383.6855,5.2911,34.7551,44.9617,223.889,42.3143,20.2179
MARKET_003,1 w/e 06/22/24,MFR_002,CAT_001,TM_005,BRAND_008,171107.02,33385.021,14860.6882,5.1253,66.4847,95.6661,192.72,37.602,16.7378
MARKET_004,1 w/e 06/22/24,MFR_001,CAT_001,TM_001,BRAND_001,2146.84,404.0,182.4322,5.314,80.3879,127.8643,15.3762,2.8936,1.3066
MARKET_004,1 w/e 06/22/24,MFR_001,CAT_001,TM_002,BRAND_002,1160.9,225.0001,115.9375,5.1596,51.9003,62.2561,12.8785,2.4961,1.2862
MARKET_004,1 w/e 06/22/24,MFR_001,CAT_001,TM_003,BRAND_004,6981.8001,1834.0001,478.3802,3.8069,63.0691,123.8827,63.737,16.7426,4.3671
MARKET_004,1 w/e 06/22/24,MFR_001,CAT_001,TM_003,BRAND_005,2536.74,331.0001,248.2501,7.6639,38.142,38.142,38.2925,4.9965,3.7474
MARKET_004,1 w/e 06/22/24,MFR_002,CAT_001,TM_004,BRAND_007,9365.8901,1644.0,873.9166,5.697,29.9319,34.9868,180.159,31.6234,16.8104
MARKET_004,1 w/e 06/22/24,MFR_002,CAT_001,TM_005,BRAND_008,10098.8701,1718.0,945.5625,5.8783,46.6311,58.753,124.692,21.2124,11.675
MARKET_005,1 w/e 06/22/24,MFR_001,CAT_001,TM_001,BRAND_001,12514.19,2621.0001,1083.5199,4.7746,90.9182,198.14,16.628,3.4826,1.4397
MARKET_005,1 w/e 06/22/24,MFR_001,CAT_001,TM_002,BRAND_002,6931.36,1607.0001,610.9582,4.3132,67.7803,93.0464,12.3539,2.8642,1.0889
MARKET_005,1 w/e 06/22/24,MFR_001,CAT_001,TM_003,BRAND_004,33286.38,10312.0,2233.1823,3.2279,82.7124,133.6489,48.6166,15.0612,3.2617
MARKET_005,1 w/e 06/22/24,MFR_001,CAT_001,TM_003,BRAND_005,9281.9301,1213.0001,909.7501,7.652,36.0974,36.0974,31.0636,4.0595,3.0446
MARKET_005,1 w/e 06/22/24,MFR_002,CAT_001,TM_004,BRAND_007,62974.59,12444.0001,5886.8334,5.0606,54.5166,75.3576,139.5483,27.5752,13.0449
MARKET_005,1 w/e 06/22/24,MFR_002,CAT_001,TM_005,BRAND_008,98755.71,20082.0001,9220.5834,4.9176,70.9871,110.0426,168.0625,34.1756,15.6916
MARKET_001,1 w/e 06/28/25,MFR_001,CAT_001,TM_001,BRAND_011,134891.2281,39716.0919,8506.3458,3.3964,76.9948,134.6285,59.1614,17.4189,3.7308
MARKET_001,1 w/e 06/28/25,MFR_001,CAT_001,TM_001,BRAND_001,2179.8574,818.426,158.3245,2.6635,0.5077,0.6328,145.0029,54.4412,10.5317
MARKET_001,1 w/e 06/28/25,MFR_001,CAT_001,TM_002,BRAND_012,137880.5008,37900.9188,9924.7645,3.6379,72.5451,107.2714,64.1816,17.6424,4.6199
MARKET_001,1 w/e 06/28/25,MFR_001,CAT_001,TM_002,BRAND_002,881.4957,304.804,43.917,2.892,0.2659,0.2774,111.9331,38.7043,5.5766
MARKET_001,1 w/e 06/28/25,MFR_001,CAT_001,TM_002,BRAND_003,949.9802,351.699,40.8293,2.7011,0.2807,0.3888,114.2916,42.3127,4.9121
MARKET_001,1 w/e 06/28/25,MFR_001,CAT_001,TM_003,BRAND_015,293145.9578,97442.9518,16426.0576,3.0084,78.1426,124.7604,126.6811,42.1093,7.0984
MARKET_001,1 w/e 06/28/25,MFR_001,CAT_001,TM_003,BRAND_004,153779.9928,43431.2803,9915.3218,3.5408,61.2401,73.3087,84.7969,23.9487,5.4675
MARKET_001,1 w/e 06/28/25,MFR_001,CAT_001,TM_003,BRAND_013,7751.061,1269.6501,665.7135,6.1049,6.3626,6.7911,41.1378,6.7385,3.5332
MARKET_001,1 w/e 06/28/25,MFR_001,CAT_001,TM_003,BRAND_005,15774.6309,2331.5641,1748.673,6.7657,19.5651,19.5652,27.2265,4.0242,3.0182
MARKET_001,1 w/e 06/28/25,MFR_001,CAT_001,TM_003,BRAND_006,373.57,36.8337,27.6253,10.1421,0.5365,0.5365,23.5137,2.3184,1.7388
MARKET_001,1 w/e 06/28/25,MFR_001,CAT_001,TM_003,BRAND_014,71673.1747,9482.4676,7111.8506,7.5585,55.5491,55.5491,43.5708,5.7645,4.3234
MARKET_001,1 w/e 06/28/25,MFR_002,CAT_001,TM_004,BRAND_007,230821.7371,51457.5831,20467.1471,4.4857,30.2669,40.4353,257.5285,57.4114,22.8353
MARKET_001,1 w/e 06/28/25,MFR_002,CAT_001,TM_004,BRAND_009,152507.5262,18731.324,13625.3088,8.1418,66.5215,68.4663,77.4186,9.5087,6.9167
MARKET_001,1 w/e 06/28/25,MFR_002,CAT_001,TM_005,BRAND_010,244821.1456,67158.4123,17032.5602,3.6454,82.4807,128.2426,100.2334,27.4957,6.9734
MARKET_001,1 w/e 06/28/25,MFR_002,CAT_001,TM_005,BRAND_008,259792.1055,62719.7596,20651.5685,4.1421,39.4804,61.7023,222.2082,53.6462,17.6639
MARKET_002,1 w/e 06/28/25,MFR_001,CAT_001,TM_001,BRAND_011,45974.4006,16997.1842,1854.2111,2.7048,52.9293,54.6038,249.0142,92.063,10.0431
MARKET_002,1 w/e 06/28/25,MFR_001,CAT_001,TM_001,BRAND_001,1967.7575,783.017,131.7679,2.513,3.4419,4.5043,163.8992,65.2194,10.9753
MARKET_002,1 w/e 06/28/25,MFR_001,CAT_001,TM_002,BRAND_012,39244.8645,15319.4987,1622.2602,2.5618,41.5532,41.9366,270.7586,105.6925,11.1923
MARKET_002,1 w/e 06/28/25,MFR_001,CAT_001,TM_002,BRAND_002,881.4957,304.804,43.917,2.892,2.2577,2.3548,111.9331,38.7043,5.5766
MARKET_002,1 w/e 06/28/25,MFR_001,CAT_001,TM_002,BRAND_003,514.4495,198.26,20.2354,2.5948,1.515,1.5653,97.3506,37.5173,3.8292
MARKET_002,1 w/e 06/28/25,MFR_001,CAT_001,TM_003,BRAND_015,113683.451,43979.6803,4685.8416,2.5849,65.2149,66.9795,499.7521,193.3345,20.5989
MARKET_002,1 w/e 06/28/25,MFR_001,CAT_001,TM_003,BRAND_004,69976.0052,26233.7047,2784.4358,2.6674,46.4586,47.2267,431.8051,161.8819,17.1821
MARKET_002,1 w/e 06/28/25,MFR_001,CAT_001,TM_003,BRAND_013,863.831,320.6501,33.401,2.694,0.8646,0.8646,286.4446,106.3269,11.0757
MARKET_002,1 w/e 06/28/25,MFR_001,CAT_001,TM_003,BRAND_014,2156.3261,196.39,147.2925,10.9798,0.6697,0.6697,923.1243,84.0747,63.056
MARKET_002,1 w/e 06/28/25,MFR_002,CAT_001,TM_004,BRAND_007,40753.0791,16075.85,1677.7969,2.535,17.8711,17.9032,653.7532,257.8858,26.9149
MARKET_002,1 w/e 06/28/25,MFR_002,CAT_001,TM_004,BRAND_009,820.87,252.8672,39.4722,3.2462,1.8051,1.8051,130.3672,40.1593,6.2688
MARKET_002,1 w/e 06/28/25,MFR_002,CAT_001,TM_005,BRAND_010,73142.6382,27667.732,2945.3472,2.6436,66.5229,67.4044,315.2128,119.2358,12.6932
MARKET_002,1 w/e 06/28/25,MFR_002,CAT_001,TM_005,BRAND_008,57999.1897,22554.6978,2421.1352,2.5715,27.3248,28.2377,608.5129,236.6382,25.4019
MARKET_003,1 w/e 06/28/25,MFR_001,CAT_001,TM_001,BRAND_011,45907.5077,10655.9076,3870.265,4.3082,79.9419,123.6239,42.6821,9.9072,3.5983
MARKET_003,1 w/e 06/28/25,MFR_001,CAT_001,TM_001,BRAND_001,212.0998,35.4091,26.5569,5.99,0.225,0.225,70.0624,11.6966,8.7724
MARKET_003,1 w/e 06/28/25,MFR_001,CAT_001,TM_002,BRAND_012,55400.9764,11866.077,5132.0344,4.6689,75.3792,107.9573,54.6264,11.7002,5.0603
MARKET_003,1 w/e 06/28/25,MFR_001,CAT_001,TM_002,BRAND_003,435.5306,153.439,20.5938,2.8385,0.225,0.45,143.8677,50.6851,6.8027
MARKET_003,1 w/e 06/28/25,MFR_001,CAT_001,TM_003,BRAND_015,104528.2368,29455.2717,7255.3827,3.5487,82.4688,138.6834,94.2065,26.5467,6.5389
MARKET_003,1 w/e 06/28/25,MFR_001,CAT_001,TM_003,BRAND_004,41861.2676,6617.4925,4100.9277,6.3259,63.8139,69.9608,48.7566,7.7075,4.7764
MARKET_003,1 w/e 06/28/25,MFR_001,CAT_001,TM_003,BRAND_013,10.9901,1.0001,0.75,10.99,0.0508,0.0508,16.0908,1.4641,1.0981
MARKET_003,1 w/e 06/28/25,MFR_001,CAT_001,TM_003,BRAND_005,11012.0108,1732.564,1299.4231,6.3559,23.9485,23.9485,34.1763,5.3771,4.0328
MARKET_003,1 w/e 06/28/25,MFR_001,CAT_001,TM_003,BRAND_006,373.57,36.8337,27.6253,10.1421,1.1808,1.1808,23.5137,2.3184,1.7388
MARKET_003,1 w/e 06/28/25,MFR_001,CAT_001,TM_003,BRAND_014,47960.1185,6544.411,4908.3082,7.3284,69.4276,69.4277,51.3434,7.0061,5.2546
MARKET_003,1 w/e 06/28/25,MFR_002,CAT_001,TM_004,BRAND_007,131607.088,24106.0664,13251.7668,5.4595,36.9362,50.1539,264.828,48.5077,26.666
MARKET_003,1 w/e 06/28/25,MFR_002,CAT_001,TM_004,BRAND_009,102513.3263,11775.1317,8661.676,8.7059,80.8151,83.755,94.2811,10.8295,7.9661
MARKET_003,1 w/e 06/28/25,MFR_002,CAT_001,TM_005,BRAND_010,107815.0872,24107.1703,8866.8056,4.4723,86.7851,145.483,92.3359,20.6461,7.5938
MARKET_003,1 w/e 06/28/25,MFR_002,CAT_001,TM_005,BRAND_008,133396.5259,25176.0618,12132.0998,5.2985,44.0095,74.6304,225.2862,42.5185,20.4892
MARKET_004,1 w/e 06/28/25,MFR_001,CAT_001,TM_001,BRAND_011,3654.6301,747.0,266.578,4.8924,82.1885,135.2757,25.4168,5.1951,1.854
MARKET_004,1 w/e 06/28/25,MFR_001,CAT_001,TM_002,BRAND_012,3885.18,715.1666,354.8959,5.4326,85.1347,99.9158,26.0851,4.8016,2.3828
MARKET_004,1 w/e 06/28/25,MFR_001,CAT_001,TM_003,BRAND_015,5827.1801,1516.0,410.4375,3.8438,68.7638,102.2332,48.4381,12.6017,3.4117
MARKET_004,1 w/e 06/28/25,MFR_001,CAT_001,TM_003,BRAND_004,912.4301,145.9999,86.8959,6.2495,24.1829,24.8844,21.5665,3.4509,2.0539
MARKET_004,1 w/e 06/28/25,MFR_001,CAT_001,TM_003,BRAND_005,203.6701,27.0,20.2501,7.5433,5.9237,5.9237,19.6526,2.6053,1.954
MARKET_004,1 w/e 06/28/25,MFR_001,CAT_001,TM_003,BRAND_014,3401.5901,454.0,340.5,7.4925,56.4967,56.4967,34.415,4.5933,3.445
MARKET_004,1 w/e 06/28/25,MFR_002,CAT_001,TM_004,BRAND_007,4343.5,735.0,404.0,5.9095,12.1295,15.6077,204.6851,34.6365,19.0383
MARKET_004,1 w/e 06/28/25,MFR_002,CAT_001,TM_004,BRAND_009,6594.6,880.3315,653.1445,7.491,96.7848,97.5578,38.9466,5.1991,3.8574
MARKET_004,1 w/e 06/28/25,MFR_002,CAT_001,TM_005,BRAND_010,4148.89,780.0,372.5208,5.3191,89.5625,107.2648,26.4786,4.978,2.3775
MARKET_004,1 w/e 06/28/25,MFR_002,CAT_001,TM_005,BRAND_008,3368.35,578.0,299.8125,5.8276,15.8232,20.7986,121.6775,20.8795,10.8304
MARKET_005,1 w/e 06/28/25,MFR_001,CAT_001,TM_001,BRAND_011,32891.63,8895.0,2149.0887,3.6978,99.4118,238.0485,39.9914,10.815,2.613
MARKET_005,1 w/e 06/28/25,MFR_001,CAT_001,TM_002,BRAND_012,35219.3901,8396.0001,2633.1875,4.1948,96.5528,168.2313,44.0896,10.5106,3.2964
MARKET_005,1 w/e 06/28/25,MFR_001,CAT_001,TM_003,BRAND_015,55713.42,16443.0,3628.3542,3.3883,97.6298,166.9939,68.9758,20.3572,4.4921
MARKET_005,1 w/e 06/28/25,MFR_001,CAT_001,TM_003,BRAND_004,32459.7401,6788.0,2593.5625,4.7819,89.3323,128.4655,43.9194,9.1844,3.5092
MARKET_005,1 w/e 06/28/25,MFR_001,CAT_001,TM_003,BRAND_013,8559.3201,1185.0001,786.7082,7.2231,24.3557,27.2638,42.4774,5.8808,3.9042
MARKET_005,1 w/e 06/28/25,MFR_001,CAT_001,TM_003,BRAND_005,6044.9101,759.0,569.2501,7.9643,34.1404,34.1404,21.4013,2.6872,2.0154
MARKET_005,1 w/e 06/28/25,MFR_001,CAT_001,TM_003,BRAND_014,19211.6701,2411.0,1808.25,7.9683,79.9886,79.9886,29.0306,3.6432,2.7324
MARKET_005,1 w/e 06/28/25,MFR_002,CAT_001,TM_004,BRAND_007,52580.55,9849.0,4981.0208,5.3387,39.2296,53.7535,162.0057,30.3457,15.347
MARKET_005,1 w/e 06/28/25,MFR_002,CAT_001,TM_004,BRAND_009,46565.7,6331.9976,4736.7274,7.354,93.1862,95.0196,60.3996,8.2131,6.1439
MARKET_005,1 w/e 06/28/25,MFR_002,CAT_001,TM_005,BRAND_010,49078.86,11008.0,4158.8334,4.4585,98.9144,169.0798,59.9728,13.4514,5.082
MARKET_005,1 w/e 06/28/25,MFR_002,CAT_001,TM_005,BRAND_008,63084.45,12774.0001,5788.8125,4.9385,53.3615,83.6979,142.894,28.9347,13.1124
MARKET_001,1 w/e 06/29/24,MFR_001,CAT_001,TM_001,BRAND_001,68656.8385,18474.7377,5542.255,3.7163,66.74,119.8569,34.5492,9.2968,2.7889
MARKET_001,1 w/e 06/29/24,MFR_001,CAT_001,TM_002,BRAND_002,37921.3491,11397.1663,2901.5885,3.3273,41.8878,51.8117,30.4043,9.138,2.3264
MARKET_001,1 w/e 06/29/24,MFR_001,CAT_001,TM_003,BRAND_004,241837.6994,81192.3747,15549.2654,2.9786,65.0921,100.5891,124.7773,41.8916,8.0227
MARKET_001,1 w/e 06/29/24,MFR_001,CAT_001,TM_003,BRAND_005,55560.8468,9229.9394,6896.5717,6.0196,29.6048,29.6047,63.03,10.4707,7.8237
MARKET_001,1 w/e 06/29/24,MFR_002,CAT_001,TM_004,BRAND_007,269748.5831,67849.4032,28674.3507,3.9757,34.5195,48.9622,262.4425,66.0117,27.8977
MARKET_001,1 w/e 06/29/24,MFR_002,CAT_001,TM_005,BRAND_008,378817.1943,103763.4325,32918.7593,3.6508,55.4355,80.1568,229.4996,62.8632,19.9432
MARKET_002,1 w/e 06/29/24,MFR_001,CAT_001,TM_001,BRAND_001,19657.2966,8451.726,842.3656,2.3258,38.6191,44.1461,148.7512,63.9561,6.3744
MARKET_002,1 w/e 06/29/24,MFR_001,CAT_001,TM_002,BRAND_002,14281.0218,5804.8501,579.4721,2.4602,28.9513,30.0507,144.1553,58.5953,5.8493
MARKET_002,1 w/e 06/29/24,MFR_001,CAT_001,TM_003,BRAND_004,113120.7781,44743.49,4841.725,2.5282,63.0843,74.262,524.0348,207.2753,22.4294
MARKET_002,1 w/e 06/29/24,MFR_001,CAT_001,TM_003,BRAND_005,910.72,86.99,65.2425,10.4693,0.8051,0.8051,330.5819,31.5765,23.6823
MARKET_002,1 w/e 06/29/24,MFR_002,CAT_001,TM_004,BRAND_007,49264.2216,20418.742,2349.956,2.4127,21.9524,22.3507,655.8271,271.8233,31.2837
MARKET_002,1 w/e 06/29/24,MFR_002,CAT_001,TM_005,BRAND_008,111700.3897,45825.4251,4972.8171,2.4375,51.1169,53.145,638.6007,261.9879,28.43
MARKET_003,1 w/e 06/29/24,MFR_001,CAT_001,TM_001,BRAND_001,32101.3618,6265.0117,3236.8436,5.1239,74.8187,136.6855,32.1288,6.2704,3.2396
MARKET_003,1 w/e 06/29/24,MFR_001,CAT_001,TM_002,BRAND_002,15906.637,3473.3162,1684.908,4.5797,45.7457,56.7009,26.0381,5.6856,2.7581
MARKET_003,1 w/e 06/29/24,MFR_001,CAT_001,TM_003,BRAND_004,84178.7114,21537.8847,7953.3578,3.9084,72.143,119.8699,87.3754,22.3558,8.2554
MARKET_003,1 w/e 06/29/24,MFR_001,CAT_001,TM_003,BRAND_005,45972.4968,7987.9494,5965.079,5.7552,45.9431,45.943,74.9305,13.0196,9.7225
MARKET_003,1 w/e 06/29/24,MFR_002,CAT_001,TM_004,BRAND_007,138733.1814,31007.6612,18562.8531,4.4742,34.6992,52.1652,299.3932,66.9161,40.0596
MARKET_003,1 w/e 06/29/24,MFR_002,CAT_001,TM_005,BRAND_008,168734.3946,36530.6742,19024.6713,4.619,63.1824,94.1216,199.9809,43.2955,22.5477
MARKET_004,1 w/e 06/29/24,MFR_001,CAT_001,TM_001,BRAND_001,2028.1401,375.0,162.1062,5.4084,76.7549,119.3721,15.2136,2.813,1.216
MARKET_004,1 w/e 06/29/24,MFR_001,CAT_001,TM_002,BRAND_002,962.7801,169.0001,94.1875,5.6969,40.802,48.8517,13.5858,2.3848,1.3291
MARKET_004,1 w/e 06/29/24,MFR_001,CAT_001,TM_003,BRAND_004,5911.84,1598.0,413.2708,3.6995,60.3364,110.7078,56.4136,15.2489,3.9436
MARKET_004,1 w/e 06/29/24,MFR_001,CAT_001,TM_003,BRAND_005,1923.0701,256.0001,192.0,7.512,30.9437,30.9437,35.782,4.7633,3.5725
MARKET_004,1 w/e 06/29/24,MFR_002,CAT_001,TM_004,BRAND_007,8406.0801,1516.0,918.0625,5.5449,27.3807,34.1807,176.7625,31.8783,19.305
MARKET_004,1 w/e 06/29/24,MFR_002,CAT_001,TM_005,BRAND_008,9171.46,1652.0001,946.4375,5.5517,42.5538,54.415,124.0912,22.3518,12.8054
MARKET_005,1 w/e 06/29/24,MFR_001,CAT_001,TM_001,BRAND_001,11809.26,2397.0001,1011.4031,4.9267,90.2715,180.5591,15.8038,3.2078,1.3535
MARKET_005,1 w/e 06/29/24,MFR_001,CAT_001,TM_002,BRAND_002,5065.1501,1237.0,434.1666,4.0947,55.2958,71.4414,11.0659,2.7025,0.9485
MARKET_005,1 w/e 06/29/24,MFR_001,CAT_001,TM_003,BRAND_004,25638.4201,7705.0001,1757.526,3.3275,71.7997,114.1492,43.1377,12.964,2.9571
MARKET_005,1 w/e 06/29/24,MFR_001,CAT_001,TM_003,BRAND_005,7635.2701,998.0001,748.5,7.6506,32.8808,32.8808,28.0524,3.6667,2.75
MARKET_005,1 w/e 06/29/24,MFR_002,CAT_001,TM_004,BRAND_007,67065.13,12734.0,6405.2916,5.2666,52.1023,73.4301,155.4993,29.5255,14.8515
MARKET_005,1 w/e 06/29/24,MFR_002,CAT_001,TM_005,BRAND_008,81689.07,16857.0,7543.25,4.846,66.9562,105.2951,147.3877,30.4143,13.6099
MARKET_001,1 w/e 07/05/25,MFR_001,CAT_001,TM_001,BRAND_011,161113.2442,46422.0231,12042.3228,3.4706,79.2692,138.3615,68.6118,19.7693,5.1284
MARKET_001,1 w/e 07/05/25,MFR_001,CAT_001,TM_001,BRAND_001,2184.622,800.35,152.3021,2.7296,0.5068,0.6328,145.5115,53.309,10.1444
MARKET_001,1 w/e 07/05/25,MFR_001,CAT_001,TM_002,BRAND_012,157187.3796,41149.3852,13423.474,3.8199,73.8388,109.4068,71.863,18.8127,6.137
MARKET_001,1 w/e 07/05/25,MFR_001,CAT_001,TM_002,BRAND_002,778.8696,294.7401,36.4104,2.6426,0.2413,0.2527,108.9709,41.2368,5.0941
MARKET_001,1 w/e 07/05/25,MFR_001,CAT_001,TM_002,BRAND_003,854.3899,322.761,37.6065,2.6471,0.2327,0.3349,123.9216,46.8136,5.4545
MARKET_001,1 w/e 07/05/25,MFR_001,CAT_001,TM_003,BRAND_015,324657.8399,104950.7371,19862.1113,3.0934,79.1808,126.0443,138.4135,44.7443,8.4679
MARKET_001,1 w/e 07/05/25,MFR_001,CAT_001,TM_003,BRAND_004,194448.7824,54179.5218,13987.3586,3.589,63.235,77.4207,103.8055,28.9235,7.4671
MARKET_001,1 w/e 07/05/25,MFR_001,CAT_001,TM_003,BRAND_013,4964.7801,672.0,458.1459,7.3881,5.5032,5.8661,30.4548,4.1222,2.8103
MARKET_001,1 w/e 07/05/25,MFR_001,CAT_001,TM_003,BRAND_005,58045.7345,8843.2958,6632.4719,6.5638,41.3244,41.3244,47.4172,7.224,5.418
MARKET_001,1 w/e 07/05/25,MFR_001,CAT_001,TM_003,BRAND_006,268.4501,32.6668,24.5001,8.2178,0.602,0.602,15.0536,1.8318,1.3739
MARKET_001,1 w/e 07/05/25,MFR_001,CAT_001,TM_003,BRAND_014,78998.5211,11813.853,8860.3898,6.6869,55.871,55.8709,47.7315,7.138,5.3535
MARKET_001,1 w/e 07/05/25,MFR_002,CAT_001,TM_004,BRAND_007,301504.2855,66593.5794,35027.2736,4.5275,28.4632,36.7819,357.5871,78.9807,41.5427
MARKET_001,1 w/e 07/05/25,MFR_002,CAT_001,TM_004,BRAND_009,203259.3603,22928.2018,16670.9138,8.865,67.4799,68.6363,101.6829,11.4701,8.3398
MARKET_001,1 w/e 07/05/25,MFR_002,CAT_001,TM_005,BRAND_010,299364.1336,78922.4496,25084.0519,3.7931,82.5724,128.6699,122.3874,32.2654,10.255
MARKET_001,1 w/e 07/05/25,MFR_002,CAT_001,TM_005,BRAND_008,307524.9193,71774.7598,29137.4278,4.2846,39.3754,59.9202,263.6497,61.5345,24.9803
MARKET_002,1 w/e 07/05/25,MFR_001,CAT_001,TM_001,BRAND_011,46276.3349,17816.0,1870.6877,2.5975,57.459,57.8322,230.8913,88.8912,9.3336
MARKET_002,1 w/e 07/05/25,MFR_001,CAT_001,TM_001,BRAND_001,1972.522,764.941,125.7453,2.5787,3.4362,4.5061,164.5688,63.8195,10.491
MARKET_002,1 w/e 07/05/25,MFR_001,CAT_001,TM_002,BRAND_012,36493.3075,13986.177,1481.3935,2.6092,40.7197,41.0241,256.9307,98.4695,10.4297
MARKET_002,1 w/e 07/05/25,MFR_001,CAT_001,TM_002,BRAND_002,778.8696,294.7401,36.4104,2.6426,2.0491,2.1462,108.9709,41.2368,5.0941
MARKET_002,1 w/e 07/05/25,MFR_001,CAT_001,TM_002,BRAND_003,418.8592,169.3221,17.0127,2.4737,1.1087,1.1087,108.3107,43.7841,4.3992
MARKET_002,1 w/e 07/05/25,MFR_001,CAT_001,TM_003,BRAND_015,120956.989,45704.4836,4888.8627,2.6465,66.0579,67.8759,524.9443,198.3541,21.2173
MARKET_002,1 w/e 07/05/25,MFR_001,CAT_001,TM_003,BRAND_004,74927.5453,27996.0771,2999.4089,2.6764,47.9682,49.3733,447.8112,167.3211,17.9262
MARKET_002,1 w/e 07/05/25,MFR_001,CAT_001,TM_003,BRAND_005,9.99,1.0001,0.75,9.99,0.0254,0.0254,112.754,11.2867,8.465
MARKET_002,1 w/e 07/05/25,MFR_001,CAT_001,TM_003,BRAND_014,2850.4876,259.6441,194.7331,10.9784,0.6489,0.6489,1259.3831,114.7141,86.0356
MARKET_002,1 w/e 07/05/25,MFR_002,CAT_001,TM_004,BRAND_007,28970.259,11821.697,1231.4268,2.4506,14.9911,14.9911,554.02,226.0752,23.5495
MARKET_002,1 w/e 07/05/25,MFR_002,CAT_001,TM_004,BRAND_009,1648.1345,527.6941,82.093,3.1233,2.23,2.23,211.8806,67.8392,10.5537
MARKET_002,1 w/e 07/05/25,MFR_002,CAT_001,TM_005,BRAND_010,71864.5892,26539.318,2912.467,2.7079,64.8331,66.3745,317.7791,117.3546,12.8787
MARKET_002,1 w/e 07/05/25,MFR_002,CAT_001,TM_005,BRAND_008,53435.2563,21292.4191,2291.5854,2.5096,26.5604,27.5334,576.7675,229.8253,24.7348
MARKET_003,1 w/e 07/05/25,MFR_001,CAT_001,TM_001,BRAND_011,64555.9994,14767.5231,6771.5416,4.3715,81.837,127.2821,58.5877,13.4022,6.1455
MARKET_003,1 w/e 07/05/25,MFR_001,CAT_001,TM_001,BRAND_001,212.0998,35.4091,26.5569,5.99,0.2248,0.2248,70.0624,11.6966,8.7724
MARKET_003,1 w/e 07/05/25,MFR_001,CAT_001,TM_002,BRAND_012,74380.4922,16074.2085,8290.8306,4.6273,77.9437,112.6978,70.8757,15.3168,7.9002
MARKET_003,1 w/e 07/05/25,MFR_001,CAT_001,TM_002,BRAND_003,435.5306,153.439,20.5938,2.8385,0.2248,0.4497,143.8677,50.6851,6.8027
MARKET_003,1 w/e 07/05/25,MFR_001,CAT_001,TM_003,BRAND_015,118552.3908,32371.2537,9655.6654,3.6623,84.0383,139.8196,104.7738,28.6089,8.5334
MARKET_003,1 w/e 07/05/25,MFR_001,CAT_001,TM_003,BRAND_004,60313.8473,10692.1116,6724.8456,5.641,67.0349,73.146,66.8245,11.8463,7.4508
MARKET_003,1 w/e 07/05/25,MFR_001,CAT_001,TM_003,BRAND_005,38273.0045,6299.2958,4724.4719,6.0758,50.3539,50.3539,56.452,9.2913,6.9685
MARKET_003,1 w/e 07/05/25,MFR_001,CAT_001,TM_003,BRAND_006,268.4501,32.6668,24.5001,8.2178,1.3245,1.3245,15.0536,1.8318,1.3739
MARKET_003,1 w/e 07/05/25,MFR_001,CAT_001,TM_003,BRAND_014,53596.8035,8486.8759,6365.1569,6.3153,70.0441,70.044,56.8312,8.999,6.7493
MARKET_003,1 w/e 07/05/25,MFR_002,CAT_001,TM_004,BRAND_007,214615.7464,43606.549,28133.7008,4.9216,35.6309,46.5468,447.3569,90.8959,58.6434
MARKET_003,1 w/e 07/05/25,MFR_002,CAT_001,TM_004,BRAND_009,145175.8756,15051.2979,11135.6841,9.6454,82.4957,84.5539,130.7021,13.5507,10.0255
MARKET_003,1 w/e 07/05/25,MFR_002,CAT_001,TM_005,BRAND_010,151696.8645,34572.2986,15727.1058,4.3878,86.8732,146.2022,129.6912,29.5571,13.4457
MARKET_003,1 w/e 07/05/25,MFR_002,CAT_001,TM_005,BRAND_008,179282.9428,34652.3411,19955.3009,5.1738,45.0572,74.5158,295.525,57.12,32.8938
MARKET_004,1 w/e 07/05/25,MFR_001,CAT_001,TM_001,BRAND_011,4358.99,911.0,398.8332,4.7848,93.2274,147.8752,26.7258,5.5855,2.4453
MARKET_004,1 w/e 07/05/25,MFR_001,CAT_001,TM_002,BRAND_012,5614.8901,1090.0,620.5209,5.1513,91.0543,106.3335,35.2476,6.8425,3.8953
MARKET_004,1 w/e 07/05/25,MFR_001,CAT_001,TM_003,BRAND_015,6684.72,1676.9999,576.3959,3.9861,72.7471,108.9823,52.5238,13.1767,4.5289
MARKET_004,1 w/e 07/05/25,MFR_001,CAT_001,TM_003,BRAND_004,1083.88,235.0,117.4793,4.6123,21.3541,23.534,29.0127,6.2904,3.1446
MARKET_004,1 w/e 07/05/25,MFR_001,CAT_001,TM_003,BRAND_005,659.4501,117.0001,87.75,5.6363,12.5698,12.5698,29.9875,5.3204,3.9903
MARKET_004,1 w/e 07/05/25,MFR_001,CAT_001,TM_003,BRAND_014,4127.3001,674.3332,505.75,6.1206,61.618,61.618,38.2866,6.2554,4.6916
MARKET_004,1 w/e 07/05/25,MFR_002,CAT_001,TM_004,BRAND_007,5158.04,925.0,574.2709,5.5763,10.5532,12.9263,279.3747,50.1007,31.1042
MARKET_004,1 w/e 07/05/25,MFR_002,CAT_001,TM_004,BRAND_009,8099.76,847.5563,632.438,9.5566,98.7641,99.4691,46.8772,4.9052,3.6602
MARKET_004,1 w/e 07/05/25,MFR_002,CAT_001,TM_005,BRAND_010,5312.79,1008.3332,590.9166,5.2689,95.9848,115.6412,31.638,6.0047,3.5189
MARKET_004,1 w/e 07/05/25,MFR_002,CAT_001,TM_005,BRAND_008,4169.95,754.0001,422.1251,5.5304,17.0947,21.513,139.4306,25.2115,14.1146
MARKET_005,1 w/e 07/05/25,MFR_001,CAT_001,TM_001,BRAND_011,39452.67,10570.0001,2602.8594,3.7325,99.9488,241.9254,47.711,12.7825,3.1477
MARKET_005,1 w/e 07/05/25,MFR_001,CAT_001,TM_002,BRAND_012,37305.83,8621.0,2836.1666,4.3273,96.9529,168.1975,46.5088,10.7477,3.5358
MARKET_005,1 w/e 07/05/25,MFR_001,CAT_001,TM_003,BRAND_015,62507.68,18405.0001,4080.7292,3.3962,96.4741,166.8856,78.3144,23.0592,5.1127
MARKET_005,1 w/e 07/05/25,MFR_001,CAT_001,TM_003,BRAND_004,48997.1801,11438.0,3717.9584,4.2837,92.5391,139.3205,63.9978,14.9398,4.8562
MARKET_005,1 w/e 07/05/25,MFR_001,CAT_001,TM_003,BRAND_013,6715.44,898.0001,623.125,7.4782,21.0685,23.1025,38.5266,5.1518,3.5749
MARKET_005,1 w/e 07/05/25,MFR_001,CAT_001,TM_003,BRAND_005,21066.99,2645.0,1983.75,7.9648,68.4449,68.4449,37.2032,4.6709,3.5032
MARKET_005,1 w/e 07/05/25,MFR_001,CAT_001,TM_003,BRAND_014,19081.5501,2394.0,1795.5,7.9706,77.7417,77.7417,29.6674,3.7221,2.7916
MARKET_005,1 w/e 07/05/25,MFR_002,CAT_001,TM_004,BRAND_007,51404.0201,9681.0,4938.3332,5.3098,36.3682,47.882,170.8421,32.175,16.4126
MARKET_005,1 w/e 07/05/25,MFR_002,CAT_001,TM_004,BRAND_009,53031.31,7177.9954,5372.5174,7.388,95.6383,96.1509,67.0224,9.0717,6.7899
MARKET_005,1 w/e 07/05/25,MFR_002,CAT_001,TM_005,BRAND_010,59171.35,13009.0,5071.2292,4.5485,98.6312,167.502,72.5131,15.9422,6.2147
MARKET_005,1 w/e 07/05/25,MFR_002,CAT_001,TM_005,BRAND_008,69641.0901,13642.0001,6542.5,5.1049,51.4659,78.0059,163.5557,32.0389,15.3654
MARKET_001,1 w/e 07/06/24,MFR_001,CAT_001,TM_001,BRAND_001,77128.7268,20715.8745,6932.8849,3.7232,67.8811,120.1858,38.1626,10.25,3.4303
MARKET_001,1 w/e 07/06/24,MFR_001,CAT_001,TM_002,BRAND_002,33069.7892,11053.6048,2577.1667,2.9918,35.9485,41.9691,30.8973,10.3274,2.4079
MARKET_001,1 w/e 07/06/24,MFR_001,CAT_001,TM_003,BRAND_004,233191.3643,72685.7211,18317.2495,3.2082,61.4424,92.0702,127.4719,39.733,10.013
MARKET_001,1 w/e 07/06/24,MFR_001,CAT_001,TM_003,BRAND_005,63492.6883,11741.8899,8806.4174,5.4074,28.3882,28.3882,75.1201,13.8922,10.4191
MARKET_001,1 w/e 07/06/24,MFR_002,CAT_001,TM_004,BRAND_007,300520.7023,77994.1424,33479.8727,3.8531,33.9383,47.2694,297.4088,77.1865,33.1332
MARKET_001,1 w/e 07/06/24,MFR_002,CAT_001,TM_005,BRAND_008,404755.0675,103059.7466,40843.8309,3.9274,51.1928,73.1594,265.5544,67.6161,26.7971
MARKET_002,1 w/e 07/06/24,MFR_001,CAT_001,TM_001,BRAND_001,20893.7805,9000.48,979.9746,2.3214,44.6012,51.885,136.8996,58.9727,6.421
MARKET_002,1 w/e 07/06/24,MFR_001,CAT_001,TM_002,BRAND_002,13970.6903,5988.8351,588.3088,2.3328,27.9998,30.5071,145.8125,62.5056,6.1402
MARKET_002,1 w/e 07/06/24,MFR_001,CAT_001,TM_003,BRAND_004,91400.531,36156.725,3865.7877,2.5279,58.239,67.9672,458.6336,181.4288,19.3979
MARKET_002,1 w/e 07/06/24,MFR_001,CAT_001,TM_003,BRAND_005,618.1184,72.1581,54.1185,8.5662,1.0594,1.0594,170.5107,19.9051,14.9288
MARKET_002,1 w/e 07/06/24,MFR_002,CAT_001,TM_004,BRAND_007,54311.6151,23278.0501,2451.276,2.3332,23.3432,23.5626,679.9295,291.4189,30.6876
MARKET_002,1 w/e 07/06/24,MFR_002,CAT_001,TM_005,BRAND_008,87608.0012,35673.635,3871.1627,2.4558,48.3828,49.8613,529.1562,215.4703,23.382
MARKET_003,1 w/e 07/06/24,MFR_001,CAT_001,TM_001,BRAND_001,38753.3063,7937.2278,4438.3941,4.8825,76.2495,136.8021,38.0667,7.7966,4.3598
MARKET_003,1 w/e 07/06/24,MFR_001,CAT_001,TM_002,BRAND_002,12909.3392,3232.7699,1516.8994,3.9933,38.8273,45.0449,24.9024,6.2361,2.9261
MARKET_003,1 w/e 07/06/24,MFR_001,CAT_001,TM_003,BRAND_004,101797.0333,24265.996,11719.8888,4.195,70.0066,113.1641,108.9105,25.9617,12.5389
MARKET_003,1 w/e 07/06/24,MFR_001,CAT_001,TM_003,BRAND_005,54439.8598,10468.7318,7851.5489,5.2002,45.7957,45.7958,89.036,17.1215,12.8411
MARKET_003,1 w/e 07/06/24,MFR_002,CAT_001,TM_004,BRAND_007,164076.4472,37657.7592,23157.3884,4.357,34.4635,51.8575,356.5824,81.8405,50.3273
MARKET_003,1 w/e 07/06/24,MFR_002,CAT_001,TM_005,BRAND_008,202231.326,43139.1116,26127.3141,4.6879,57.6759,85.9931,262.6197,56.0209,33.9292
MARKET_004,1 w/e 07/06/24,MFR_001,CAT_001,TM_001,BRAND_001,2248.4801,403.0,193.8647,5.5794,80.7904,123.8677,16.024,2.872,1.3816
MARKET_004,1 w/e 07/06/24,MFR_001,CAT_001,TM_002,BRAND_002,774.0001,153.0001,79.0416,5.0588,34.5919,41.1234,12.8827,2.5466,1.3156
MARKET_004,1 w/e 07/06/24,MFR_001,CAT_001,TM_003,BRAND_004,5157.98,1287.0,434.1198,4.0078,56.8168,100.8076,52.269,13.042,4.3992
MARKET_004,1 w/e 07/06/24,MFR_001,CAT_001,TM_003,BRAND_005,2109.4301,335.0001,251.25,6.2968,30.4948,30.4948,39.8272,6.325,4.7437
MARKET_004,1 w/e 07/06/24,MFR_002,CAT_001,TM_004,BRAND_007,8581.9201,1682.0,1005.75,5.1022,25.038,32.9256,197.3449,38.6783,23.1277
MARKET_004,1 w/e 07/06/24,MFR_002,CAT_001,TM_005,BRAND_008,8502.79,1576.0001,941.1043,5.3952,36.1049,47.1566,135.5927,25.1322,15.0076
MARKET_005,1 w/e 07/06/24,MFR_001,CAT_001,TM_001,BRAND_001,12909.3401,2541.0001,1112.775,5.0804,89.537,176.5017,17.4177,3.4284,1.5014
MARKET_005,1 w/e 07/06/24,MFR_001,CAT_001,TM_002,BRAND_002,4095.67,1087.0001,330.1251,3.7679,46.8686,56.3845,10.5568,2.8018,0.8509
MARKET_005,1 w/e 07/06/24,MFR_001,CAT_001,TM_003,BRAND_004,23950.5001,5943.0,1848.8958,4.03,66.0702,97.5583,43.7922,10.8665,3.3806
MARKET_005,1 w/e 07/06/24,MFR_001,CAT_001,TM_003,BRAND_005,7108.05,929.0,696.75,7.6513,28.2494,28.2494,30.397,3.9728,2.9796
MARKET_005,1 w/e 07/06/24,MFR_002,CAT_001,TM_004,BRAND_007,68741.76,13248.0,6459.4793,5.1888,51.6915,68.6395,160.6534,30.9613,15.0962
MARKET_005,1 w/e 07/06/24,MFR_002,CAT_001,TM_005,BRAND_008,101025.7501,19690.0001,9545.2917,5.1308,62.0201,94.0765,196.7833,38.3532,18.5928
MARKET_001,1 w/e 07/12/25,MFR_001,CAT_001,TM_001,BRAND_011,146610.2453,42776.4234,10106.5709,3.4274,77.9752,131.7026,63.4866,18.5235,4.3764
MARKET_001,1 w/e 07/12/25,MFR_001,CAT_001,TM_001,BRAND_001,1877.8436,619.4221,140.8004,3.0316,0.371,0.4349,170.9228,56.3803,12.8158
MARKET_001,1 w/e 07/12/25,MFR_001,CAT_001,TM_002,BRAND_012,137810.0163,36723.1028,11013.794,3.7527,72.0116,106.2118,64.6179,17.2191,5.1643
MARKET_001,1 w/e 07/12/25,MFR_001,CAT_001,TM_002,BRAND_002,635.1703,241.8161,31.5432,2.6267,0.1831,0.1945,117.1512,44.6007,5.8179
MARKET_001,1 w/e 07/12/25,MFR_001,CAT_001,TM_002,BRAND_003,544.0606,202.439,25.2396,2.6875,0.151,0.2532,121.6539,45.2661,5.6437
MARKET_001,1 w/e 07/12/25,MFR_001,CAT_001,TM_003,BRAND_015,269317.1592,88697.4067,15614.429,3.0364,77.3744,119.4848,117.5279,38.7069,6.814
MARKET_001,1 w/e 07/12/25,MFR_001,CAT_001,TM_003,BRAND_004,168527.7575,50322.1292,10983.6687,3.349,57.5432,70.3751,98.8899,29.5284,6.4451
MARKET_001,1 w/e 07/12/25,MFR_001,CAT_001,TM_003,BRAND_013,3985.6,517.0,371.6043,7.7091,4.13,4.3494,32.5851,4.2268,3.0381
MARKET_001,1 w/e 07/12/25,MFR_001,CAT_001,TM_003,BRAND_005,60858.5368,9034.784,6776.0881,6.736,45.6048,45.6048,45.0594,6.6893,5.017
MARKET_001,1 w/e 07/12/25,MFR_001,CAT_001,TM_003,BRAND_006,200.8001,22.8335,17.1251,8.7941,0.4309,0.4309,15.7331,1.7891,1.3418
MARKET_001,1 w/e 07/12/25,MFR_001,CAT_001,TM_003,BRAND_014,57137.3185,8318.692,6239.019,6.8685,52.1831,52.183,36.9713,5.3827,4.037
MARKET_001,1 w/e 07/12/25,MFR_002,CAT_001,TM_004,BRAND_007,214178.5716,48212.4884,23490.9677,4.4424,26.1671,32.9679,276.3719,62.2125,30.3123
MARKET_001,1 w/e 07/12/25,MFR_002,CAT_001,TM_004,BRAND_009,151215.1429,18143.1352,12974.4496,8.3346,66.4977,67.6753,76.7826,9.2126,6.588
MARKET_001,1 w/e 07/12/25,MFR_002,CAT_001,TM_005,BRAND_010,264410.8896,72033.6292,20343.7144,3.6707,81.4197,126.7867,109.6539,29.8731,8.4367
MARKET_001,1 w/e 07/12/25,MFR_002,CAT_001,TM_005,BRAND_008,234521.2032,57788.292,21473.8515,4.0583,37.8028,55.7868,209.4752,51.6167,19.1805
MARKET_002,1 w/e 07/12/25,MFR_001,CAT_001,TM_001,BRAND_011,46438.5823,17277.939,1883.5784,2.6877,57.4975,57.8234,232.0312,86.3295,9.4113
MARKET_002,1 w/e 07/12/25,MFR_001,CAT_001,TM_001,BRAND_001,1665.7439,584.013,114.2436,2.8522,2.2866,2.8306,209.2853,73.3758,14.3537
MARKET_002,1 w/e 07/12/25,MFR_001,CAT_001,TM_002,BRAND_012,35975.4166,13885.677,1473.508,2.5908,36.9487,37.4361,279.7201,107.9655,11.457
MARKET_002,1 w/e 07/12/25,MFR_001,CAT_001,TM_002,BRAND_002,635.1703,241.8161,31.5432,2.6267,1.5576,1.6549,117.1512,44.6007,5.8179
MARKET_002,1 w/e 07/12/25,MFR_001,CAT_001,TM_002,BRAND_003,108.53,49.0,4.6458,2.2149,0.4151,0.4151,75.1125,33.9124,3.2153
MARKET_002,1 w/e 07/12/25,MFR_001,CAT_001,TM_003,BRAND_015,111921.971,42519.556,4506.6207,2.6322,65.4276,66.7279,491.4406,186.7001,19.7882
MARKET_002,1 w/e 07/12/25,MFR_001,CAT_001,TM_003,BRAND_004,78896.415,29478.723,3111.538,2.6764,49.1627,49.9535,461.0396,172.2621,18.1826
MARKET_002,1 w/e 07/12/25,MFR_001,CAT_001,TM_003,BRAND_005,9.99,1.0001,0.75,9.99,0.025,0.025,114.9597,11.5075,8.6306
MARKET_002,1 w/e 07/12/25,MFR_001,CAT_001,TM_003,BRAND_014,19.98,2.0,1.5001,9.99,0.0379,0.0379,151.5933,15.1745,11.3809
MARKET_002,1 w/e 07/12/25,MFR_002,CAT_001,TM_004,BRAND_007,27285.3945,10844.475,1129.6329,2.5161,16.0196,16.0196,489.3214,194.4789,20.2582
MARKET_002,1 w/e 07/12/25,MFR_002,CAT_001,TM_004,BRAND_009,2006.86,733.0707,90.6775,2.7376,1.4936,1.4936,386.0088,141.0023,17.4413
MARKET_002,1 w/e 07/12/25,MFR_002,CAT_001,TM_005,BRAND_010,73638.1219,27382.3161,2971.6036,2.6893,66.8087,68.0428,316.6546,117.7479,12.7783
MARKET_002,1 w/e 07/12/25,MFR_002,CAT_001,TM_005,BRAND_008,48577.4644,18903.833,2022.1077,2.5697,24.9681,25.6897,558.9399,217.5104,23.2667
MARKET_003,1 w/e 07/12/25,MFR_001,CAT_001,TM_001,BRAND_011,56625.713,13222.4844,5496.1801,4.2825,81.7194,124.2715,51.4645,12.0173,4.9952
MARKET_003,1 w/e 07/12/25,MFR_001,CAT_001,TM_001,BRAND_001,212.0998,35.4091,26.5569,5.99,0.2248,0.2248,70.0624,11.6966,8.7724
MARKET_003,1 w/e 07/12/25,MFR_001,CAT_001,TM_002,BRAND_012,63293.1497,13442.4258,6761.7027,4.7085,76.7245,109.0147,61.2692,13.0126,6.5455
MARKET_003,1 w/e 07/12/25,MFR_001,CAT_001,TM_002,BRAND_003,435.5306,153.439,20.5938,2.8385,0.2248,0.4497,143.8677,50.6851,6.8027
MARKET_003,1 w/e 07/12/25,MFR_001,CAT_001,TM_003,BRAND_015,90779.3582,25241.8506,7170.9543,3.5964,81.6909,133.9249,82.5341,22.9492,6.5196
MARKET_003,1 w/e 07/12/25,MFR_001,CAT_001,TM_003,BRAND_004,45401.6025,8639.4062,4902.3388,5.2552,58.4468,64.5412,57.6939,10.9785,6.2296
MARKET_003,1 w/e 07/12/25,MFR_001,CAT_001,TM_003,BRAND_005,42578.6168,6733.7841,5050.338,6.3231,56.758,56.758,55.7165,8.8115,6.6087
MARKET_003,1 w/e 07/12/25,MFR_001,CAT_001,TM_003,BRAND_006,200.8001,22.8335,17.1251,8.7941,0.9479,0.9479,15.7331,1.7891,1.3418
MARKET_003,1 w/e 07/12/25,MFR_001,CAT_001,TM_003,BRAND_014,40338.8885,6213.692,4660.269,6.4919,64.2009,64.2008,46.6662,7.1883,5.3913
MARKET_003,1 w/e 07/12/25,MFR_002,CAT_001,TM_004,BRAND_007,141972.2571,28723.0134,18161.8974,4.9428,32.7956,41.5343,321.5202,65.0481,41.1307
MARKET_003,1 w/e 07/12/25,MFR_002,CAT_001,TM_004,BRAND_009,105285.3028,11500.0675,8498.4201,9.1552,81.9102,83.9703,95.4662,10.4275,7.7058
MARKET_003,1 w/e 07/12/25,MFR_002,CAT_001,TM_005,BRAND_010,128142.4178,29361.3132,12554.7566,4.3643,86.289,144.3332,110.2953,25.272,10.8062
MARKET_003,1 w/e 07/12/25,MFR_002,CAT_001,TM_005,BRAND_008,129295.8789,26750.459,14502.0146,4.8334,44.1873,71.277,217.3234,44.9628,24.3753
MARKET_004,1 w/e 07/12/25,MFR_001,CAT_001,TM_001,BRAND_011,3113.84,627.0,219.3699,4.9663,77.5823,112.9177,22.9415,4.6195,1.6162
MARKET_004,1 w/e 07/12/25,MFR_001,CAT_001,TM_002,BRAND_012,3026.74,554.0,241.7708,5.4634,76.6804,91.1562,22.5621,4.1297,1.8022
MARKET_004,1 w/e 07/12/25,MFR_001,CAT_001,TM_003,BRAND_015,4715.6301,1218.0001,310.9375,3.8716,67.4925,97.7982,39.9368,10.3153,2.6333
MARKET_004,1 w/e 07/12/25,MFR_001,CAT_001,TM_003,BRAND_004,560.4501,118.0,43.2917,4.7496,14.3577,15.8268,22.3121,4.6977,1.7235
MARKET_004,1 w/e 07/12/25,MFR_001,CAT_001,TM_003,BRAND_005,479.54,59.0,44.25,8.1278,11.8377,11.8377,23.155,2.8489,2.1366
MARKET_004,1 w/e 07/12/25,MFR_001,CAT_001,TM_003,BRAND_014,2248.8801,273.0001,204.75,8.2377,49.1325,49.1325,26.1629,3.176,2.382
MARKET_004,1 w/e 07/12/25,MFR_002,CAT_001,TM_004,BRAND_007,3264.98,518.0,280.6458,6.3031,8.8376,11.0364,211.1725,33.5032,18.1516
MARKET_004,1 w/e 07/12/25,MFR_002,CAT_001,TM_004,BRAND_009,4650.48,586.3333,433.2916,7.9315,90.4697,92.4153,29.3821,3.7045,2.7376
MARKET_004,1 w/e 07/12/25,MFR_002,CAT_001,TM_005,BRAND_010,3622.9101,675.0,298.2916,5.3673,82.285,102.4156,25.1666,4.6889,2.0721
MARKET_004,1 w/e 07/12/25,MFR_002,CAT_001,TM_005,BRAND_008,3439.4101,561.0,294.1667,6.1309,16.5958,20.6312,118.4602,19.322,10.1317
MARKET_005,1 w/e 07/12/25,MFR_001,CAT_001,TM_001,BRAND_011,34464.41,9350.0,2253.1042,3.686,99.0959,231.6052,42.0373,11.4045,2.7482
MARKET_005,1 w/e 07/12/25,MFR_001,CAT_001,TM_002,BRAND_012,32338.0801,7582.0001,2439.2501,4.2651,97.176,167.5787,40.223,9.4307,3.034
MARKET_005,1 w/e 07/12/25,MFR_001,CAT_001,TM_003,BRAND_015,48780.84,14350.0,3183.0001,3.3994,93.8547,155.9349,62.8222,18.4806,4.0992
MARKET_005,1 w/e 07/12/25,MFR_001,CAT_001,TM_003,BRAND_004,35945.9401,8816.0,2650.4584,4.0774,87.132,129.2678,49.8645,12.2296,3.6767
MARKET_005,1 w/e 07/12/25,MFR_001,CAT_001,TM_003,BRAND_013,5110.7001,660.0,478.2083,7.7435,16.672,17.4576,37.0519,4.7849,3.467
MARKET_005,1 w/e 07/12/25,MFR_001,CAT_001,TM_003,BRAND_005,19521.9301,2448.0,1836.0001,7.9746,75.0639,75.0639,31.4348,3.9418,2.9564
MARKET_005,1 w/e 07/12/25,MFR_001,CAT_001,TM_003,BRAND_014,14880.9001,1865.0001,1398.7501,7.979,75.8393,75.8393,23.7167,2.9724,2.2293
MARKET_005,1 w/e 07/12/25,MFR_002,CAT_001,TM_004,BRAND_007,39996.2,7615.0001,3831.875,5.2523,32.9574,42.8579,146.6849,27.9278,14.0533
MARKET_005,1 w/e 07/12/25,MFR_002,CAT_001,TM_004,BRAND_009,44395.6201,6020.9973,4507.9978,7.3735,95.0164,95.4236,56.4756,7.6593,5.7346
MARKET_005,1 w/e 07/12/25,MFR_002,CAT_001,TM_005,BRAND_010,50081.72,11343.0,4208.5834,4.4152,98.5119,167.116,61.4483,13.9174,5.1638
MARKET_005,1 w/e 07/12/25,MFR_002,CAT_001,TM_005,BRAND_008,52523.19,10489.0001,4881.0625,5.0075,47.7701,69.5537,132.8968,26.5398,12.3503
MARKET_001,1 w/e 07/13/24,MFR_001,CAT_001,TM_001,BRAND_001,62850.2121,18347.4936,4611.2852,3.4255,61.87,102.3547,34.0846,9.9501,2.5008
MARKET_001,1 w/e 07/13/24,MFR_001,CAT_001,TM_002,BRAND_002,26955.056,10062.794,1585.5337,2.6787,26.5972,29.976,34.0046,12.6945,2.0002
MARKET_001,1 w/e 07/13/24,MFR_001,CAT_001,TM_003,BRAND_004,154682.5418,48961.9199,9563.5159,3.1592,53.7197,76.6497,96.614,30.5814,5.9733
MARKET_001,1 w/e 07/13/24,MFR_001,CAT_001,TM_003,BRAND_005,29046.7824,4052.442,3026.4079,7.1677,21.2285,21.2285,45.9103,6.4051,4.7834
MARKET_001,1 w/e 07/13/24,MFR_002,CAT_001,TM_004,BRAND_007,192573.7637,50699.7905,15766.0441,3.7983,30.7719,40.7449,209.9787,55.2821,17.191
MARKET_001,1 w/e 07/13/24,MFR_002,CAT_001,TM_005,BRAND_008,284318.2228,75565.331,22202.6928,3.7625,44.7627,61.7614,213.1181,56.642,16.6426
MARKET_002,1 w/e 07/13/24,MFR_001,CAT_001,TM_001,BRAND_001,23089.856,10337.585,1068.7641,2.2336,41.2787,48.2722,162.0441,72.5489,7.5006
MARKET_002,1 w/e 07/13/24,MFR_001,CAT_001,TM_002,BRAND_002,14899.2983,6532.223,652.0395,2.2809,29.2806,31.6563,147.4091,64.6278,6.4511
MARKET_002,1 w/e 07/13/24,MFR_001,CAT_001,TM_003,BRAND_004,65885.3069,26122.7826,2791.8609,2.5221,50.0991,57.2869,380.9758,151.0526,16.1437
MARKET_002,1 w/e 07/13/24,MFR_001,CAT_001,TM_003,BRAND_005,129.98,19.0,14.25,6.8411,0.2709,0.2709,139.016,20.3209,15.2406
MARKET_002,1 w/e 07/13/24,MFR_002,CAT_001,TM_004,BRAND_007,56579.7934,23852.5681,2746.1922,2.3721,23.6586,23.9362,692.805,292.0686,33.6264
MARKET_002,1 w/e 07/13/24,MFR_002,CAT_001,TM_005,BRAND_008,87996.3626,35742.478,3804.5498,2.462,47.0549,47.9136,541.7491,220.0484,23.4227
MARKET_003,1 w/e 07/13/24,MFR_001,CAT_001,TM_001,BRAND_001,25623.846,4872.9087,2355.7743,5.2584,69.3234,118.3333,27.6846,5.2648,2.5452
MARKET_003,1 w/e 07/13/24,MFR_001,CAT_001,TM_002,BRAND_002,7775.2979,2145.571,652.3692,3.6239,25.239,29.2002,23.0738,6.3672,1.936
MARKET_003,1 w/e 07/13/24,MFR_001,CAT_001,TM_003,BRAND_004,60491.0851,14088.1372,4922.9259,4.2938,62.1635,95.151,72.8835,16.9743,5.9315
MARKET_003,1 w/e 07/13/24,MFR_001,CAT_001,TM_003,BRAND_005,23103.7624,3268.4421,2438.4078,7.0687,33.4561,33.4561,51.7227,7.3171,5.4589
MARKET_003,1 w/e 07/13/24,MFR_002,CAT_001,TM_004,BRAND_007,88843.5104,15812.2225,8936.9976,5.6187,29.5663,41.4027,225.0619,40.0562,22.6396
MARKET_003,1 w/e 07/13/24,MFR_002,CAT_001,TM_005,BRAND_008,111660.2302,21455.853,10833.6846,5.2042,47.7123,68.0112,175.2839,33.6813,17.0067
MARKET_004,1 w/e 07/13/24,MFR_001,CAT_001,TM_001,BRAND_001,1583.91,295.0,123.4062,5.3692,66.4065,90.744,13.7329,2.5577,1.07
MARKET_004,1 w/e 07/13/24,MFR_001,CAT_001,TM_002,BRAND_002,427.9501,86.0001,35.4167,4.9762,21.597,22.5381,11.4088,2.2927,0.9442
MARKET_004,1 w/e 07/13/24,MFR_001,CAT_001,TM_003,BRAND_004,3847.76,950.0,266.7292,4.0503,49.0059,87.3527,45.2065,11.1613,3.1337
MARKET_004,1 w/e 07/13/24,MFR_001,CAT_001,TM_003,BRAND_005,1199.87,154.0001,115.5,7.7914,22.5256,22.5256,30.6689,3.9363,2.9522
MARKET_004,1 w/e 07/13/24,MFR_002,CAT_001,TM_004,BRAND_007,4232.0501,759.0,392.2916,5.5758,23.3959,28.6856,104.1484,18.6786,9.6541
MARKET_004,1 w/e 07/13/24,MFR_002,CAT_001,TM_005,BRAND_008,6880.44,1197.0,638.7708,5.7481,28.8693,36.9105,137.221,23.8725,12.7394
MARKET_005,1 w/e 07/13/24,MFR_001,CAT_001,TM_001,BRAND_001,10087.08,2012.0001,848.8426,5.0135,84.8991,151.5079,14.3533,2.8629,1.2078
MARKET_005,1 w/e 07/13/24,MFR_001,CAT_001,TM_002,BRAND_002,2502.06,718.0,186.0832,3.4848,37.3797,43.0063,8.0863,2.3205,0.6014
MARKET_005,1 w/e 07/13/24,MFR_001,CAT_001,TM_003,BRAND_004,17023.21,4347.0,1296.625,3.9161,57.1881,77.9655,35.9604,9.1827,2.739
MARKET_005,1 w/e 07/13/24,MFR_001,CAT_001,TM_003,BRAND_005,5667.6301,740.0,555.0001,7.659,23.6161,23.6161,28.9923,3.7854,2.8391
MARKET_005,1 w/e 07/13/24,MFR_002,CAT_001,TM_004,BRAND_007,39012.82,8498.0,3524.0833,4.5908,48.1794,62.9664,97.8215,21.3081,8.8364
MARKET_005,1 w/e 07/13/24,MFR_002,CAT_001,TM_005,BRAND_008,74165.84,14965.0,6914.1042,4.956,57.9487,85.4429,154.614,31.1976,14.4139
MARKET_001,1 w/e 07/19/25,MFR_001,CAT_001,TM_001,BRAND_011,123592.4669,37399.5017,7196.3058,3.3047,75.0561,126.4811,55.5992,16.8245,3.2373
MARKET_001,1 w/e 07/19/25,MFR_001,CAT_001,TM_001,BRAND_001,1917.7758,684.404,143.5608,2.8021,0.428,0.4889,151.3074,53.9976,11.3266
MARKET_001,1 w/e 07/19/25,MFR_001,CAT_001,TM_002,BRAND_012,121195.0798,32171.5088,8055.7078,3.7672,70.8717,104.6848,57.7397,15.3271,3.8379
MARKET_001,1 w/e 07/19/25,MFR_001,CAT_001,TM_002,BRAND_002,662.4502,243.8161,33.6892,2.717,0.1861,0.1975,120.2204,44.2473,6.1139
MARKET_001,1 w/e 07/19/25,MFR_001,CAT_001,TM_002,BRAND_003,517.3807,188.439,23.9479,2.7456,0.235,0.3372,74.3502,27.0796,3.4414
MARKET_001,1 w/e 07/19/25,MFR_001,CAT_001,TM_003,BRAND_015,224857.0726,74424.1358,11906.2489,3.0213,74.883,111.1697,101.3878,33.5578,5.3685
MARKET_001,1 w/e 07/19/25,MFR_001,CAT_001,TM_003,BRAND_004,129800.6042,37905.139,7716.6238,3.4244,55.2249,66.3644,79.3605,23.1753,4.718
MARKET_001,1 w/e 07/19/25,MFR_001,CAT_001,TM_003,BRAND_013,2286.14,290.0,214.2708,7.8832,3.302,3.302,23.3767,2.9654,2.191
MARKET_001,1 w/e 07/19/25,MFR_001,CAT_001,TM_003,BRAND_005,48231.7577,6109.6864,4582.2648,7.8943,43.674,43.674,37.2883,4.7234,3.5426
MARKET_001,1 w/e 07/19/25,MFR_001,CAT_001,TM_003,BRAND_006,185.72,19.0004,14.2502,9.7745,0.4177,0.4177,15.0136,1.536,1.152
MARKET_001,1 w/e 07/19/25,MFR_001,CAT_001,TM_003,BRAND_014,45450.3667,5502.4201,4126.815,8.2601,46.5629,46.5629,32.9579,3.99,2.9925
MARKET_001,1 w/e 07/19/25,MFR_002,CAT_001,TM_004,BRAND_007,139317.1195,28899.6179,11457.1198,4.8207,22.9026,28.0782,205.391,42.6058,16.8909
MARKET_001,1 w/e 07/19/25,MFR_002,CAT_001,TM_004,BRAND_009,123594.6446,15383.0445,11316.0409,8.0345,65.5487,66.2888,63.6646,7.9239,5.829
MARKET_001,1 w/e 07/19/25,MFR_002,CAT_001,TM_005,BRAND_010,228459.8529,64069.6637,14980.2977,3.5658,80.5845,124.9869,95.724,26.845,6.2767
MARKET_001,1 w/e 07/19/25,MFR_002,CAT_001,TM_005,BRAND_008,168333.7744,39466.9077,12338.7059,4.2652,34.8524,49.7498,163.0801,38.2352,11.9536
MARKET_002,1 w/e 07/19/25,MFR_001,CAT_001,TM_001,BRAND_011,41706.3625,15925.6991,1670.552,2.6188,54.2837,54.5833,220.7306,84.2866,8.8414
MARKET_002,1 w/e 07/19/25,MFR_001,CAT_001,TM_001,BRAND_001,1705.6758,648.9951,117.0042,2.6282,2.7717,3.2902,176.8016,67.2715,12.1281
MARKET_002,1 w/e 07/19/25,MFR_001,CAT_001,TM_002,BRAND_012,32919.8566,12558.831,1325.0033,2.6213,37.3319,37.4634,253.3421,96.6493,10.1969
MARKET_002,1 w/e 07/19/25,MFR_001,CAT_001,TM_002,BRAND_002,662.4502,243.8161,33.6892,2.717,1.5831,1.6804,120.2204,44.2473,6.1139
MARKET_002,1 w/e 07/19/25,MFR_001,CAT_001,TM_002,BRAND_003,77.08,33.0001,3.1875,2.3358,0.3381,0.3381,65.4885,28.0374,2.7082
MARKET_002,1 w/e 07/19/25,MFR_001,CAT_001,TM_003,BRAND_015,100484.8605,38332.0076,4060.7299,2.6214,63.611,64.7584,453.8353,173.1248,18.3401
MARKET_002,1 w/e 07/19/25,MFR_001,CAT_001,TM_003,BRAND_004,61035.9955,22949.858,2431.5937,2.6595,45.2199,46.4596,387.781,145.8077,15.4487
MARKET_002,1 w/e 07/19/25,MFR_001,CAT_001,TM_003,BRAND_014,1509.3284,137.756,103.3171,10.9565,0.7089,0.7089,611.6832,55.8282,41.8711
MARKET_002,1 w/e 07/19/25,MFR_002,CAT_001,TM_004,BRAND_007,22561.2023,9149.8921,954.4054,2.4657,11.0655,11.0654,585.7633,237.5614,24.7795
MARKET_002,1 w/e 07/19/25,MFR_002,CAT_001,TM_004,BRAND_009,630.7075,178.6111,33.4595,3.5312,1.5275,1.5275,118.6254,33.5937,6.2932
MARKET_002,1 w/e 07/19/25,MFR_002,CAT_001,TM_005,BRAND_010,69457.9877,26226.0361,2857.4132,2.6484,65.6182,66.4248,304.1082,114.8256,12.5106
MARKET_002,1 w/e 07/19/25,MFR_002,CAT_001,TM_005,BRAND_008,37442.3904,14160.352,1529.2866,2.6442,24.7378,25.3342,434.8437,164.4537,17.7606
MARKET_003,1 w/e 07/19/25,MFR_001,CAT_001,TM_001,BRAND_011,39986.6642,9571.8026,2921.0976,4.1775,76.4196,114.0879,38.8624,9.3027,2.839
MARKET_003,1 w/e 07/19/25,MFR_001,CAT_001,TM_001,BRAND_001,212.0998,35.4091,26.5569,5.99,0.2248,0.2248,70.0624,11.6966,8.7724
MARKET_003,1 w/e 07/19/25,MFR_001,CAT_001,TM_002,BRAND_012,48569.3331,9646.3446,3914.3504,5.035,74.5735,105.718,48.3724,9.6072,3.8985
MARKET_003,1 w/e 07/19/25,MFR_001,CAT_001,TM_002,BRAND_003,435.5306,153.439,20.5938,2.8385,0.2248,0.4497,143.8677,50.6851,6.8027
MARKET_003,1 w/e 07/19/25,MFR_001,CAT_001,TM_003,BRAND_015,60447.0823,15762.1282,4090.6232,3.835,77.6759,118.8406,57.7975,15.0712,3.9113
MARKET_003,1 w/e 07/19/25,MFR_001,CAT_001,TM_003,BRAND_004,33126.6689,5568.2811,2825.0303,5.9492,54.2464,58.9825,45.3552,7.6238,3.8679
MARKET_003,1 w/e 07/19/25,MFR_001,CAT_001,TM_003,BRAND_005,30920.5377,3911.6864,2933.7649,7.9047,53.7199,53.7199,42.7495,5.4081,4.0561
MARKET_003,1 w/e 07/19/25,MFR_001,CAT_001,TM_003,BRAND_006,185.72,19.0004,14.2502,9.7745,0.9187,0.9187,15.0136,1.536,1.152
MARKET_003,1 w/e 07/19/25,MFR_001,CAT_001,TM_003,BRAND_014,27451.558,3297.664,2473.248,8.3245,53.9345,53.9345,37.8024,4.5411,3.4058
MARKET_003,1 w/e 07/19/25,MFR_002,CAT_001,TM_004,BRAND_007,74942.4973,11902.3925,6742.6518,6.2964,28.3279,34.2223,196.4865,31.2061,17.6781
MARKET_003,1 w/e 07/19/25,MFR_002,CAT_001,TM_004,BRAND_009,75991.387,9082.7695,6726.8542,8.3665,78.3122,79.6126,72.07,8.6141,6.3797
MARKET_003,1 w/e 07/19/25,MFR_002,CAT_001,TM_005,BRAND_010,94495.9552,22406.6277,7024.1343,4.2173,83.8299,140.2399,83.7209,19.8517,6.2232
MARKET_003,1 w/e 07/19/25,MFR_002,CAT_001,TM_005,BRAND_008,79488.7041,14208.5557,6436.4817,5.5944,41.3688,63.4698,142.7093,25.5092,11.5557
MARKET_004,1 w/e 07/19/25,MFR_001,CAT_001,TM_001,BRAND_011,3056.2801,642.0,212.3229,4.7606,78.8244,113.3672,22.1626,4.6555,1.5397
MARKET_004,1 w/e 07/19/25,MFR_001,CAT_001,TM_002,BRAND_012,3207.8101,597.0001,251.4166,5.3732,76.1785,92.0131,24.0694,4.4795,1.8865
MARKET_004,1 w/e 07/19/25,MFR_001,CAT_001,TM_003,BRAND_015,4267.87,1163.0,268.3958,3.6697,63.5191,89.9962,38.4056,10.4656,2.4152
MARKET_004,1 w/e 07/19/25,MFR_001,CAT_001,TM_003,BRAND_004,407.7101,74.0,32.8959,5.5096,12.6047,13.3723,18.4887,3.3557,1.4918
MARKET_004,1 w/e 07/19/25,MFR_001,CAT_001,TM_003,BRAND_005,329.9901,40.0001,30.0,8.2498,11.2752,11.2752,16.7289,2.0278,1.5209
MARKET_004,1 w/e 07/19/25,MFR_001,CAT_001,TM_003,BRAND_014,2186.3901,266.0,199.5001,8.2195,41.454,41.454,30.1474,3.6678,2.7508
MARKET_004,1 w/e 07/19/25,MFR_002,CAT_001,TM_004,BRAND_007,3777.6601,564.3334,337.3542,6.694,10.4118,12.142,207.3894,30.9813,18.5204
MARKET_004,1 w/e 07/19/25,MFR_002,CAT_001,TM_004,BRAND_009,5138.22,637.3332,475.4167,8.0621,95.132,95.5381,30.8727,3.8294,2.8565
MARKET_004,1 w/e 07/19/25,MFR_002,CAT_001,TM_005,BRAND_010,3702.67,660.0,308.3542,5.6101,86.6589,102.7317,24.4225,4.3533,2.0339
MARKET_004,1 w/e 07/19/25,MFR_002,CAT_001,TM_005,BRAND_008,3473.78,577.0,299.7083,6.0204,17.5318,21.393,113.2565,18.8121,9.7715
MARKET_005,1 w/e 07/19/25,MFR_001,CAT_001,TM_001,BRAND_011,33649.71,9270.0,2183.8125,3.63,98.7868,231.1142,41.172,11.3423,2.672
MARKET_005,1 w/e 07/19/25,MFR_001,CAT_001,TM_002,BRAND_012,33711.11,8215.0,2489.6875,4.1036,96.6859,168.2139,42.1434,10.2698,3.1124
MARKET_005,1 w/e 07/19/25,MFR_001,CAT_001,TM_002,BRAND_003,1.7801,1.0001,0.0625,1.78,0.303,0.303,0.7101,0.3989,0.0249
MARKET_005,1 w/e 07/19/25,MFR_001,CAT_001,TM_003,BRAND_015,48140.4801,14396.0,3101.8959,3.344,92.6151,151.9745,62.8272,18.7879,4.0482
MARKET_005,1 w/e 07/19/25,MFR_001,CAT_001,TM_003,BRAND_004,30054.31,6661.0,2336.2083,4.512,88.1431,124.7318,41.2134,9.1342,3.2036
MARKET_005,1 w/e 07/19/25,MFR_001,CAT_001,TM_003,BRAND_013,3469.9,441.0,326.2292,7.8683,13.6056,13.8125,30.8261,3.9178,2.8982
MARKET_005,1 w/e 07/19/25,MFR_001,CAT_001,TM_003,BRAND_005,19229.2201,2412.0,1809.0,7.9723,75.1178,75.1178,30.9413,3.8811,2.9108
MARKET_005,1 w/e 07/19/25,MFR_001,CAT_001,TM_003,BRAND_014,14705.6401,1843.0,1382.25,7.9792,73.3279,73.3279,24.2401,3.0379,2.2784
MARKET_005,1 w/e 07/19/25,MFR_002,CAT_001,TM_004,BRAND_007,36452.85,6682.0,3285.1875,5.4554,29.6094,38.1953,148.8062,27.277,13.4106
MARKET_005,1 w/e 07/19/25,MFR_002,CAT_001,TM_004,BRAND_009,45336.53,5965.0001,4472.4582,7.6004,95.9646,96.1403,57.1027,7.5131,5.6332
MARKET_005,1 w/e 07/19/25,MFR_002,CAT_001,TM_005,BRAND_010,51015.6001,11348.0,4167.7708,4.4956,99.1732,165.555,62.1768,13.8307,5.0796
MARKET_005,1 w/e 07/19/25,MFR_002,CAT_001,TM_005,BRAND_008,46223.7401,9343.0,4056.4375,4.9474,42.3515,60.6037,131.9214,26.6647,11.577
MARKET_001,1 w/e 07/20/24,MFR_001,CAT_001,TM_001,BRAND_001,55729.1673,16151.4022,4015.6573,3.4504,59.2333,92.268,31.5729,9.1504,2.275
MARKET_001,1 w/e 07/20/24,MFR_001,CAT_001,TM_002,BRAND_002,23721.9556,9402.5232,1258.9918,2.5229,22.6123,25.1145,35.2049,13.954,1.8684
MARKET_001,1 w/e 07/20/24,MFR_001,CAT_001,TM_002,BRAND_003,1.6801,1.0001,0.1043,1.68,0.0177,0.0177,3.1933,1.9008,0.1981
MARKET_001,1 w/e 07/20/24,MFR_001,CAT_001,TM_003,BRAND_004,106509.7256,31595.8412,6804.1947,3.371,45.9258,61.7288,77.827,23.0872,4.9718
MARKET_001,1 w/e 07/20/24,MFR_001,CAT_001,TM_003,BRAND_005,19821.4997,2656.5655,1992.424,7.4613,17.957,17.957,37.0426,4.9646,3.7235
MARKET_001,1 w/e 07/20/24,MFR_002,CAT_001,TM_004,BRAND_007,185399.9016,46817.1042,15106.8459,3.9601,28.9002,36.0344,215.2812,54.3627,17.5416
MARKET_001,1 w/e 07/20/24,MFR_002,CAT_001,TM_005,BRAND_008,246488.4835,63774.9861,19551.9025,3.865,42.7154,58.3828,193.6468,50.103,15.3604
MARKET_002,1 w/e 07/20/24,MFR_001,CAT_001,TM_001,BRAND_001,20365.1012,9222.11,997.533,2.2083,40.9325,46.2907,144.134,65.2695,7.06
MARKET_002,1 w/e 07/20/24,MFR_001,CAT_001,TM_002,BRAND_002,15539.877,6741.646,672.0952,2.3051,27.9236,28.5621,161.2219,69.9427,6.9728
MARKET_002,1 w/e 07/20/24,MFR_001,CAT_001,TM_003,BRAND_004,43346.9926,17125.2851,1865.8444,2.5312,38.4145,43.3975,326.8982,129.1491,14.0711
MARKET_002,1 w/e 07/20/24,MFR_001,CAT_001,TM_003,BRAND_005,120.99,19.0,14.25,6.3679,0.2866,0.2866,122.2986,19.2055,14.4041
MARKET_002,1 w/e 07/20/24,MFR_002,CAT_001,TM_004,BRAND_007,49362.495,21330.3431,2344.8722,2.3142,20.3227,21.2175,703.6606,304.0633,33.4261
MARKET_002,1 w/e 07/20/24,MFR_002,CAT_001,TM_005,BRAND_008,72087.2881,28150.0161,3146.444,2.5608,43.3997,44.1216,481.1937,187.9057,21.003
MARKET_003,1 w/e 07/20/24,MFR_001,CAT_001,TM_001,BRAND_001,21797.7261,3924.2922,1813.022,5.5546,64.397,102.6202,25.3524,4.5643,2.1087
MARKET_003,1 w/e 07/20/24,MFR_001,CAT_001,TM_002,BRAND_002,4907.5287,1535.8773,380.8758,3.1953,21.6675,24.6593,16.964,5.3091,1.3166
MARKET_003,1 w/e 07/20/24,MFR_001,CAT_001,TM_003,BRAND_004,40795.913,8182.5563,3363.9388,4.9857,55.9388,78.0081,54.6232,10.9559,4.5041
MARKET_003,1 w/e 07/20/24,MFR_001,CAT_001,TM_003,BRAND_005,15058.2096,2003.5655,1502.674,7.5157,29.3862,29.3863,38.3798,5.1066,3.83
MARKET_003,1 w/e 07/20/24,MFR_002,CAT_001,TM_004,BRAND_007,77581.0668,13049.4281,7481.4113,5.9452,28.9619,36.7129,200.6327,33.7472,19.3477
MARKET_003,1 w/e 07/20/24,MFR_002,CAT_001,TM_005,BRAND_008,92511.6754,17957.9701,8858.7084,5.1516,44.4541,62.9886,155.8686,30.2566,14.9256
MARKET_004,1 w/e 07/20/24,MFR_001,CAT_001,TM_001,BRAND_001,1587.82,281.0,133.2344,5.6506,71.4103,96.9752,12.8021,2.2656,1.0742
MARKET_004,1 w/e 07/20/24,MFR_001,CAT_001,TM_002,BRAND_002,323.06,70.0,29.3125,4.6151,13.1168,14.2496,14.1806,3.0726,1.2867
MARKET_004,1 w/e 07/20/24,MFR_001,CAT_001,TM_003,BRAND_004,3383.3201,805.0,257.927,4.2029,46.6765,72.1544,41.7336,9.9298,3.1816
MARKET_004,1 w/e 07/20/24,MFR_001,CAT_001,TM_003,BRAND_005,935.21,133.0,99.75,7.0317,20.5446,20.5446,26.2092,3.7273,2.7955
MARKET_004,1 w/e 07/20/24,MFR_002,CAT_001,TM_004,BRAND_007,3306.12,771.0,376.7501,4.2881,15.213,18.3865,125.1252,29.1797,14.2587
MARKET_004,1 w/e 07/20/24,MFR_002,CAT_001,TM_005,BRAND_008,6151.22,1159.0,694.2293,5.3074,28.2779,36.2965,125.2435,23.5981,14.135
MARKET_005,1 w/e 07/20/24,MFR_001,CAT_001,TM_001,BRAND_001,8622.7901,1713.0001,693.6718,5.0337,82.0725,136.8291,12.699,2.5228,1.0216
MARKET_005,1 w/e 07/20/24,MFR_001,CAT_001,TM_002,BRAND_002,1777.82,583.0001,115.4792,3.0494,29.929,34.1027,7.1799,2.3545,0.4664
MARKET_005,1 w/e 07/20/24,MFR_001,CAT_001,TM_003,BRAND_004,13488.4401,3092.0,1084.625,4.3624,47.7828,64.4492,34.12,7.8215,2.7436
MARKET_005,1 w/e 07/20/24,MFR_001,CAT_001,TM_003,BRAND_005,4454.92,581.0001,435.7501,7.6677,18.6115,18.6115,28.932,3.7732,2.8299
MARKET_005,1 w/e 07/20/24,MFR_002,CAT_001,TM_004,BRAND_007,48841.4701,9552.0,4414.6875,5.1132,43.7359,55.0364,134.9802,26.3983,12.2006
MARKET_005,1 w/e 07/20/24,MFR_002,CAT_001,TM_005,BRAND_008,69907.38,14003.0,6512.2916,4.9923,58.1946,84.2388,145.1977,29.0842,13.526
MARKET_001,1 w/e 07/26/25,MFR_001,CAT_001,TM_001,BRAND_011,125303.95,37557.3145,7639.206,3.3363,76.9667,127.8339,54.9746,16.4775,3.3515
MARKET_001,1 w/e 07/26/25,MFR_001,CAT_001,TM_001,BRAND_001,1756.2788,597.164,129.4554,2.941,0.3387,0.3996,175.1043,59.5384,12.9069
MARKET_001,1 w/e 07/26/25,MFR_001,CAT_001,TM_002,BRAND_012,129983.0869,35713.332,9368.3535,3.6396,71.9556,104.6838,60.999,16.7597,4.3964
MARKET_001,1 w/e 07/26/25,MFR_001,CAT_001,TM_002,BRAND_002,692.2004,246.724,35.9296,2.8056,0.189,0.2005,123.6602,44.0767,6.4188
MARKET_001,1 w/e 07/26/25,MFR_001,CAT_001,TM_002,BRAND_003,768.4306,296.4391,34.6979,2.5922,0.2775,0.3925,93.5081,36.0728,4.2223
MARKET_001,1 w/e 07/26/25,MFR_001,CAT_001,TM_003,BRAND_015,212603.8179,69833.838,11764.1843,3.0444,74.217,109.1237,96.7315,31.7733,5.3525
MARKET_001,1 w/e 07/26/25,MFR_001,CAT_001,TM_003,BRAND_004,164323.3928,47801.7095,10585.9096,3.4376,62.2431,75.4822,89.1473,25.933,5.743
MARKET_001,1 w/e 07/26/25,MFR_001,CAT_001,TM_003,BRAND_013,1018.0,134.0,95.3332,7.597,2.063,2.063,16.6626,2.1933,1.5604
MARKET_001,1 w/e 07/26/25,MFR_001,CAT_001,TM_003,BRAND_005,65012.9877,9141.7216,6856.2912,7.1117,50.4633,50.4633,43.5035,6.1172,4.5879
MARKET_001,1 w/e 07/26/25,MFR_001,CAT_001,TM_003,BRAND_006,86.91,10.333,7.104,8.4108,0.2973,0.2973,9.8713,1.1736,0.8069
MARKET_001,1 w/e 07/26/25,MFR_001,CAT_001,TM_003,BRAND_014,45028.679,5908.483,4431.3622,7.621,46.8103,46.8103,32.4824,4.2622,3.1967
MARKET_001,1 w/e 07/26/25,MFR_002,CAT_001,TM_004,BRAND_007,129384.657,29338.8439,11048.767,4.41,20.3073,24.6233,215.1448,48.7855,18.3722
MARKET_001,1 w/e 07/26/25,MFR_002,CAT_001,TM_004,BRAND_009,134320.8724,16264.6006,11992.6764,8.2585,65.7578,66.5098,68.9758,8.3521,6.1584
MARKET_001,1 w/e 07/26/25,MFR_002,CAT_001,TM_005,BRAND_010,216796.6039,60274.786,14941.3432,3.5968,80.6836,125.1997,90.7334,25.2261,6.2532
MARKET_001,1 w/e 07/26/25,MFR_002,CAT_001,TM_005,BRAND_008,169301.6435,42390.905,12786.0602,3.9938,33.2212,46.145,172.0864,43.0882,12.9964
MARKET_002,1 w/e 07/26/25,MFR_001,CAT_001,TM_001,BRAND_011,43508.3082,16333.6218,1742.6232,2.6637,56.3929,56.5223,221.6968,83.2281,8.8795
MARKET_002,1 w/e 07/26/25,MFR_001,CAT_001,TM_001,BRAND_001,1544.179,561.755,102.8986,2.7488,2.0122,2.5305,220.5182,80.2221,14.6946
MARKET_002,1 w/e 07/26/25,MFR_001,CAT_001,TM_002,BRAND_012,38265.5087,14692.5095,1557.5949,2.6044,39.5029,39.8404,278.3499,106.8758,11.3302
MARKET_002,1 w/e 07/26/25,MFR_001,CAT_001,TM_002,BRAND_002,692.2004,246.724,35.9296,2.8056,1.6085,1.7058,123.6602,44.0767,6.4188
MARKET_002,1 w/e 07/26/25,MFR_001,CAT_001,TM_002,BRAND_003,332.9001,143.0,14.1042,2.328,1.4915,1.5999,64.1364,27.5503,2.7173
MARKET_002,1 w/e 07/26/25,MFR_001,CAT_001,TM_003,BRAND_015,93833.0212,35271.9444,3750.3692,2.6603,61.9822,63.104,435.0117,163.5214,17.3868
MARKET_002,1 w/e 07/26/25,MFR_001,CAT_001,TM_003,BRAND_004,72878.2026,27541.0611,2943.3999,2.6462,46.2538,48.1685,452.7539,171.0981,18.2858
MARKET_002,1 w/e 07/26/25,MFR_001,CAT_001,TM_003,BRAND_005,9.99,1.0001,0.75,9.99,0.0234,0.0234,122.8782,12.3001,9.2251
MARKET_002,1 w/e 07/26/25,MFR_001,CAT_001,TM_003,BRAND_014,2961.1678,269.624,202.218,10.9826,0.6888,0.6888,1235.3641,112.4839,84.363
MARKET_002,1 w/e 07/26/25,MFR_002,CAT_001,TM_004,BRAND_007,25522.9541,10658.875,1110.2995,2.3945,12.7459,12.7459,575.4012,240.2986,25.0311
MARKET_002,1 w/e 07/26/25,MFR_002,CAT_001,TM_004,BRAND_009,682.192,165.8,36.0,4.1145,1.1566,1.1566,169.4887,41.1925,8.9441
MARKET_002,1 w/e 07/26/25,MFR_002,CAT_001,TM_005,BRAND_010,64318.5465,24196.987,2619.0576,2.6581,65.9946,66.8724,280.0525,105.3573,11.4038
MARKET_002,1 w/e 07/26/25,MFR_002,CAT_001,TM_005,BRAND_008,47758.6266,18504.4542,1973.4015,2.5809,25.0196,25.5011,548.5084,212.5239,22.6645
MARKET_003,1 w/e 07/26/25,MFR_001,CAT_001,TM_001,BRAND_011,42390.3118,9892.3526,3434.5475,4.2852,79.7844,118.5366,39.461,9.2088,3.1972
MARKET_003,1 w/e 07/26/25,MFR_001,CAT_001,TM_001,BRAND_001,212.0998,35.4091,26.5569,5.99,0.2248,0.2248,70.0624,11.6966,8.7724
MARKET_003,1 w/e 07/26/25,MFR_001,CAT_001,TM_002,BRAND_012,52439.4682,11071.1528,5007.6576,4.7366,76.0555,105.454,51.2091,10.8114,4.8902
MARKET_003,1 w/e 07/26/25,MFR_001,CAT_001,TM_002,BRAND_003,435.5306,153.439,20.5938,2.8385,0.2248,0.4497,143.8677,50.6851,6.8027
MARKET_003,1 w/e 07/26/25,MFR_001,CAT_001,TM_003,BRAND_015,56206.2267,14377.5536,4359.342,3.9093,76.8159,114.9908,54.3442,13.9012,4.2149
MARKET_003,1 w/e 07/26/25,MFR_001,CAT_001,TM_003,BRAND_004,43788.7402,7750.6485,4266.9055,5.6497,64.7005,70.7693,50.266,8.8971,4.8981
MARKET_003,1 w/e 07/26/25,MFR_001,CAT_001,TM_003,BRAND_013,8.0001,4.0,0.4167,2.0,0.0698,0.0698,8.5134,4.2567,0.4434
MARKET_003,1 w/e 07/26/25,MFR_001,CAT_001,TM_003,BRAND_005,43354.2376,6375.7216,4781.7912,6.7999,62.7859,62.7859,51.2848,7.542,5.6565
MARKET_003,1 w/e 07/26/25,MFR_001,CAT_001,TM_003,BRAND_006,86.91,10.333,7.104,8.4108,0.6539,0.6539,9.8713,1.1736,0.8069
MARKET_003,1 w/e 07/26/25,MFR_001,CAT_001,TM_003,BRAND_014,28030.0612,3845.859,2884.3942,7.2884,55.4633,55.4633,37.5351,5.15,3.8625
MARKET_003,1 w/e 07/26/25,MFR_002,CAT_001,TM_004,BRAND_007,68528.8929,11932.6357,6938.8218,5.743,24.3881,29.3199,208.6964,36.3394,21.1313
MARKET_003,1 w/e 07/26/25,MFR_002,CAT_001,TM_004,BRAND_009,89659.0904,10400.6358,7715.3445,8.6205,79.4662,80.8216,83.7976,9.7207,7.211
MARKET_003,1 w/e 07/26/25,MFR_002,CAT_001,TM_005,BRAND_010,95725.5772,22412.7991,8028.1188,4.271,85.6246,143.4019,83.0327,19.4409,6.9636
MARKET_003,1 w/e 07/26/25,MFR_002,CAT_001,TM_005,BRAND_008,78009.4166,14442.4513,7353.4298,5.4014,39.331,58.4334,147.3099,27.2726,13.8859
MARKET_004,1 w/e 07/26/25,MFR_001,CAT_001,TM_001,BRAND_011,2828.54,598.0001,196.1407,4.73,76.33,112.6946,21.1814,4.4781,1.4688
MARKET_004,1 w/e 07/26/25,MFR_001,CAT_001,TM_002,BRAND_012,3132.48,574.0,250.9583,5.4573,77.0174,88.9471,23.2481,4.26,1.8625
MARKET_004,1 w/e 07/26/25,MFR_001,CAT_001,TM_003,BRAND_015,4509.13,1193.0001,312.2083,3.7797,67.4789,93.0837,38.1956,10.1056,2.6446
MARKET_004,1 w/e 07/26/25,MFR_001,CAT_001,TM_003,BRAND_004,586.0401,92.0,57.3751,6.37,16.0878,16.8554,20.8218,3.2687,2.0385
MARKET_004,1 w/e 07/26/25,MFR_001,CAT_001,TM_003,BRAND_005,614.78,83.0,62.25,7.407,12.9712,12.9712,27.0912,3.6575,2.7431
MARKET_004,1 w/e 07/26/25,MFR_001,CAT_001,TM_003,BRAND_014,1933.69,261.0,195.7501,7.4088,47.9092,47.9092,23.0705,3.1139,2.3355
MARKET_004,1 w/e 07/26/25,MFR_002,CAT_001,TM_004,BRAND_007,2432.39,397.0,211.8542,6.1269,6.7227,8.0699,206.813,33.7548,18.0128
MARKET_004,1 w/e 07/26/25,MFR_002,CAT_001,TM_004,BRAND_009,4720.22,580.6667,435.5,8.129,90.7005,90.7005,29.7469,3.6594,2.7445
MARKET_004,1 w/e 07/26/25,MFR_002,CAT_001,TM_005,BRAND_010,3308.6001,579.0001,274.7292,5.7143,83.0701,97.2367,22.7661,3.984,1.8904
MARKET_004,1 w/e 07/26/25,MFR_002,CAT_001,TM_005,BRAND_008,2479.59,460.0,204.8543,5.3904,12.8675,15.6214,110.1477,20.434,9.1
MARKET_005,1 w/e 07/26/25,MFR_001,CAT_001,TM_001,BRAND_011,31243.63,8737.0,2014.1718,3.576,99.3726,226.1058,38.0027,10.6271,2.4499
MARKET_005,1 w/e 07/26/25,MFR_001,CAT_001,TM_002,BRAND_012,33230.89,8163.0,2443.5834,4.0709,96.6921,166.2885,41.5404,10.2042,3.0546
MARKET_005,1 w/e 07/26/25,MFR_001,CAT_001,TM_003,BRAND_015,44783.0701,13743.0001,2825.9166,3.2586,90.9409,150.0264,59.5215,18.2659,3.7559
MARKET_005,1 w/e 07/26/25,MFR_001,CAT_001,TM_003,BRAND_004,38085.7301,8821.0,2898.3334,4.3176,93.5048,133.1618,49.2321,11.4026,3.7466
MARKET_005,1 w/e 07/26/25,MFR_001,CAT_001,TM_003,BRAND_013,2146.9601,273.0001,202.1667,7.8643,8.7614,8.7614,29.6191,3.7663,2.7891
MARKET_005,1 w/e 07/26/25,MFR_001,CAT_001,TM_003,BRAND_005,22502.8801,2825.0,2118.7501,7.9656,84.812,84.812,32.0701,4.0261,3.0195
MARKET_005,1 w/e 07/26/25,MFR_001,CAT_001,TM_003,BRAND_014,12511.6801,1568.0,1176.0001,7.9794,70.3903,70.3903,21.4844,2.6925,2.0194
MARKET_005,1 w/e 07/26/25,MFR_002,CAT_001,TM_004,BRAND_007,31532.83,5799.0001,2686.875,5.4376,26.7555,33.7244,142.4521,26.1975,12.1382
MARKET_005,1 w/e 07/26/25,MFR_002,CAT_001,TM_004,BRAND_009,42743.26,5572.3331,4177.3122,7.6706,95.074,95.5306,54.3407,7.0843,5.3107
MARKET_005,1 w/e 07/26/25,MFR_002,CAT_001,TM_005,BRAND_010,45327.0301,10170.0001,3640.7708,4.4569,97.6712,162.6105,56.0932,12.5856,4.5055
MARKET_005,1 w/e 07/26/25,MFR_002,CAT_001,TM_005,BRAND_008,37582.1201,7766.0,3068.0833,4.8393,39.9692,55.6306,113.6516,23.4851,9.2782
MARKET_001,1 w/e 07/27/24,MFR_001,CAT_001,TM_001,BRAND_001,50921.4768,14298.535,3731.7118,3.5613,57.5833,89.5985,29.6763,8.333,2.1748
MARKET_001,1 w/e 07/27/24,MFR_001,CAT_001,TM_002,BRAND_002,21983.2372,8701.7799,1132.7764,2.5263,19.178,21.2222,38.4674,15.2268,1.9822
MARKET_001,1 w/e 07/27/24,MFR_001,CAT_001,TM_003,BRAND_004,88828.3201,24392.9221,6527.3909,3.6416,41.129,52.5464,72.4784,19.9031,5.3259
MARKET_001,1 w/e 07/27/24,MFR_001,CAT_001,TM_003,BRAND_005,16513.2428,2335.358,1719.2094,7.071,14.303,14.303,38.7446,5.4794,4.0337
MARKET_001,1 w/e 07/27/24,MFR_002,CAT_001,TM_004,BRAND_007,146852.191,37091.8932,12195.3442,3.9591,26.8448,31.7556,183.5801,46.3686,15.2454
MARKET_001,1 w/e 07/27/24,MFR_002,CAT_001,TM_005,BRAND_008,248309.2519,60661.9328,21099.832,4.0933,40.3914,54.5311,206.3048,50.4003,17.5305
MARKET_002,1 w/e 07/27/24,MFR_001,CAT_001,TM_001,BRAND_001,18208.805,7818.092,863.1861,2.3291,35.8127,41.9235,147.2679,63.2306,6.9812
MARKET_002,1 w/e 07/27/24,MFR_001,CAT_001,TM_002,BRAND_002,14273.7373,6089.7171,609.9554,2.3439,25.7833,29.1431,160.3475,68.4103,6.8521
MARKET_002,1 w/e 07/27/24,MFR_001,CAT_001,TM_003,BRAND_004,31684.5799,12741.167,1359.5282,2.4868,31.4759,35.9475,291.5632,117.2449,12.5105
MARKET_002,1 w/e 07/27/24,MFR_001,CAT_001,TM_003,BRAND_005,877.2015,81.654,61.2405,10.7429,0.6566,0.6567,386.9267,36.0169,27.0127
MARKET_002,1 w/e 07/27/24,MFR_002,CAT_001,TM_004,BRAND_007,36859.779,15929.826,1771.3393,2.3139,21.7169,22.5621,491.6086,212.4603,23.6248
MARKET_002,1 w/e 07/27/24,MFR_002,CAT_001,TM_005,BRAND_008,63191.3291,24994.2891,2813.8022,2.5282,40.3636,42.2618,453.4519,179.3554,20.1914
MARKET_003,1 w/e 07/27/24,MFR_001,CAT_001,TM_001,BRAND_001,20236.5019,3797.443,1770.7496,5.329,65.3463,101.5484,23.1947,4.3525,2.0296
MARKET_003,1 w/e 07/27/24,MFR_001,CAT_001,TM_002,BRAND_002,5006.59,1636.0629,365.1335,3.0601,18.6589,21.1558,20.0969,6.5673,1.4657
MARKET_003,1 w/e 07/27/24,MFR_001,CAT_001,TM_003,BRAND_004,42371.5702,7843.7551,4049.7793,5.4019,52.1461,67.6876,60.8592,11.2662,5.8168
MARKET_003,1 w/e 07/27/24,MFR_001,CAT_001,TM_003,BRAND_005,12584.7314,1851.704,1356.4688,6.7963,24.7375,24.7375,38.1032,5.6065,4.107
MARKET_003,1 w/e 07/27/24,MFR_002,CAT_001,TM_004,BRAND_007,70710.7722,11600.0672,7116.5258,6.0957,26.9546,32.0167,196.4837,32.2331,19.7747
MARKET_003,1 w/e 07/27/24,MFR_002,CAT_001,TM_005,BRAND_008,111663.4726,20612.6441,11503.3425,5.4172,43.4081,59.0198,192.67,35.5661,19.8485
MARKET_004,1 w/e 07/27/24,MFR_001,CAT_001,TM_001,BRAND_001,1522.62,268.0001,131.6927,5.6814,68.8689,98.3154,12.7294,2.2405,1.101
MARKET_004,1 w/e 07/27/24,MFR_001,CAT_001,TM_002,BRAND_002,194.5801,55.0,15.4375,3.5378,8.5538,9.3514,13.0973,3.7021,1.0391
MARKET_004,1 w/e 07/27/24,MFR_001,CAT_001,TM_003,BRAND_004,2947.5501,626.0,254.3228,4.7085,45.8464,67.6923,37.0166,7.8616,3.1939
MARKET_004,1 w/e 07/27/24,MFR_001,CAT_001,TM_003,BRAND_005,647.86,94.0,70.5,6.8921,15.2547,15.2547,24.4523,3.5479,2.6609
MARKET_004,1 w/e 07/27/24,MFR_002,CAT_001,TM_004,BRAND_007,2600.81,634.0,210.0625,4.1022,14.4296,14.8249,103.7759,25.2975,8.3818
MARKET_004,1 w/e 07/27/24,MFR_002,CAT_001,TM_005,BRAND_008,6621.72,1058.0,627.5208,6.2587,25.594,31.7194,148.9614,23.8006,14.1166
MARKET_005,1 w/e 07/27/24,MFR_001,CAT_001,TM_001,BRAND_001,8020.7501,1509.0,647.8062,5.3153,78.2961,131.6067,12.3821,2.3295,1.0001
MARKET_005,1 w/e 07/27/24,MFR_001,CAT_001,TM_002,BRAND_002,1564.76,555.0001,94.5208,2.8194,24.0865,26.1835,7.8522,2.7851,0.4743
MARKET_005,1 w/e 07/27/24,MFR_001,CAT_001,TM_003,BRAND_004,9365.4001,1903.0,798.1458,4.9214,41.8985,52.9347,27.0176,5.4898,2.3025
MARKET_005,1 w/e 07/27/24,MFR_001,CAT_001,TM_003,BRAND_005,3113.2801,406.0,304.5001,7.6682,13.708,13.708,27.4514,3.5799,2.6849
MARKET_005,1 w/e 07/27/24,MFR_002,CAT_001,TM_004,BRAND_007,30708.6201,6920.0,2653.1666,4.4377,38.6722,46.7867,95.98,21.6285,8.2925
MARKET_005,1 w/e 07/27/24,MFR_002,CAT_001,TM_005,BRAND_008,62701.69,11959.0001,5946.7501,5.2431,54.5689,81.0931,138.8845,26.4892,13.1721
MARKET_001,1 w/e 08/02/25,MFR_001,CAT_001,TM_001,BRAND_011,128169.7003,38492.1558,7830.3406,3.3298,75.6014,125.2412,57.2403,17.1905,3.497
MARKET_001,1 w/e 08/02/25,MFR_001,CAT_001,TM_001,BRAND_001,1802.3885,653.953,132.1456,2.7561,0.3884,0.4493,156.664,56.8418,11.4861
MARKET_001,1 w/e 08/02/25,MFR_001,CAT_001,TM_002,BRAND_012,126258.9132,33991.9055,8912.6146,3.7144,71.0669,103.5216,59.9848,16.1493,4.2343
MARKET_001,1 w/e 08/02/25,MFR_001,CAT_001,TM_002,BRAND_002,772.0224,254.683,41.9252,3.0313,0.1953,0.2067,133.4917,44.0377,7.2494
MARKET_001,1 w/e 08/02/25,MFR_001,CAT_001,TM_002,BRAND_003,686.8588,258.1531,31.1178,2.6607,0.245,0.3544,94.6426,35.571,4.2877
MARKET_001,1 w/e 08/02/25,MFR_001,CAT_001,TM_003,BRAND_015,219131.255,73378.8627,11703.2378,2.9863,72.1806,105.1949,102.5015,34.3239,5.4743
MARKET_001,1 w/e 08/02/25,MFR_001,CAT_001,TM_003,BRAND_004,179231.1281,51767.4325,11632.4876,3.4622,63.6206,78.3511,95.1179,27.473,6.1734
MARKET_001,1 w/e 08/02/25,MFR_001,CAT_001,TM_003,BRAND_013,563.5801,71.0,53.25,7.9377,0.9371,0.9371,20.3058,2.5581,1.9186
MARKET_001,1 w/e 08/02/25,MFR_001,CAT_001,TM_003,BRAND_005,72283.4209,10089.7228,7567.2921,7.1641,52.9097,52.9098,46.1264,6.4386,4.8289
MARKET_001,1 w/e 08/02/25,MFR_001,CAT_001,TM_003,BRAND_006,87.9201,7.5001,5.625,11.7227,0.1631,0.1631,18.2014,1.5527,1.1645
MARKET_001,1 w/e 08/02/25,MFR_001,CAT_001,TM_003,BRAND_014,39992.7724,5044.6752,3783.5065,7.9277,43.3082,43.3082,31.1787,3.9329,2.9497
MARKET_001,1 w/e 08/02/25,MFR_002,CAT_001,TM_004,BRAND_007,127047.7336,29339.1261,10355.1265,4.3303,17.7788,21.4733,241.2745,55.7175,19.6653
MARKET_001,1 w/e 08/02/25,MFR_002,CAT_001,TM_004,BRAND_009,129170.3088,15563.171,11544.9279,8.2997,65.7774,66.1641,66.3028,7.9885,5.926
MARKET_001,1 w/e 08/02/25,MFR_002,CAT_001,TM_005,BRAND_010,223690.9198,63303.316,15122.0826,3.5336,80.7841,124.9744,93.4908,26.4574,6.3202
MARKET_001,1 w/e 08/02/25,MFR_002,CAT_001,TM_005,BRAND_008,159559.8278,39589.8469,11654.1404,4.0303,31.994,42.8273,168.3843,41.7794,12.2987
MARKET_002,1 w/e 08/02/25,MFR_001,CAT_001,TM_001,BRAND_011,43703.6132,16779.513,1765.3035,2.6046,56.1073,56.4946,223.7898,85.9216,9.0395
MARKET_002,1 w/e 08/02/25,MFR_001,CAT_001,TM_001,BRAND_001,1590.6838,618.61,105.6385,2.5714,2.4372,2.9554,187.5143,72.9235,12.453
MARKET_002,1 w/e 08/02/25,MFR_001,CAT_001,TM_002,BRAND_012,34367.3165,13334.946,1407.661,2.5772,38.7723,39.1334,254.6635,98.8126,10.4308
MARKET_002,1 w/e 08/02/25,MFR_001,CAT_001,TM_002,BRAND_002,772.0224,254.683,41.9252,3.0313,1.6616,1.7589,133.4917,44.0377,7.2494
MARKET_002,1 w/e 08/02/25,MFR_001,CAT_001,TM_002,BRAND_003,252.14,105.0,10.5625,2.4013,1.2169,1.2794,59.5288,24.7899,2.4937
MARKET_002,1 w/e 08/02/25,MFR_001,CAT_001,TM_003,BRAND_015,104442.8004,39760.6811,4199.2168,2.6268,63.9301,64.5737,469.3698,178.686,18.8714
MARKET_002,1 w/e 08/02/25,MFR_001,CAT_001,TM_003,BRAND_004,78145.0508,29509.898,3145.8828,2.6481,46.0179,47.6217,487.8845,184.2397,19.6408
MARKET_002,1 w/e 08/02/25,MFR_001,CAT_001,TM_003,BRAND_014,38.3501,4.0,3.0,9.5875,0.0684,0.0684,161.1345,16.8067,12.605
MARKET_002,1 w/e 08/02/25,MFR_002,CAT_001,TM_004,BRAND_007,30586.0004,11889.0751,1239.7371,2.5726,12.0743,12.0865,727.7841,282.8967,29.4991
MARKET_002,1 w/e 08/02/25,MFR_002,CAT_001,TM_004,BRAND_009,469.43,94.6667,27.0833,4.9588,0.6276,0.6276,214.911,43.3396,12.3991
MARKET_002,1 w/e 08/02/25,MFR_002,CAT_001,TM_005,BRAND_010,69563.4539,26221.824,2851.202,2.6529,66.1517,66.9747,302.1221,113.8844,12.3831
MARKET_002,1 w/e 08/02/25,MFR_002,CAT_001,TM_005,BRAND_008,43396.7048,17157.1381,1835.6394,2.5294,25.0835,25.5529,497.0621,196.5164,21.0253
MARKET_003,1 w/e 08/02/25,MFR_001,CAT_001,TM_001,BRAND_011,43678.847,9860.6428,3518.1048,4.4296,77.3389,115.8629,41.9393,9.4679,3.378
MARKET_003,1 w/e 08/02/25,MFR_001,CAT_001,TM_001,BRAND_001,211.7047,35.343,26.5073,5.99,0.2244,0.2244,70.0591,11.696,8.772
MARKET_003,1 w/e 08/02/25,MFR_001,CAT_001,TM_002,BRAND_012,53142.2866,10781.9595,4771.9535,4.9288,75.1092,104.2229,52.5406,10.6599,4.7179
MARKET_003,1 w/e 08/02/25,MFR_001,CAT_001,TM_002,BRAND_003,434.7188,153.153,20.5554,2.8385,0.2244,0.4488,143.8609,50.6827,6.8024
MARKET_003,1 w/e 08/02/25,MFR_001,CAT_001,TM_003,BRAND_015,52351.4946,13185.1816,3916.6458,3.9705,72.2441,105.4306,53.8115,13.5529,4.0259
MARKET_003,1 w/e 08/02/25,MFR_001,CAT_001,TM_003,BRAND_004,51325.7472,9576.5345,4889.7505,5.3595,67.7824,76.3472,56.2298,10.4916,5.357
MARKET_003,1 w/e 08/02/25,MFR_001,CAT_001,TM_003,BRAND_005,49649.6008,7203.7228,5402.792,6.8922,66.1042,66.1043,55.7744,8.0924,6.0693
MARKET_003,1 w/e 08/02/25,MFR_001,CAT_001,TM_003,BRAND_006,87.9201,7.5001,5.625,11.7227,0.3587,0.3587,18.2014,1.5527,1.1645
MARKET_003,1 w/e 08/02/25,MFR_001,CAT_001,TM_003,BRAND_014,26004.4524,3278.342,2458.7566,7.9322,49.128,49.1281,39.3067,4.9553,3.7165
MARKET_003,1 w/e 08/02/25,MFR_002,CAT_001,TM_004,BRAND_007,67100.0533,11567.0511,6627.0769,5.801,21.2062,25.8425,234.9677,40.5049,23.2064
MARKET_003,1 w/e 08/02/25,MFR_002,CAT_001,TM_004,BRAND_009,82912.4088,9493.1822,7060.2488,8.7339,79.7604,80.3843,77.1934,8.8384,6.5733
MARKET_003,1 w/e 08/02/25,MFR_002,CAT_001,TM_005,BRAND_010,93986.666,22480.1587,7596.7347,4.1809,84.329,141.4219,82.7632,19.7957,6.6896
MARKET_003,1 w/e 08/02/25,MFR_002,CAT_001,TM_005,BRAND_008,78527.7028,13846.7088,6829.0427,5.6712,37.8102,54.0739,154.2276,27.1948,13.4122
MARKET_004,1 w/e 08/02/25,MFR_001,CAT_001,TM_001,BRAND_011,2717.4201,598.0001,184.0885,4.5442,73.262,102.7197,21.2015,4.6656,1.4363
MARKET_004,1 w/e 08/02/25,MFR_001,CAT_001,TM_002,BRAND_012,3355.22,594.0,271.125,5.6485,77.54,92.4604,24.7334,4.3787,1.9986
MARKET_004,1 w/e 08/02/25,MFR_001,CAT_001,TM_003,BRAND_015,4069.64,1135.0,271.2916,3.5856,66.7113,90.8584,34.8694,9.7249,2.3245
MARKET_004,1 w/e 08/02/25,MFR_001,CAT_001,TM_003,BRAND_004,527.3,79.0,51.5,6.6747,12.4729,13.1837,24.1645,3.6203,2.3601
MARKET_004,1 w/e 08/02/25,MFR_001,CAT_001,TM_003,BRAND_005,721.5401,98.0001,73.5001,7.3627,13.7112,13.7112,30.0797,4.0854,3.0641
MARKET_004,1 w/e 08/02/25,MFR_001,CAT_001,TM_003,BRAND_014,1819.77,237.3332,177.9999,7.6676,45.7591,45.7591,22.7314,2.9646,2.2235
MARKET_004,1 w/e 08/02/25,MFR_002,CAT_001,TM_004,BRAND_007,3425.96,627.0,381.7709,5.4641,7.0669,8.4142,277.1028,50.7138,30.8789
MARKET_004,1 w/e 08/02/25,MFR_002,CAT_001,TM_004,BRAND_009,6137.84,753.6565,563.9506,8.1441,95.848,96.8044,36.6034,4.4945,3.3632
MARKET_004,1 w/e 08/02/25,MFR_002,CAT_001,TM_005,BRAND_010,4062.77,772.3333,397.7709,5.2604,93.6161,110.0535,24.8062,4.7157,2.4287
MARKET_004,1 w/e 08/02/25,MFR_002,CAT_001,TM_005,BRAND_008,2697.67,543.0,281.3125,4.9681,13.3893,15.7896,115.1645,23.1809,12.0093
MARKET_005,1 w/e 08/02/25,MFR_001,CAT_001,TM_001,BRAND_011,31970.9801,8875.0001,2079.4427,3.6024,99.2179,223.8065,38.948,10.8118,2.5332
MARKET_005,1 w/e 08/02/25,MFR_001,CAT_001,TM_002,BRAND_012,32768.34,8095.0,2400.9793,4.048,96.0432,164.7496,41.2389,10.1876,3.0216
MARKET_005,1 w/e 08/02/25,MFR_001,CAT_001,TM_003,BRAND_015,43731.29,13616.0,2725.5001,3.2118,90.2989,151.1642,58.5368,18.2258,3.6482
MARKET_005,1 w/e 08/02/25,MFR_001,CAT_001,TM_003,BRAND_004,38702.65,8863.0001,2959.5416,4.3668,94.5527,135.5033,49.475,11.3299,3.7833
MARKET_005,1 w/e 08/02/25,MFR_001,CAT_001,TM_003,BRAND_013,1381.86,174.0,130.5,7.9417,5.141,5.141,32.4893,4.091,3.0682
MARKET_005,1 w/e 08/02/25,MFR_001,CAT_001,TM_003,BRAND_005,23229.0,2915.0,2186.2501,7.9688,88.0775,88.0775,31.8776,4.0003,3.0002
MARKET_005,1 w/e 08/02/25,MFR_001,CAT_001,TM_003,BRAND_014,12869.64,1613.0,1209.7501,7.9787,69.7911,69.7911,22.2887,2.7935,2.0951
MARKET_005,1 w/e 08/02/25,MFR_002,CAT_001,TM_004,BRAND_007,25015.0801,4962.0,2071.3958,5.0413,23.3115,29.0653,129.7033,25.728,10.7402
MARKET_005,1 w/e 08/02/25,MFR_002,CAT_001,TM_004,BRAND_009,44334.55,5831.0,4372.6043,7.6032,95.6311,95.7823,56.0354,7.3699,5.5266
MARKET_005,1 w/e 08/02/25,MFR_002,CAT_001,TM_005,BRAND_010,47447.61,10799.0001,3820.6043,4.3937,97.8016,162.4787,58.6392,13.3462,4.7218
MARKET_005,1 w/e 08/02/25,MFR_002,CAT_001,TM_005,BRAND_008,30637.42,6627.0001,2456.6667,4.6231,38.8601,51.0629,95.2944,20.6126,7.6412
MARKET_001,1 w/e 08/03/24,MFR_001,CAT_001,TM_001,BRAND_001,53754.5051,14556.922,3940.86,3.6927,54.5872,83.8608,33.0321,8.9452,2.4217
MARKET_001,1 w/e 08/03/24,MFR_001,CAT_001,TM_002,BRAND_002,18968.9668,7513.2268,956.5749,2.5247,16.8798,18.3485,37.6955,14.9304,1.9009
MARKET_001,1 w/e 08/03/24,MFR_001,CAT_001,TM_003,BRAND_004,76170.6217,19433.3551,6192.8889,3.9196,37.5854,45.264,67.98,17.3437,5.527
MARKET_001,1 w/e 08/03/24,MFR_001,CAT_001,TM_003,BRAND_005,12764.3149,1929.7317,1428.6847,6.6146,10.6491,10.6491,40.2065,6.0785,4.5002
MARKET_001,1 w/e 08/03/24,MFR_002,CAT_001,TM_004,BRAND_007,130764.2318,31173.4305,11473.4224,4.1947,23.5737,26.6566,186.0693,44.3578,16.326
MARKET_001,1 w/e 08/03/24,MFR_002,CAT_001,TM_005,BRAND_008,218235.0484,51523.2053,18919.8055,4.2357,36.1654,47.5633,202.4153,47.7883,17.5483
MARKET_002,1 w/e 08/03/24,MFR_001,CAT_001,TM_001,BRAND_001,19868.7414,7884.42,950.0838,2.52,36.2279,40.5492,158.8452,63.0338,7.5957
MARKET_002,1 w/e 08/03/24,MFR_001,CAT_001,TM_002,BRAND_002,12465.0643,5225.0131,531.3277,2.3857,21.303,22.2885,169.473,71.0385,7.2238
MARKET_002,1 w/e 08/03/24,MFR_001,CAT_001,TM_003,BRAND_004,23761.6684,9317.3643,983.4992,2.5503,23.2838,26.1997,295.5773,115.901,12.234
MARKET_002,1 w/e 08/03/24,MFR_001,CAT_001,TM_003,BRAND_005,851.1535,77.6496,58.2373,10.9615,0.6751,0.6751,365.1609,33.3131,24.9849
MARKET_002,1 w/e 08/03/24,MFR_002,CAT_001,TM_004,BRAND_007,25470.6559,10725.1,1227.8602,2.3749,15.2984,15.4392,482.2161,203.05,23.2461
MARKET_002,1 w/e 08/03/24,MFR_002,CAT_001,TM_005,BRAND_008,48519.2922,19333.1271,2155.6615,2.5096,31.6499,32.502,444.0064,176.92,19.7267
MARKET_003,1 w/e 08/03/24,MFR_001,CAT_001,TM_001,BRAND_001,22317.7237,4280.1686,2019.3606,5.2142,62.3733,97.7641,26.7741,5.1348,2.4226
MARKET_003,1 w/e 08/03/24,MFR_001,CAT_001,TM_002,BRAND_002,4400.4426,1475.2139,317.0806,2.9829,16.6426,18.5517,19.7851,6.6328,1.4256
MARKET_003,1 w/e 08/03/24,MFR_001,CAT_001,TM_003,BRAND_004,39931.8433,7312.9908,4198.1085,5.4604,50.0688,60.8734,59.6783,10.9293,6.2741
MARKET_003,1 w/e 08/03/24,MFR_001,CAT_001,TM_003,BRAND_005,10039.1714,1604.0821,1184.4475,6.2585,18.7058,18.7059,40.1592,6.4167,4.7381
MARKET_003,1 w/e 08/03/24,MFR_002,CAT_001,TM_004,BRAND_007,68983.446,11270.6648,7173.3755,6.1206,23.2767,25.9624,221.762,36.2319,23.0603
MARKET_003,1 w/e 08/03/24,MFR_002,CAT_001,TM_005,BRAND_008,106361.6163,19078.4122,10876.4362,5.575,39.6083,52.5089,200.9385,36.043,20.5478
MARKET_004,1 w/e 08/03/24,MFR_001,CAT_001,TM_001,BRAND_001,1718.45,297.0,151.0104,5.786,66.1316,92.1003,14.9613,2.5858,1.3147
MARKET_004,1 w/e 08/03/24,MFR_001,CAT_001,TM_002,BRAND_002,95.18,26.0,8.3542,3.6608,8.8019,8.8019,6.226,1.7007,0.5465
MARKET_004,1 w/e 08/03/24,MFR_001,CAT_001,TM_003,BRAND_004,3190.8,616.0,282.7917,5.1799,47.5262,61.8152,38.6551,7.4626,3.4259
MARKET_004,1 w/e 08/03/24,MFR_001,CAT_001,TM_003,BRAND_005,531.3101,71.0,53.25,7.4832,8.6383,8.6383,35.4129,4.7323,3.5492
MARKET_004,1 w/e 08/03/24,MFR_002,CAT_001,TM_004,BRAND_007,2409.63,516.0,206.8125,4.6698,13.6494,14.5817,101.643,21.7659,8.7238
MARKET_004,1 w/e 08/03/24,MFR_002,CAT_001,TM_005,BRAND_008,5194.02,830.0,501.0832,6.2579,24.2592,29.263,123.273,19.6989,11.8925
MARKET_005,1 w/e 08/03/24,MFR_001,CAT_001,TM_001,BRAND_001,8119.62,1480.0,669.5438,5.4862,72.9941,118.506,13.4452,2.4507,1.1087
MARKET_005,1 w/e 08/03/24,MFR_001,CAT_001,TM_002,BRAND_002,1321.76,473.0001,78.7708,2.7944,21.3331,23.7231,7.4889,2.6799,0.4463
MARKET_005,1 w/e 08/03/24,MFR_001,CAT_001,TM_003,BRAND_004,8438.9801,1709.0,719.9583,4.938,38.4677,47.8963,26.5163,5.3699,2.2622
MARKET_005,1 w/e 08/03/24,MFR_001,CAT_001,TM_003,BRAND_005,2252.5501,294.0,220.5,7.6617,11.6692,11.6692,23.332,3.0453,2.284
MARKET_005,1 w/e 08/03/24,MFR_002,CAT_001,TM_004,BRAND_007,29213.5401,6523.0001,2471.6666,4.4785,36.594,42.462,96.4926,21.5455,8.1639
MARKET_005,1 w/e 08/03/24,MFR_002,CAT_001,TM_005,BRAND_008,52630.47,9942.0,5002.3333,5.2938,48.9958,69.9622,129.8368,24.5264,12.3405
MARKET_001,1 w/e 08/09/25,MFR_001,CAT_001,TM_001,BRAND_011,124690.4974,36957.881,7728.8148,3.3739,75.4897,126.9532,55.7858,16.5347,3.4578
MARKET_001,1 w/e 08/09/25,MFR_001,CAT_001,TM_001,BRAND_001,1781.3299,602.63,131.1424,2.9559,0.3183,0.3815,189.0045,63.9409,13.9146
MARKET_001,1 w/e 08/09/25,MFR_001,CAT_001,TM_002,BRAND_012,124853.4462,33261.4764,8878.9122,3.7537,70.8425,103.5612,59.5229,15.8572,4.233
MARKET_001,1 w/e 08/09/25,MFR_001,CAT_001,TM_002,BRAND_002,693.3429,247.2021,35.9794,2.8048,0.1939,0.2053,120.7746,43.0605,6.2673
MARKET_001,1 w/e 08/09/25,MFR_001,CAT_001,TM_002,BRAND_003,665.7488,250.153,30.2013,2.6614,0.2255,0.3302,99.7332,37.4744,4.5243
MARKET_001,1 w/e 08/09/25,MFR_001,CAT_001,TM_003,BRAND_015,221952.3298,73447.2046,11760.3448,3.0219,71.0748,104.6182,105.4683,34.901,5.5883
MARKET_001,1 w/e 08/09/25,MFR_001,CAT_001,TM_003,BRAND_004,138425.9071,37451.4463,9341.6476,3.6961,57.7584,70.5155,80.9431,21.8993,5.4624
MARKET_001,1 w/e 08/09/25,MFR_001,CAT_001,TM_003,BRAND_013,331.34,40.0001,30.0,8.2835,0.6276,0.6276,17.831,2.1526,1.6144
MARKET_001,1 w/e 08/09/25,MFR_001,CAT_001,TM_003,BRAND_005,71312.8326,9707.0272,7280.2705,7.3465,52.9749,52.9749,45.4648,6.1886,4.6415
MARKET_001,1 w/e 08/09/25,MFR_001,CAT_001,TM_003,BRAND_006,26.95,2.3333,1.7499,11.5507,0.104,0.104,8.7543,0.7579,0.5684
MARKET_001,1 w/e 08/09/25,MFR_001,CAT_001,TM_003,BRAND_014,35328.2764,4386.9106,3290.183,8.0531,41.3547,41.3547,28.852,3.5827,2.687
MARKET_001,1 w/e 08/09/25,MFR_002,CAT_001,TM_004,BRAND_007,109776.6376,26528.9714,8330.1804,4.138,17.2857,20.8671,214.4873,51.8337,16.2759
MARKET_001,1 w/e 08/09/25,MFR_002,CAT_001,TM_004,BRAND_009,133890.0195,16532.1078,12294.3901,8.0988,65.3927,65.7461,69.1507,8.5384,6.3497
MARKET_001,1 w/e 08/09/25,MFR_002,CAT_001,TM_005,BRAND_010,230981.0707,64128.3645,15771.5363,3.6019,81.6423,127.566,95.5519,26.5285,6.5243
MARKET_001,1 w/e 08/09/25,MFR_002,CAT_001,TM_005,BRAND_008,149901.9401,39004.6512,10221.7095,3.8432,29.4266,38.6507,172.0462,44.7666,11.7317
MARKET_002,1 w/e 08/09/25,MFR_001,CAT_001,TM_001,BRAND_011,39134.9409,14763.117,1559.783,2.6509,52.018,52.4853,216.7072,81.7498,8.6372
MARKET_002,1 w/e 08/09/25,MFR_001,CAT_001,TM_001,BRAND_001,1569.6253,567.287,104.6352,2.7669,1.8444,2.3833,245.139,88.5971,16.3416
MARKET_002,1 w/e 08/09/25,MFR_001,CAT_001,TM_002,BRAND_012,35045.6116,13456.209,1425.5427,2.6044,36.933,37.1942,273.3262,104.9471,11.118
MARKET_002,1 w/e 08/09/25,MFR_001,CAT_001,TM_002,BRAND_002,693.3429,247.2021,35.9794,2.8048,1.6536,1.7512,120.7746,43.0605,6.2673
MARKET_002,1 w/e 08/09/25,MFR_001,CAT_001,TM_002,BRAND_003,231.03,97.0,9.6458,2.3818,1.0524,1.075,63.2335,26.5492,2.6401
MARKET_002,1 w/e 08/09/25,MFR_001,CAT_001,TM_003,BRAND_015,100888.706,37588.7731,4038.7281,2.684,62.6948,64.4009,463.5249,172.6986,18.5556
MARKET_002,1 w/e 08/09/25,MFR_001,CAT_001,TM_003,BRAND_004,53257.7642,19824.9311,2113.4285,2.6864,38.5692,39.1116,397.7452,148.0586,15.7837
MARKET_002,1 w/e 08/09/25,MFR_001,CAT_001,TM_003,BRAND_014,84.3201,9.0,6.75,9.3689,0.1335,0.1335,181.9202,19.4175,14.5631
MARKET_002,1 w/e 08/09/25,MFR_002,CAT_001,TM_004,BRAND_007,27527.3497,11256.278,1172.529,2.4455,11.1222,11.1222,712.9148,291.5198,30.3666
MARKET_002,1 w/e 08/09/25,MFR_002,CAT_001,TM_004,BRAND_009,403.56,78.0001,24.2709,5.1738,0.5773,0.5773,201.3672,38.9202,12.1106
MARKET_002,1 w/e 08/09/25,MFR_002,CAT_001,TM_005,BRAND_010,67071.2934,25376.739,2733.0726,2.643,62.3605,63.4813,309.8056,117.2164,12.6242
MARKET_002,1 w/e 08/09/25,MFR_002,CAT_001,TM_005,BRAND_008,51076.5147,20028.999,2130.2709,2.5501,23.8284,24.2898,617.4321,242.1181,25.7515
MARKET_003,1 w/e 08/09/25,MFR_001,CAT_001,TM_001,BRAND_011,43044.1367,10113.6809,3487.5787,4.256,77.4939,115.365,41.2472,9.6915,3.342
MARKET_003,1 w/e 08/09/25,MFR_001,CAT_001,TM_001,BRAND_001,211.7047,35.343,26.5073,5.99,0.2244,0.2244,70.0591,11.696,8.772
MARKET_003,1 w/e 08/09/25,MFR_001,CAT_001,TM_002,BRAND_012,52259.3145,10452.2677,4752.1406,4.9998,74.7637,103.6052,51.9064,10.3817,4.7201
MARKET_003,1 w/e 08/09/25,MFR_001,CAT_001,TM_002,BRAND_003,434.7188,153.153,20.5554,2.8385,0.2244,0.4488,143.8609,50.6827,6.8024
MARKET_003,1 w/e 08/09/25,MFR_001,CAT_001,TM_003,BRAND_015,53384.2838,13659.4318,3859.8669,3.9082,70.569,103.8689,56.1756,14.3736,4.0617
MARKET_003,1 w/e 08/09/25,MFR_001,CAT_001,TM_003,BRAND_004,43520.023,8001.5153,4123.4277,5.439,60.3763,68.0638,53.5267,9.8413,5.0715
MARKET_003,1 w/e 08/09/25,MFR_001,CAT_001,TM_003,BRAND_005,47350.0626,6680.0273,5010.0205,7.0883,65.6303,65.6304,53.5753,7.5583,5.6687
MARKET_003,1 w/e 08/09/25,MFR_001,CAT_001,TM_003,BRAND_006,26.95,2.3333,1.7499,11.5507,0.2286,0.2286,8.7543,0.7579,0.5684
MARKET_003,1 w/e 08/09/25,MFR_001,CAT_001,TM_003,BRAND_014,22340.9064,2760.9107,2070.6831,8.0919,46.7315,46.7316,35.5009,4.3872,3.2904
MARKET_003,1 w/e 08/09/25,MFR_002,CAT_001,TM_004,BRAND_007,57833.7878,9700.3603,5107.7141,5.962,22.097,26.8315,194.3553,32.5989,17.1649
MARKET_003,1 w/e 08/09/25,MFR_002,CAT_001,TM_004,BRAND_009,85991.4295,10280.1192,7655.7735,8.3648,79.0908,79.7335,80.7379,9.6521,7.1881
MARKET_003,1 w/e 08/09/25,MFR_002,CAT_001,TM_005,BRAND_010,99743.0672,23159.6255,7948.1094,4.3068,86.3137,144.9,85.8126,19.9251,6.8381
MARKET_003,1 w/e 08/09/25,MFR_002,CAT_001,TM_005,BRAND_008,67923.3853,11454.6526,5637.8767,5.9298,36.218,50.183,139.2655,23.4858,11.5595
MARKET_004,1 w/e 08/09/25,MFR_001,CAT_001,TM_001,BRAND_011,3038.2401,637.0,213.552,4.7696,77.7374,109.7722,22.3399,4.6838,1.5702
MARKET_004,1 w/e 08/09/25,MFR_001,CAT_001,TM_002,BRAND_012,3335.64,584.0001,273.3125,5.7117,80.4507,93.8909,23.6994,4.1493,1.9419
MARKET_004,1 w/e 08/09/25,MFR_001,CAT_001,TM_003,BRAND_015,4502.84,1278.0,274.5625,3.5233,62.7899,87.2729,40.9907,11.634,2.4994
MARKET_004,1 w/e 08/09/25,MFR_001,CAT_001,TM_003,BRAND_004,544.0701,75.0,47.2082,7.2543,16.9982,16.9982,18.2953,2.522,1.5875
MARKET_004,1 w/e 08/09/25,MFR_001,CAT_001,TM_003,BRAND_005,695.0801,85.0,63.7501,8.1774,17.1643,17.1643,23.1471,2.8306,2.123
MARKET_004,1 w/e 08/09/25,MFR_001,CAT_001,TM_003,BRAND_014,1452.46,177.0,132.75,8.206,41.1206,41.1206,20.1899,2.4604,1.8453
MARKET_004,1 w/e 08/09/25,MFR_002,CAT_001,TM_004,BRAND_007,2923.14,569.0001,324.7082,5.1373,4.8587,6.6747,343.8867,66.9388,38.1996
MARKET_004,1 w/e 08/09/25,MFR_002,CAT_001,TM_004,BRAND_009,5552.8,668.991,501.0975,8.3003,93.1504,93.4493,34.0734,4.1051,3.0749
MARKET_004,1 w/e 08/09/25,MFR_002,CAT_001,TM_005,BRAND_010,3990.57,762.0001,402.9375,5.237,89.8825,107.8595,25.3775,4.8458,2.5624
MARKET_004,1 w/e 08/09/25,MFR_002,CAT_001,TM_005,BRAND_008,2362.8001,499.0001,237.9792,4.7351,9.6641,12.2108,139.7503,29.5139,14.0755
MARKET_005,1 w/e 08/09/25,MFR_001,CAT_001,TM_001,BRAND_011,33898.37,9296.0,2233.6354,3.6466,99.5991,226.2558,41.138,11.2813,2.7107
MARKET_005,1 w/e 08/09/25,MFR_001,CAT_001,TM_002,BRAND_012,30918.76,7365.0,2313.9583,4.1981,95.5163,165.1657,39.1259,9.32,2.9282
MARKET_005,1 w/e 08/09/25,MFR_001,CAT_001,TM_003,BRAND_015,49367.0401,15434.0,3069.2293,3.1986,89.5254,151.5738,66.6515,20.8378,4.1438
MARKET_005,1 w/e 08/09/25,MFR_001,CAT_001,TM_003,BRAND_004,35490.31,7126.0,2887.1042,4.9804,89.7267,127.2169,47.8088,9.5994,3.8892
MARKET_005,1 w/e 08/09/25,MFR_001,CAT_001,TM_003,BRAND_013,909.38,116.0,85.7082,7.8395,3.9383,4.1452,27.9096,3.5601,2.6305
MARKET_005,1 w/e 08/09/25,MFR_001,CAT_001,TM_003,BRAND_005,25326.4,3187.0001,2390.25,7.9468,87.8444,87.8444,34.8481,4.3852,3.2889
MARKET_005,1 w/e 08/09/25,MFR_001,CAT_001,TM_003,BRAND_014,11901.07,1492.0001,1119.0,7.9766,66.9797,66.9797,21.4764,2.6924,2.0193
MARKET_005,1 w/e 08/09/25,MFR_002,CAT_001,TM_004,BRAND_007,19692.33,4448.3309,1532.4356,4.4269,20.134,25.1545,118.2188,26.7046,9.1997
MARKET_005,1 w/e 08/09/25,MFR_002,CAT_001,TM_004,BRAND_009,47030.3701,6188.3316,4640.6028,7.5998,96.0617,96.2129,59.1763,7.7865,5.8391
MARKET_005,1 w/e 08/09/25,MFR_002,CAT_001,TM_005,BRAND_010,50345.23,11373.0,4108.3751,4.4267,99.4089,167.5785,61.2142,13.8283,4.9953
MARKET_005,1 w/e 08/09/25,MFR_002,CAT_001,TM_005,BRAND_008,24560.3301,5786.0001,1941.5209,4.2448,32.3655,41.6585,91.7216,21.6081,7.2507
MARKET_001,1 w/e 08/10/24,MFR_001,CAT_001,TM_001,BRAND_001,47698.781,13123.3298,3560.6481,3.6347,53.9516,81.3721,29.6546,8.1589,2.2137
MARKET_001,1 w/e 08/10/24,MFR_001,CAT_001,TM_002,BRAND_002,19165.3252,7877.4841,921.7947,2.4329,15.3631,16.1525,41.8433,17.1988,2.0125
MARKET_001,1 w/e 08/10/24,MFR_001,CAT_001,TM_003,BRAND_004,75003.5496,18490.8188,6014.0335,4.0563,35.3518,41.6011,71.1639,17.5442,5.7062
MARKET_001,1 w/e 08/10/24,MFR_001,CAT_001,TM_003,BRAND_005,9508.5929,1463.4094,1085.1476,6.4976,8.5378,8.5378,37.3561,5.7493,4.2632
MARKET_001,1 w/e 08/10/24,MFR_002,CAT_001,TM_004,BRAND_007,104756.101,26340.4625,8808.9782,3.977,19.8898,21.7387,176.6598,44.4203,14.8554
MARKET_001,1 w/e 08/10/24,MFR_002,CAT_001,TM_005,BRAND_008,191000.0237,47163.048,16220.6528,4.0498,33.7958,42.3378,189.5656,46.8089,16.0988
MARKET_002,1 w/e 08/10/24,MFR_001,CAT_001,TM_001,BRAND_001,17451.6304,7267.6824,856.109,2.4013,36.3317,41.6917,139.1031,57.9291,6.8239
MARKET_002,1 w/e 08/10/24,MFR_001,CAT_001,TM_002,BRAND_002,13308.5858,5708.0123,574.6578,2.3316,22.9931,23.7581,167.618,71.8909,7.2377
MARKET_002,1 w/e 08/10/24,MFR_001,CAT_001,TM_003,BRAND_004,23463.9373,9446.592,999.6207,2.4839,25.974,28.5802,261.6071,105.3232,11.1451
MARKET_002,1 w/e 08/10/24,MFR_001,CAT_001,TM_003,BRAND_005,53.99,8.0001,6.0,6.7488,0.0969,0.0969,161.3086,23.902,17.9265
MARKET_002,1 w/e 08/10/24,MFR_002,CAT_001,TM_004,BRAND_007,25437.758,11200.307,1252.2386,2.2712,14.5615,14.6204,505.8938,222.7463,24.9039
MARKET_002,1 w/e 08/10/24,MFR_002,CAT_001,TM_005,BRAND_008,52723.5487,21276.5371,2325.5738,2.478,33.9044,34.5426,450.3349,181.7322,19.8637
MARKET_003,1 w/e 08/10/24,MFR_001,CAT_001,TM_001,BRAND_001,19466.0707,3794.6475,1803.1442,5.1299,59.5667,90.8501,24.4534,4.7669,2.2651
MARKET_003,1 w/e 08/10/24,MFR_001,CAT_001,TM_002,BRAND_002,3910.8794,1394.4718,248.1784,2.8046,14.5981,15.6086,20.0467,7.1479,1.2721
MARKET_003,1 w/e 08/10/24,MFR_001,CAT_001,TM_003,BRAND_004,39873.1024,6689.2268,4054.1315,5.9608,49.1857,58.1076,60.6604,10.1766,6.1677
MARKET_003,1 w/e 08/10/24,MFR_001,CAT_001,TM_003,BRAND_005,8417.4728,1297.4094,960.6476,6.4879,15.789,15.789,39.8926,6.1488,4.5528
MARKET_003,1 w/e 08/10/24,MFR_002,CAT_001,TM_004,BRAND_007,56618.333,9044.8234,5669.9697,6.2597,18.208,20.0422,232.6802,37.1708,23.3015
MARKET_003,1 w/e 08/10/24,MFR_002,CAT_001,TM_005,BRAND_008,85621.0251,15297.1788,8830.2672,5.5972,37.6823,47.7574,170.0228,30.3765,17.5348
MARKET_004,1 w/e 08/10/24,MFR_001,CAT_001,TM_001,BRAND_001,1477.5401,242.0001,117.0563,6.1055,65.9923,92.5855,12.891,2.1114,1.0213
MARKET_004,1 w/e 08/10/24,MFR_001,CAT_001,TM_002,BRAND_002,22.8101,10.0,0.9582,2.281,3.8589,3.8589,3.4033,1.492,0.143
MARKET_004,1 w/e 08/10/24,MFR_001,CAT_001,TM_003,BRAND_004,2594.68,503.0001,215.0625,5.1584,39.3079,52.9217,38.0054,7.3677,3.1501
MARKET_004,1 w/e 08/10/24,MFR_001,CAT_001,TM_003,BRAND_005,125.07,16.0,12.0,7.8169,4.0291,4.0291,17.8725,2.2864,1.7148
MARKET_004,1 w/e 08/10/24,MFR_002,CAT_001,TM_004,BRAND_007,1561.98,353.0001,173.0417,4.4249,8.4926,9.0296,105.8948,23.9317,11.7314
MARKET_004,1 w/e 08/10/24,MFR_002,CAT_001,TM_005,BRAND_008,5267.7401,937.6667,598.625,5.6179,22.7486,26.2807,133.3244,23.732,15.151
MARKET_005,1 w/e 08/10/24,MFR_001,CAT_001,TM_001,BRAND_001,7724.9401,1344.0,643.5303,5.7477,76.2482,120.7333,12.2457,2.1305,1.0201
MARKET_005,1 w/e 08/10/24,MFR_001,CAT_001,TM_002,BRAND_002,1173.02,465.0001,62.2708,2.5226,18.6783,19.8109,7.5908,3.0091,0.403
MARKET_005,1 w/e 08/10/24,MFR_001,CAT_001,TM_003,BRAND_004,8061.9801,1528.0,704.3854,5.2762,33.1022,38.9851,29.4377,5.5794,2.572
MARKET_005,1 w/e 08/10/24,MFR_001,CAT_001,TM_003,BRAND_005,1238.7201,162.0,121.5,7.6464,8.2897,8.2897,18.0616,2.3621,1.7716
MARKET_005,1 w/e 08/10/24,MFR_002,CAT_001,TM_004,BRAND_007,16890.34,4026.0,1371.9792,4.1953,32.4009,35.2392,63.0088,15.0188,5.1181
MARKET_005,1 w/e 08/10/24,MFR_002,CAT_001,TM_005,BRAND_008,42586.0001,7516.0001,4114.7708,5.666,42.8264,57.9738,120.1918,21.2126,11.6132
MARKET_001,1 w/e 08/16/25,MFR_001,CAT_001,TM_001,BRAND_011,116271.3515,33922.8317,7325.5589,3.4275,73.9846,122.2131,53.0729,15.4843,3.3438
MARKET_001,1 w/e 08/16/25,MFR_001,CAT_001,TM_001,BRAND_001,1778.2084,601.7961,131.095,2.9548,0.3188,0.382,188.3915,63.757,13.8888
MARKET_001,1 w/e 08/16/25,MFR_001,CAT_001,TM_002,BRAND_012,106273.3063,27027.0847,7772.1262,3.9321,69.1003,98.2853,51.9381,13.2087,3.7984
MARKET_001,1 w/e 08/16/25,MFR_001,CAT_001,TM_002,BRAND_002,703.2802,248.18,36.7271,2.8338,0.2006,0.2121,118.3774,41.7741,6.182
MARKET_001,1 w/e 08/16/25,MFR_001,CAT_001,TM_002,BRAND_003,627.0288,231.153,28.3886,2.7126,0.1881,0.293,112.5907,41.5063,5.0975
MARKET_001,1 w/e 08/16/25,MFR_001,CAT_001,TM_003,BRAND_015,203304.196,68433.4228,10667.0367,2.9708,68.9926,98.9301,99.5143,33.4971,5.2213
MARKET_001,1 w/e 08/16/25,MFR_001,CAT_001,TM_003,BRAND_004,140034.0622,37686.1703,9311.982,3.7158,61.7832,76.5229,76.5429,20.5993,5.0899
MARKET_001,1 w/e 08/16/25,MFR_001,CAT_001,TM_003,BRAND_013,247.38,31.0001,23.2501,7.98,0.551,0.551,15.161,1.8999,1.4249
MARKET_001,1 w/e 08/16/25,MFR_001,CAT_001,TM_003,BRAND_005,66254.1075,8935.1359,6701.3518,7.415,51.5847,51.5847,43.3744,5.8495,4.3872
MARKET_001,1 w/e 08/16/25,MFR_001,CAT_001,TM_003,BRAND_014,31734.6809,4131.4712,3098.6034,7.6812,37.8822,37.8822,28.2905,3.6831,2.7623
MARKET_001,1 w/e 08/16/25,MFR_002,CAT_001,TM_004,BRAND_007,104600.8586,26099.6301,7601.3148,4.0078,15.9431,18.8723,221.5665,55.2845,16.1012
MARKET_001,1 w/e 08/16/25,MFR_002,CAT_001,TM_004,BRAND_009,119937.0392,15016.8753,11138.8966,7.9868,65.794,66.1867,61.5614,7.7079,5.7174
MARKET_001,1 w/e 08/16/25,MFR_002,CAT_001,TM_005,BRAND_010,211563.1005,60419.3653,13777.8501,3.5016,80.8795,125.9473,88.3371,25.2278,5.7529
MARKET_001,1 w/e 08/16/25,MFR_002,CAT_001,TM_005,BRAND_008,119622.3512,29379.4464,8453.3252,4.0716,26.894,34.0749,150.2097,36.8918,10.6148
MARKET_002,1 w/e 08/16/25,MFR_001,CAT_001,TM_001,BRAND_011,36562.9276,13961.765,1475.0172,2.6188,51.5812,51.9561,204.0333,77.9113,8.2311
MARKET_002,1 w/e 08/16/25,MFR_001,CAT_001,TM_001,BRAND_001,1566.5038,566.453,104.5876,2.7655,1.8471,2.3859,244.1102,88.2711,16.298
MARKET_002,1 w/e 08/16/25,MFR_001,CAT_001,TM_002,BRAND_012,26900.295,10330.555,1096.6829,2.604,32.1802,32.3381,240.6132,92.403,9.8094
MARKET_002,1 w/e 08/16/25,MFR_001,CAT_001,TM_002,BRAND_002,703.2802,248.18,36.7271,2.8338,1.7101,1.8075,118.3774,41.7741,6.182
MARKET_002,1 w/e 08/16/25,MFR_001,CAT_001,TM_002,BRAND_003,192.3101,78.0001,7.8333,2.4655,0.7332,0.7579,75.4956,30.6207,3.0751
MARKET_002,1 w/e 08/16/25,MFR_001,CAT_001,TM_003,BRAND_015,93554.8423,35083.275,3692.612,2.6667,63.7946,64.2816,422.1177,158.2951,16.661
MARKET_002,1 w/e 08/16/25,MFR_001,CAT_001,TM_003,BRAND_004,54885.7126,20344.6231,2188.4986,2.6978,43.3285,43.8474,364.6172,135.1535,14.5386
MARKET_002,1 w/e 08/16/25,MFR_001,CAT_001,TM_003,BRAND_014,40.96,4.0,3.0,10.24,0.0474,0.0474,248.8457,24.3013,18.226
MARKET_002,1 w/e 08/16/25,MFR_002,CAT_001,TM_004,BRAND_007,29799.048,11810.157,1230.8707,2.5232,11.0446,11.0445,776.6135,307.7926,32.0786
MARKET_002,1 w/e 08/16/25,MFR_002,CAT_001,TM_004,BRAND_009,392.84,72.0001,24.2916,5.4561,0.4838,0.4838,233.7359,42.8393,14.4533
MARKET_002,1 w/e 08/16/25,MFR_002,CAT_001,TM_005,BRAND_010,64786.8414,24247.6591,2656.6619,2.6719,61.0302,63.1872,305.558,114.3606,12.5298
MARKET_002,1 w/e 08/16/25,MFR_002,CAT_001,TM_005,BRAND_008,30057.2534,11598.889,1246.3219,2.5914,20.9271,21.2282,413.419,159.5356,17.1424
MARKET_003,1 w/e 08/16/25,MFR_001,CAT_001,TM_001,BRAND_011,41710.4838,9502.0667,3415.7969,4.3896,76.7555,111.2614,40.3538,9.193,3.3047
MARKET_003,1 w/e 08/16/25,MFR_001,CAT_001,TM_001,BRAND_001,211.7047,35.343,26.5073,5.99,0.2244,0.2244,70.0591,11.696,8.772
MARKET_003,1 w/e 08/16/25,MFR_001,CAT_001,TM_002,BRAND_012,46435.6011,9124.5296,4202.3601,5.0891,73.5364,98.9627,46.8918,9.2142,4.2436
MARKET_003,1 w/e 08/16/25,MFR_001,CAT_001,TM_002,BRAND_003,434.7188,153.153,20.5554,2.8385,0.2244,0.4488,143.8609,50.6827,6.8024
MARKET_003,1 w/e 08/16/25,MFR_001,CAT_001,TM_003,BRAND_015,47604.6437,12961.1478,3421.987,3.6729,66.7703,95.1911,52.9437,14.4148,3.8058
MARKET_003,1 w/e 08/16/25,MFR_001,CAT_001,TM_003,BRAND_004,43048.6396,6986.5473,4097.0043,6.1616,66.2067,73.5637,48.2843,7.8363,4.5953
MARKET_003,1 w/e 08/16/25,MFR_001,CAT_001,TM_003,BRAND_005,42903.0675,5928.1358,4446.1018,7.2372,64.2299,64.23,49.602,6.8538,5.1403
MARKET_003,1 w/e 08/16/25,MFR_001,CAT_001,TM_003,BRAND_014,18920.6908,2520.4712,1890.3534,7.5068,40.506,40.5061,34.6869,4.6207,3.4655
MARKET_003,1 w/e 08/16/25,MFR_002,CAT_001,TM_004,BRAND_007,52946.8206,9149.473,4616.9859,5.7869,20.2946,23.955,193.7345,33.4783,16.8937
MARKET_003,1 w/e 08/16/25,MFR_002,CAT_001,TM_004,BRAND_009,74380.6293,9077.8886,6727.2817,8.1936,78.6667,79.2052,70.2129,8.5692,6.3503
MARKET_003,1 w/e 08/16/25,MFR_002,CAT_001,TM_005,BRAND_010,86400.399,21338.7063,6502.5633,4.049,85.2948,142.6031,75.2214,18.5778,5.6612
MARKET_003,1 w/e 08/16/25,MFR_002,CAT_001,TM_005,BRAND_008,63856.2778,11328.8908,5279.0245,5.6366,33.3824,44.4824,142.0478,25.201,11.7432
MARKET_004,1 w/e 08/16/25,MFR_001,CAT_001,TM_001,BRAND_011,2464.17,539.0001,168.1875,4.5717,68.8004,93.2178,20.4724,4.478,1.3973
MARKET_004,1 w/e 08/16/25,MFR_001,CAT_001,TM_002,BRAND_012,2812.5,472.0,231.9375,5.9587,75.7229,85.8309,21.2302,3.5629,1.7508
MARKET_004,1 w/e 08/16/25,MFR_001,CAT_001,TM_003,BRAND_015,4033.4301,1153.0,243.4583,3.4982,62.7749,85.2274,36.7263,10.4986,2.2168
MARKET_004,1 w/e 08/16/25,MFR_001,CAT_001,TM_003,BRAND_004,668.01,107.0,56.3542,6.2431,15.8049,17.2833,24.159,3.8697,2.0381
MARKET_004,1 w/e 08/16/25,MFR_001,CAT_001,TM_003,BRAND_005,505.6501,62.0001,46.5,8.1556,14.758,14.758,19.5845,2.4013,1.801
MARKET_004,1 w/e 08/16/25,MFR_001,CAT_001,TM_003,BRAND_014,1300.8301,158.0,118.5,8.2331,33.9827,33.9827,21.8802,2.6576,1.9932
MARKET_004,1 w/e 08/16/25,MFR_002,CAT_001,TM_004,BRAND_007,2723.2101,538.0,283.3751,5.0617,4.0536,5.4009,383.9996,75.8633,39.9587
MARKET_004,1 w/e 08/16/25,MFR_002,CAT_001,TM_004,BRAND_009,6003.8,716.3214,536.5953,8.3814,96.844,97.8003,35.4358,4.2279,3.1671
MARKET_004,1 w/e 08/16/25,MFR_002,CAT_001,TM_005,BRAND_010,3957.31,748.0001,404.0625,5.2905,91.7669,107.19,24.6492,4.6591,2.5168
MARKET_004,1 w/e 08/16/25,MFR_002,CAT_001,TM_005,BRAND_008,1589.68,339.0001,149.625,4.6893,6.697,8.8666,135.6799,28.9338,12.7706
MARKET_005,1 w/e 08/16/25,MFR_001,CAT_001,TM_001,BRAND_011,30359.22,7932.0001,2049.7396,3.8274,98.909,219.9277,37.1,9.6932,2.5049
MARKET_005,1 w/e 08/16/25,MFR_001,CAT_001,TM_002,BRAND_012,26749.45,5834.0001,2102.1666,4.5851,95.6332,158.2321,33.8085,7.3736,2.6569
MARKET_005,1 w/e 08/16/25,MFR_001,CAT_001,TM_003,BRAND_015,45548.0401,14246.3329,2828.1873,3.1972,88.5993,146.5861,62.1382,19.4353,3.8583
MARKET_005,1 w/e 08/16/25,MFR_001,CAT_001,TM_003,BRAND_004,35128.6501,7550.0,2768.5208,4.6528,91.9684,136.9362,46.1681,9.9226,3.6386
MARKET_005,1 w/e 08/16/25,MFR_001,CAT_001,TM_003,BRAND_013,625.34,80.0,60.0,7.8168,2.7591,2.7591,27.3945,3.5046,2.6284
MARKET_005,1 w/e 08/16/25,MFR_001,CAT_001,TM_003,BRAND_005,24097.48,3022.0001,2266.5001,7.974,86.1942,86.1942,33.7919,4.2378,3.1783
MARKET_005,1 w/e 08/16/25,MFR_001,CAT_001,TM_003,BRAND_014,11789.08,1478.0,1108.5001,7.9764,65.6516,65.6516,21.7047,2.7211,2.0408
MARKET_005,1 w/e 08/16/25,MFR_002,CAT_001,TM_004,BRAND_007,18872.14,4363.0,1488.4583,4.3255,18.7031,23.4136,121.9624,28.1962,9.6193
MARKET_005,1 w/e 08/16/25,MFR_002,CAT_001,TM_004,BRAND_009,43347.2,5667.6635,4248.8101,7.6482,97.0878,97.4147,53.9654,7.056,5.2896
MARKET_005,1 w/e 08/16/25,MFR_002,CAT_001,TM_005,BRAND_010,49279.1,11404.0,3957.2501,4.3212,99.3082,168.9818,59.9787,13.8801,4.8165
MARKET_005,1 w/e 08/16/25,MFR_002,CAT_001,TM_005,BRAND_008,21941.53,5350.0,1674.5832,4.1012,30.4185,38.104,87.1863,21.2586,6.6541
MARKET_001,1 w/e 08/17/24,MFR_001,CAT_001,TM_001,BRAND_001,45397.6734,11672.4742,3206.7782,3.8893,51.0904,74.8492,29.8047,7.6633,2.1053
MARKET_001,1 w/e 08/17/24,MFR_001,CAT_001,TM_002,BRAND_002,12437.5271,5084.9998,621.668,2.4459,12.3919,12.8704,33.6655,13.7639,1.6827
MARKET_001,1 w/e 08/17/24,MFR_001,CAT_001,TM_003,BRAND_004,66079.0126,14658.6769,5260.7725,4.5078,32.6593,37.494,67.8652,15.0549,5.403
MARKET_001,1 w/e 08/17/24,MFR_001,CAT_001,TM_003,BRAND_005,5394.5451,711.4911,533.6183,7.582,5.3805,5.3805,33.6298,4.4355,3.3266
MARKET_001,1 w/e 08/17/24,MFR_002,CAT_001,TM_004,BRAND_007,98027.2681,19823.9494,8878.5043,4.9449,15.2754,16.0824,215.2511,43.53,19.4957
MARKET_001,1 w/e 08/17/24,MFR_002,CAT_001,TM_005,BRAND_008,154934.998,35702.2478,12668.3189,4.3396,28.9789,33.9714,179.332,41.3241,14.6631
MARKET_002,1 w/e 08/17/24,MFR_001,CAT_001,TM_001,BRAND_001,17694.5768,6668.7246,879.594,2.6534,31.1439,36.2271,164.5407,62.012,8.1793
MARKET_002,1 w/e 08/17/24,MFR_001,CAT_001,TM_002,BRAND_002,7615.069,3302.734,329.7263,2.3057,15.0856,15.756,146.1895,63.4039,6.3299
MARKET_002,1 w/e 08/17/24,MFR_001,CAT_001,TM_003,BRAND_004,18422.7284,6955.9731,833.0121,2.6485,24.6214,27.3291,216.6941,81.8184,9.7982
MARKET_002,1 w/e 08/17/24,MFR_001,CAT_001,TM_003,BRAND_005,28.98,4.0,3.0,7.245,0.0749,0.0749,112.065,15.4679,11.6009
MARKET_002,1 w/e 08/17/24,MFR_002,CAT_001,TM_004,BRAND_007,14550.2995,6222.6812,699.3389,2.3383,9.7746,9.7746,431.1021,184.3681,20.7203
MARKET_002,1 w/e 08/17/24,MFR_002,CAT_001,TM_005,BRAND_008,41784.8561,16189.3586,1900.143,2.581,29.7226,30.7387,407.1352,157.7427,18.5142
MARKET_003,1 w/e 08/17/24,MFR_001,CAT_001,TM_001,BRAND_001,17703.7666,3136.7496,1491.9727,5.644,58.041,84.7193,22.8241,4.044,1.9235
MARKET_003,1 w/e 08/17/24,MFR_001,CAT_001,TM_002,BRAND_002,3307.7681,1161.2659,220.1292,2.8484,12.0853,12.831,20.4805,7.1901,1.363
MARKET_003,1 w/e 08/17/24,MFR_001,CAT_001,TM_003,BRAND_004,37700.3042,5916.7038,3562.7448,6.3718,46.8415,53.757,60.2252,9.4518,5.6914
MARKET_003,1 w/e 08/17/24,MFR_001,CAT_001,TM_003,BRAND_005,4615.895,610.4911,457.8682,7.561,9.8042,9.8043,35.2295,4.6594,3.4945
MARKET_003,1 w/e 08/17/24,MFR_002,CAT_001,TM_004,BRAND_007,57097.0985,8649.2683,5782.6654,6.6014,14.3638,15.3766,297.4459,45.0582,30.1247
MARKET_003,1 w/e 08/17/24,MFR_002,CAT_001,TM_005,BRAND_008,71726.5921,11940.556,6831.3842,6.007,32.0286,38.5923,167.5741,27.8966,15.9601
MARKET_004,1 w/e 08/17/24,MFR_001,CAT_001,TM_001,BRAND_001,1415.94,221.0001,113.703,6.407,60.747,76.9542,13.4203,2.0946,1.0777
MARKET_004,1 w/e 08/17/24,MFR_001,CAT_001,TM_002,BRAND_002,11.95,5.0,0.5209,2.39,2.0569,2.0569,3.3451,1.3996,0.1458
MARKET_004,1 w/e 08/17/24,MFR_001,CAT_001,TM_003,BRAND_004,2598.69,399.0,236.4115,6.513,36.5544,43.5576,40.9313,6.2846,3.7237
MARKET_004,1 w/e 08/17/24,MFR_001,CAT_001,TM_003,BRAND_005,155.3301,20.0,15.0,7.7665,3.4924,3.4924,25.6075,3.2972,2.4729
MARKET_004,1 w/e 08/17/24,MFR_002,CAT_001,TM_004,BRAND_007,1658.35,319.0,201.1458,5.1986,8.064,8.601,118.4045,22.7763,14.3616
MARKET_004,1 w/e 08/17/24,MFR_002,CAT_001,TM_005,BRAND_008,3990.42,682.0,469.5208,5.8511,19.9866,20.6076,114.9533,19.6466,13.5256
MARKET_005,1 w/e 08/17/24,MFR_001,CAT_001,TM_001,BRAND_001,7108.08,1247.0001,597.6052,5.7001,70.7765,112.9424,12.139,2.1296,1.0206
MARKET_005,1 w/e 08/17/24,MFR_001,CAT_001,TM_002,BRAND_002,873.26,360.0001,44.0625,2.4257,15.8092,16.3345,6.6766,2.7524,0.3369
MARKET_005,1 w/e 08/17/24,MFR_001,CAT_001,TM_003,BRAND_004,6654.46,1283.0,577.927,5.1866,28.802,33.6372,27.926,5.3842,2.4253
MARKET_005,1 w/e 08/17/24,MFR_001,CAT_001,TM_003,BRAND_005,682.39,89.0001,66.75,7.6673,5.1085,5.1085,16.1458,2.1058,1.5794
MARKET_005,1 w/e 08/17/24,MFR_002,CAT_001,TM_004,BRAND_007,21671.3001,3511.0001,1999.0417,6.1724,25.561,26.158,102.4772,16.6025,9.4529
MARKET_005,1 w/e 08/17/24,MFR_002,CAT_001,TM_005,BRAND_008,33497.81,5347.0,3239.7708,6.2648,36.5963,43.3248,110.6365,17.6601,10.7003
MARKET_001,1 w/e 08/23/25,MFR_001,CAT_001,TM_001,BRAND_011,98294.5515,27985.9827,6558.7854,3.5123,72.9946,118.2494,45.4475,12.9396,3.0325
MARKET_001,1 w/e 08/23/25,MFR_001,CAT_001,TM_001,BRAND_001,1820.0885,657.126,133.626,2.7698,0.3562,0.4194,172.4581,62.2644,12.6614
MARKET_001,1 w/e 08/23/25,MFR_001,CAT_001,TM_002,BRAND_012,80070.467,18995.2838,6271.3112,4.2153,64.546,84.8751,41.8672,9.9323,3.2791
MARKET_001,1 w/e 08/23/25,MFR_001,CAT_001,TM_002,BRAND_002,675.8302,246.18,35.227,2.7453,0.1921,0.2036,118.7187,43.2449,6.1881
MARKET_001,1 w/e 08/23/25,MFR_001,CAT_001,TM_002,BRAND_003,647.0389,241.153,29.472,2.6831,0.1859,0.2894,117.4683,43.7807,5.3506
MARKET_001,1 w/e 08/23/25,MFR_001,CAT_001,TM_003,BRAND_015,164267.8126,54351.0546,8748.1025,3.0223,65.4749,93.8583,84.6738,28.0159,4.5093
MARKET_001,1 w/e 08/23/25,MFR_001,CAT_001,TM_003,BRAND_004,185201.5295,55313.3556,11766.0455,3.3482,66.5473,85.3269,93.9259,28.0525,5.9672
MARKET_001,1 w/e 08/23/25,MFR_001,CAT_001,TM_003,BRAND_013,111.72,14.0,10.5,7.98,0.2742,0.2742,13.7498,1.723,1.2923
MARKET_001,1 w/e 08/23/25,MFR_001,CAT_001,TM_003,BRAND_005,68631.9064,9576.489,7182.3668,7.1667,53.0652,53.0652,43.6503,6.0907,4.568
MARKET_001,1 w/e 08/23/25,MFR_001,CAT_001,TM_003,BRAND_014,29608.6916,3967.0114,2975.2587,7.4637,35.6961,35.6961,27.9943,3.7507,2.813
MARKET_001,1 w/e 08/23/25,MFR_002,CAT_001,TM_004,BRAND_007,133431.4881,28788.116,12130.5845,4.635,17.4012,20.6883,258.7923,55.835,23.5274
MARKET_001,1 w/e 08/23/25,MFR_002,CAT_001,TM_004,BRAND_009,137042.6304,16624.3412,12368.0973,8.2435,66.0919,66.5343,69.9808,8.4892,6.3158
MARKET_001,1 w/e 08/23/25,MFR_002,CAT_001,TM_005,BRAND_010,217304.9965,62158.7496,14859.067,3.496,79.7215,125.5335,91.9953,26.3147,6.2905
MARKET_001,1 w/e 08/23/25,MFR_002,CAT_001,TM_005,BRAND_008,123408.7035,29327.6468,9612.6974,4.2079,26.4904,33.574,157.2275,37.3646,12.2469
MARKET_002,1 w/e 08/23/25,MFR_001,CAT_001,TM_001,BRAND_011,30269.0988,11880.0691,1253.0072,2.5479,42.3601,42.7326,205.7229,80.7425,8.516
MARKET_002,1 w/e 08/23/25,MFR_001,CAT_001,TM_001,BRAND_001,1608.384,621.7831,107.1186,2.5867,2.1685,2.7074,213.5401,82.5522,14.2218
MARKET_002,1 w/e 08/23/25,MFR_001,CAT_001,TM_002,BRAND_012,18931.212,7146.6521,760.5888,2.649,25.8162,25.9569,211.1188,79.6987,8.482
MARKET_002,1 w/e 08/23/25,MFR_001,CAT_001,TM_002,BRAND_002,675.8302,246.18,35.227,2.7453,1.6389,1.7364,118.7187,43.2449,6.1881
MARKET_002,1 w/e 08/23/25,MFR_001,CAT_001,TM_002,BRAND_003,212.32,88.0001,8.9166,2.4127,0.7158,0.7286,85.3891,35.3911,3.586
MARKET_002,1 w/e 08/23/25,MFR_001,CAT_001,TM_003,BRAND_015,73673.2645,27339.377,2878.206,2.6948,59.8026,60.2471,354.6743,131.6159,13.8561
MARKET_002,1 w/e 08/23/25,MFR_001,CAT_001,TM_003,BRAND_004,74314.092,28249.438,2992.002,2.6306,52.5797,53.437,406.9051,154.6791,16.3826
MARKET_002,1 w/e 08/23/25,MFR_001,CAT_001,TM_003,BRAND_014,75.9401,8.0001,6.0,9.4925,0.1034,0.1034,211.532,22.2841,16.7131
MARKET_002,1 w/e 08/23/25,MFR_002,CAT_001,TM_004,BRAND_007,22763.701,9157.54,953.9104,2.4858,10.6989,10.6989,612.5515,246.4215,25.6689
MARKET_002,1 w/e 08/23/25,MFR_002,CAT_001,TM_004,BRAND_009,338.98,59.0,21.0,5.7454,0.373,0.373,261.6596,45.5423,16.21
MARKET_002,1 w/e 08/23/25,MFR_002,CAT_001,TM_005,BRAND_010,65435.8098,24925.693,2666.7138,2.6252,60.5058,61.4614,311.3567,118.6014,12.6888
MARKET_002,1 w/e 08/23/25,MFR_002,CAT_001,TM_005,BRAND_008,30610.607,11952.2101,1274.0844,2.5611,16.3555,16.609,538.8243,210.3892,22.4271
MARKET_003,1 w/e 08/23/25,MFR_001,CAT_001,TM_001,BRAND_011,35551.5026,7648.9136,3058.7627,4.6479,76.189,107.8959,34.6508,7.4551,2.9813
MARKET_003,1 w/e 08/23/25,MFR_001,CAT_001,TM_001,BRAND_001,211.7047,35.343,26.5073,5.99,0.2244,0.2244,70.0591,11.696,8.772
MARKET_003,1 w/e 08/23/25,MFR_001,CAT_001,TM_002,BRAND_012,37121.1848,6816.6318,3574.1182,5.4457,68.1925,85.6814,40.4234,7.423,3.8921
MARKET_003,1 w/e 08/23/25,MFR_001,CAT_001,TM_002,BRAND_003,434.7188,153.153,20.5554,2.8385,0.2244,0.4488,143.8609,50.6827,6.8024
MARKET_003,1 w/e 08/23/25,MFR_001,CAT_001,TM_003,BRAND_015,39958.8083,10430.6776,2932.4173,3.8309,62.2511,88.4478,47.6665,12.4427,3.4981
MARKET_003,1 w/e 08/23/25,MFR_001,CAT_001,TM_003,BRAND_004,50350.2375,9284.9177,4807.6058,5.4228,70.0902,78.9025,53.3448,9.8371,5.0935
MARKET_003,1 w/e 08/23/25,MFR_001,CAT_001,TM_003,BRAND_005,47452.5064,6798.489,5098.8669,6.9799,66.8775,66.8776,52.6899,7.5488,5.6616
MARKET_003,1 w/e 08/23/25,MFR_001,CAT_001,TM_003,BRAND_014,17320.8117,2389.0114,1791.7586,7.2502,36.478,36.478,35.2603,4.8634,3.6475
MARKET_003,1 w/e 08/23/25,MFR_002,CAT_001,TM_004,BRAND_007,88195.0571,15259.5761,9297.9448,5.7797,22.2121,26.4079,294.8508,51.0153,31.0846
MARKET_003,1 w/e 08/23/25,MFR_002,CAT_001,TM_004,BRAND_009,93187.1304,10902.901,8124.1628,8.547,79.6429,80.2085,86.8874,10.1658,7.5749
MARKET_003,1 w/e 08/23/25,MFR_002,CAT_001,TM_005,BRAND_010,95584.7966,23379.9733,7879.1866,4.0883,84.1515,144.276,84.3481,20.6315,6.9529
MARKET_003,1 w/e 08/23/25,MFR_002,CAT_001,TM_005,BRAND_008,69995.8664,12356.4369,6524.7796,5.6647,33.6069,43.4574,154.6648,27.3031,14.4173
MARKET_004,1 w/e 08/23/25,MFR_001,CAT_001,TM_001,BRAND_011,2914.0701,573.0001,254.052,5.0856,82.2979,110.1137,20.2395,3.9797,1.7645
MARKET_004,1 w/e 08/23/25,MFR_001,CAT_001,TM_002,BRAND_012,3249.54,544.0,325.9792,5.9734,78.1074,85.5839,23.7804,3.981,2.3855
MARKET_004,1 w/e 08/23/25,MFR_001,CAT_001,TM_003,BRAND_015,3864.4701,1059.0,275.0,3.6492,62.2637,87.6555,35.4768,9.7219,2.5246
MARKET_004,1 w/e 08/23/25,MFR_001,CAT_001,TM_003,BRAND_004,876.71,152.0,83.6458,5.7678,17.897,19.3379,28.0003,4.8546,2.6715
MARKET_004,1 w/e 08/23/25,MFR_001,CAT_001,TM_003,BRAND_005,748.2901,110.0001,82.5,6.8026,15.8324,15.8324,27.0153,3.9713,2.9785
MARKET_004,1 w/e 08/23/25,MFR_001,CAT_001,TM_003,BRAND_014,1588.8801,225.0001,168.7501,7.0617,37.8713,37.8713,23.9811,3.3959,2.547
MARKET_004,1 w/e 08/23/25,MFR_002,CAT_001,TM_004,BRAND_007,3214.5101,442.0001,286.2916,7.2726,8.4306,10.5111,217.9447,29.9677,19.4107
MARKET_004,1 w/e 08/23/25,MFR_002,CAT_001,TM_004,BRAND_009,4848.27,601.7776,451.3333,8.0566,93.988,93.988,29.4851,3.6598,2.7448
MARKET_004,1 w/e 08/23/25,MFR_002,CAT_001,TM_005,BRAND_010,3501.34,606.0001,296.2709,5.7778,84.192,97.9283,23.7712,4.1142,2.0114
MARKET_004,1 w/e 08/23/25,MFR_002,CAT_001,TM_005,BRAND_008,1642.72,291.0,134.9375,5.6451,9.2105,11.7597,101.9455,18.0592,8.3741
MARKET_005,1 w/e 08/23/25,MFR_001,CAT_001,TM_001,BRAND_011,24649.84,6175.0,1725.5573,3.9919,99.3671,214.0352,29.9841,7.5113,2.099
MARKET_005,1 w/e 08/23/25,MFR_001,CAT_001,TM_002,BRAND_012,18997.9301,3694.0,1567.9582,5.1429,91.8397,137.1562,25.0032,4.8617,2.0636
MARKET_005,1 w/e 08/23/25,MFR_001,CAT_001,TM_003,BRAND_015,36437.3501,11419.0001,2258.9793,3.1909,86.7717,143.1642,50.7561,15.9063,3.1467
MARKET_005,1 w/e 08/23/25,MFR_001,CAT_001,TM_003,BRAND_004,47577.89,12821.0,3311.7709,3.7109,95.7192,152.7538,60.0794,16.1898,4.182
MARKET_005,1 w/e 08/23/25,MFR_001,CAT_001,TM_003,BRAND_013,486.26,64.0,48.0001,7.5978,1.6177,1.6177,36.332,4.7819,3.5864
MARKET_005,1 w/e 08/23/25,MFR_001,CAT_001,TM_003,BRAND_005,21954.04,2754.0,2065.5001,7.9717,87.2192,87.2192,30.4244,3.8166,2.8624
MARKET_005,1 w/e 08/23/25,MFR_001,CAT_001,TM_003,BRAND_014,10600.2401,1329.0,996.75,7.9761,63.245,63.245,20.2586,2.5399,1.9049
MARKET_005,1 w/e 08/23/25,MFR_002,CAT_001,TM_004,BRAND_007,19415.04,3827.0,1654.7917,5.0732,19.9195,25.041,117.8093,23.222,10.0412
MARKET_005,1 w/e 08/23/25,MFR_002,CAT_001,TM_004,BRAND_009,41951.23,5476.995,4092.892,7.6595,96.1747,96.8385,52.7234,6.8834,5.1439
MARKET_005,1 w/e 08/23/25,MFR_002,CAT_001,TM_005,BRAND_010,46040.9,10734.0,3682.7293,4.2893,99.4873,168.4442,55.9365,13.0411,4.4743
MARKET_005,1 w/e 08/23/25,MFR_002,CAT_001,TM_005,BRAND_008,19636.6401,4102.0,1629.1875,4.7871,30.9658,40.7262,76.6486,16.0115,6.3593
MARKET_001,1 w/e 08/24/24,MFR_001,CAT_001,TM_001,BRAND_001,37767.8292,10543.5038,2715.1752,3.5821,45.2145,66.085,28.0167,7.8213,2.0142
MARKET_001,1 w/e 08/24/24,MFR_001,CAT_001,TM_002,BRAND_002,11613.105,4819.8269,566.4085,2.4094,10.4651,10.8481,37.2201,15.4476,1.8153
MARKET_001,1 w/e 08/24/24,MFR_001,CAT_001,TM_003,BRAND_004,60040.0217,14440.4706,4652.5076,4.1578,30.1976,34.0191,66.6867,16.0391,5.1676
MARKET_001,1 w/e 08/24/24,MFR_001,CAT_001,TM_003,BRAND_005,3420.0577,489.4857,360.9096,6.987,3.6288,3.6288,31.6111,4.5242,3.3358
MARKET_001,1 w/e 08/24/24,MFR_002,CAT_001,TM_004,BRAND_007,87781.9279,14816.8162,8457.1018,5.9245,10.9872,11.4226,267.9714,45.2312,25.8169
MARKET_001,1 w/e 08/24/24,MFR_002,CAT_001,TM_005,BRAND_008,134632.8539,28737.7482,11259.6769,4.6849,23.1827,26.3478,194.7865,41.5777,16.2905
MARKET_002,1 w/e 08/24/24,MFR_001,CAT_001,TM_001,BRAND_001,15314.9654,6476.9181,778.8911,2.3645,27.6329,34.2483,160.5033,67.8791,8.1629
MARKET_002,1 w/e 08/24/24,MFR_001,CAT_001,TM_002,BRAND_002,7830.2117,3464.4011,330.7765,2.2602,16.4794,17.5859,137.6022,60.8808,5.8128
MARKET_002,1 w/e 08/24/24,MFR_001,CAT_001,TM_003,BRAND_004,19490.1559,7865.238,845.1381,2.478,18.2573,20.2686,309.1521,124.7581,13.4055
MARKET_002,1 w/e 08/24/24,MFR_001,CAT_001,TM_003,BRAND_005,38.9901,6.0,4.5,6.4983,0.0853,0.0853,132.4389,20.3804,15.2853
MARKET_002,1 w/e 08/24/24,MFR_002,CAT_001,TM_004,BRAND_007,8228.9706,2739.8991,413.6932,3.0034,8.1841,8.8944,291.1848,96.9522,14.6387
MARKET_002,1 w/e 08/24/24,MFR_002,CAT_001,TM_005,BRAND_008,33761.9775,12308.775,1575.1318,2.7429,24.357,25.7678,401.4184,146.3471,18.7278
MARKET_003,1 w/e 08/24/24,MFR_001,CAT_001,TM_001,BRAND_001,14053.6439,2526.5858,1245.9103,5.5623,49.8584,72.2218,21.0919,3.7919,1.8699
MARKET_003,1 w/e 08/24/24,MFR_001,CAT_001,TM_002,BRAND_002,2740.5434,931.4259,186.6736,2.9423,10.065,10.6146,20.3744,6.9246,1.3878
MARKET_003,1 w/e 08/24/24,MFR_001,CAT_001,TM_003,BRAND_004,32282.2958,5050.2326,3103.6506,6.3922,43.4799,49.1638,55.5572,8.6913,5.3413
MARKET_003,1 w/e 08/24/24,MFR_001,CAT_001,TM_003,BRAND_005,2972.3876,428.4857,315.1596,6.937,6.4473,6.4473,34.4979,4.9731,3.6578
MARKET_003,1 w/e 08/24/24,MFR_002,CAT_001,TM_004,BRAND_007,57894.5073,8503.9173,5996.5753,6.808,10.3476,10.7208,418.6605,61.4955,43.3639
MARKET_003,1 w/e 08/24/24,MFR_002,CAT_001,TM_005,BRAND_008,70416.6963,11115.9733,6821.6077,6.3347,26.6686,31.1722,197.5785,31.1897,19.1404
MARKET_004,1 w/e 08/24/24,MFR_001,CAT_001,TM_001,BRAND_001,1325.2401,202.0,105.4844,6.5606,53.6175,66.6896,14.2308,2.1691,1.1327
MARKET_004,1 w/e 08/24/24,MFR_001,CAT_001,TM_002,BRAND_002,17.43,5.0,1.1666,3.486,2.3462,2.3462,4.2773,1.227,0.2863
MARKET_004,1 w/e 08/24/24,MFR_001,CAT_001,TM_003,BRAND_004,2174.47,350.0001,194.1667,6.2128,34.7786,40.318,35.9983,5.7942,3.2144
MARKET_004,1 w/e 08/24/24,MFR_001,CAT_001,TM_003,BRAND_005,30.9701,4.0,3.0,7.7425,1.6384,1.6384,10.8831,1.4056,1.0542
MARKET_004,1 w/e 08/24/24,MFR_002,CAT_001,TM_004,BRAND_007,1858.12,311.0,232.6043,5.9747,4.5413,4.5413,235.5808,39.43,29.4906
MARKET_004,1 w/e 08/24/24,MFR_002,CAT_001,TM_005,BRAND_008,2867.9801,490.0001,341.6666,5.853,15.1125,15.4029,109.2651,18.6682,13.0169
MARKET_005,1 w/e 08/24/24,MFR_001,CAT_001,TM_001,BRAND_001,6231.46,1055.0,521.7458,5.9066,66.4452,102.277,11.3356,1.9191,0.9491
MARKET_005,1 w/e 08/24/24,MFR_001,CAT_001,TM_002,BRAND_002,545.0401,224.0,27.5625,2.4332,12.1945,12.5293,5.4024,2.2203,0.2732
MARKET_005,1 w/e 08/24/24,MFR_001,CAT_001,TM_003,BRAND_004,5162.0801,941.0001,456.2761,5.4857,25.6338,29.189,24.3406,4.4371,2.1515
MARKET_005,1 w/e 08/24/24,MFR_001,CAT_001,TM_003,BRAND_005,589.6801,77.0001,57.7501,7.6582,3.9159,3.9159,18.2013,2.3767,1.7825
MARKET_005,1 w/e 08/24/24,MFR_002,CAT_001,TM_004,BRAND_007,17636.3901,2559.0,1671.8958,6.8919,16.9368,17.2344,125.8626,18.2624,11.9315
MARKET_005,1 w/e 08/24/24,MFR_002,CAT_001,TM_005,BRAND_008,24327.34,3714.0001,2302.4167,6.5502,27.6672,31.1213,106.2793,16.2254,10.0586
MARKET_001,1 w/e 08/30/25,MFR_001,CAT_001,TM_001,BRAND_011,90027.2248,24640.7367,6378.3903,3.6536,71.3499,109.852,42.5845,11.6555,3.0171
MARKET_001,1 w/e 08/30/25,MFR_001,CAT_001,TM_001,BRAND_001,1788.6184,598.796,131.9762,2.987,0.3381,0.4013,178.5316,59.769,13.1732
MARKET_001,1 w/e 08/30/25,MFR_001,CAT_001,TM_002,BRAND_012,70619.3072,15928.4603,6188.9418,4.4335,59.5003,73.644,40.0568,9.035,3.5105
MARKET_001,1 w/e 08/30/25,MFR_001,CAT_001,TM_002,BRAND_002,708.1503,250.1801,36.9354,2.8306,0.2091,0.2206,114.2804,40.3738,5.9606
MARKET_001,1 w/e 08/30/25,MFR_001,CAT_001,TM_002,BRAND_003,554.3389,200.153,25.1596,2.7696,0.1607,0.2643,116.4308,42.0392,5.2844
MARKET_001,1 w/e 08/30/25,MFR_001,CAT_001,TM_003,BRAND_015,121936.2215,39435.549,6999.0582,3.092,61.3095,85.2763,67.1238,21.7086,3.8529
MARKET_001,1 w/e 08/30/25,MFR_001,CAT_001,TM_003,BRAND_004,207179.8156,62171.11,13337.7092,3.3324,68.3003,90.295,102.3756,30.7212,6.5907
MARKET_001,1 w/e 08/30/25,MFR_001,CAT_001,TM_003,BRAND_013,47.8801,6.0,4.5,7.98,0.1418,0.1418,11.3997,1.4285,1.0714
MARKET_001,1 w/e 08/30/25,MFR_001,CAT_001,TM_003,BRAND_005,74180.4032,10781.5002,8086.1252,6.8803,54.6108,54.6108,45.844,6.663,4.9973
MARKET_001,1 w/e 08/30/25,MFR_001,CAT_001,TM_003,BRAND_006,10.9901,1.0001,0.75,10.99,0.0287,0.0287,12.9264,1.1762,0.8821
MARKET_001,1 w/e 08/30/25,MFR_001,CAT_001,TM_003,BRAND_014,26325.6034,3720.4052,2790.304,7.076,34.6196,34.6196,25.6642,3.6269,2.7202
MARKET_001,1 w/e 08/30/25,MFR_002,CAT_001,TM_004,BRAND_007,158893.0248,30514.0985,16217.3047,5.2072,17.7309,20.949,302.4445,58.082,30.8688
MARKET_001,1 w/e 08/30/25,MFR_002,CAT_001,TM_004,BRAND_009,128218.3438,14883.0408,11073.4552,8.6151,65.3707,65.7557,66.197,7.6839,5.717
MARKET_001,1 w/e 08/30/25,MFR_002,CAT_001,TM_005,BRAND_010,209700.2041,60254.1055,14967.7997,3.4803,80.8297,126.9196,87.5587,25.1586,6.2497
MARKET_001,1 w/e 08/30/25,MFR_002,CAT_001,TM_005,BRAND_008,108018.673,22526.5525,10088.1216,4.7952,25.542,30.9166,142.7302,29.7654,13.3299
MARKET_002,1 w/e 08/30/25,MFR_001,CAT_001,TM_001,BRAND_011,30136.549,11478.5301,1207.9511,2.6255,39.5629,39.8671,219.3035,83.5292,8.7903
MARKET_002,1 w/e 08/30/25,MFR_001,CAT_001,TM_001,BRAND_001,1573.9239,562.453,105.3649,2.7983,1.7998,2.3386,251.7755,89.9738,16.8549
MARKET_002,1 w/e 08/30/25,MFR_001,CAT_001,TM_002,BRAND_012,15172.9712,5694.971,619.0178,2.6643,21.2714,21.4383,205.359,77.0787,8.3781
MARKET_002,1 w/e 08/30/25,MFR_001,CAT_001,TM_002,BRAND_002,705.6503,249.1801,36.8312,2.8319,1.6914,1.7889,120.1107,42.4136,6.2692
MARKET_002,1 w/e 08/30/25,MFR_001,CAT_001,TM_002,BRAND_003,119.6201,47.0,4.6042,2.5451,0.5007,0.5149,68.7748,27.0224,2.6472
MARKET_002,1 w/e 08/30/25,MFR_001,CAT_001,TM_003,BRAND_015,54803.3024,20697.5611,2179.8918,2.6478,51.0234,51.2418,309.2268,116.7857,12.3
MARKET_002,1 w/e 08/30/25,MFR_001,CAT_001,TM_003,BRAND_004,83160.5486,31286.1336,3274.5762,2.6581,52.4228,53.1883,456.706,171.819,17.9835
MARKET_002,1 w/e 08/30/25,MFR_001,CAT_001,TM_003,BRAND_014,55.12,6.0,4.5,9.1867,0.1041,0.1041,152.4336,16.5929,12.4447
MARKET_002,1 w/e 08/30/25,MFR_002,CAT_001,TM_004,BRAND_007,16488.4111,6630.284,690.6547,2.4868,7.6854,7.6854,617.6638,248.3736,25.8723
MARKET_002,1 w/e 08/30/25,MFR_002,CAT_001,TM_004,BRAND_009,284.11,46.6667,17.5625,6.0881,0.3878,0.3878,210.9362,34.6474,13.0392
MARKET_002,1 w/e 08/30/25,MFR_002,CAT_001,TM_005,BRAND_010,60914.0527,23193.4831,2454.7379,2.6263,63.0799,63.7106,278.0137,105.8558,11.2035
MARKET_002,1 w/e 08/30/25,MFR_002,CAT_001,TM_005,BRAND_008,15813.4443,6018.97,656.0386,2.6273,13.0627,13.1736,348.5233,132.6562,14.4589
MARKET_003,1 w/e 08/30/25,MFR_001,CAT_001,TM_001,BRAND_011,33280.1958,6643.8734,3210.9444,5.0092,74.7106,100.1389,33.0789,6.6037,3.1915
MARKET_003,1 w/e 08/30/25,MFR_001,CAT_001,TM_001,BRAND_001,214.6946,36.3431,26.6114,5.9075,0.2797,0.2797,56.9905,9.6472,7.064
MARKET_003,1 w/e 08/30/25,MFR_001,CAT_001,TM_002,BRAND_012,35457.7061,6418.1558,3773.4032,5.5246,63.7648,75.6466,41.2931,7.4744,4.3944
MARKET_003,1 w/e 08/30/25,MFR_001,CAT_001,TM_002,BRAND_003,434.7188,153.153,20.5554,2.8385,0.2244,0.4488,143.8609,50.6827,6.8024
MARKET_003,1 w/e 08/30/25,MFR_001,CAT_001,TM_003,BRAND_015,32967.019,8501.6547,2637.958,3.8777,58.5318,81.447,41.825,10.786,3.3468
MARKET_003,1 w/e 08/30/25,MFR_001,CAT_001,TM_003,BRAND_004,59852.0469,11799.9765,5794.6746,5.0722,72.3886,83.6022,61.3984,12.1048,5.9444
MARKET_003,1 w/e 08/30/25,MFR_001,CAT_001,TM_003,BRAND_005,50962.3932,7597.5006,5698.1255,6.7078,67.8564,67.8565,55.7709,8.3143,6.2358
MARKET_003,1 w/e 08/30/25,MFR_001,CAT_001,TM_003,BRAND_006,10.9901,1.0001,0.75,10.99,0.0631,0.0631,12.9264,1.1762,0.8821
MARKET_003,1 w/e 08/30/25,MFR_001,CAT_001,TM_003,BRAND_014,15591.7934,2306.4052,1729.8041,6.7602,35.5816,35.5816,32.5401,4.8135,3.6101
MARKET_003,1 w/e 08/30/25,MFR_002,CAT_001,TM_004,BRAND_007,114339.984,18915.4812,12787.8794,6.0448,22.7167,27.2282,373.7662,61.8329,41.8023
MARKET_003,1 w/e 08/30/25,MFR_002,CAT_001,TM_004,BRAND_009,85000.6938,9222.4052,6863.4993,9.2168,77.6883,78.1193,81.2484,8.8153,6.5605
MARKET_003,1 w/e 08/30/25,MFR_002,CAT_001,TM_005,BRAND_010,94489.8212,23392.6225,8026.1243,4.0393,84.3892,145.3088,83.1469,20.5845,7.0626
MARKET_003,1 w/e 08/30/25,MFR_002,CAT_001,TM_005,BRAND_008,69514.0688,12139.5826,7263.0415,5.7262,32.761,40.4437,157.5665,27.5166,16.463
MARKET_004,1 w/e 08/30/25,MFR_001,CAT_001,TM_001,BRAND_011,2412.98,443.0,234.8332,5.4469,80.9671,106.977,17.0347,3.1274,1.6578
MARKET_004,1 w/e 08/30/25,MFR_001,CAT_001,TM_002,BRAND_012,3001.7101,517.0,349.6458,5.806,76.5409,81.1711,22.4163,3.8609,2.6111
MARKET_004,1 w/e 08/30/25,MFR_001,CAT_001,TM_003,BRAND_015,3038.2401,796.3332,242.0416,3.8153,60.6453,84.0494,28.6361,7.5056,2.2813
MARKET_004,1 w/e 08/30/25,MFR_001,CAT_001,TM_003,BRAND_004,741.04,146.0001,79.1459,5.0756,17.3325,18.7734,24.4382,4.8148,2.6101
MARKET_004,1 w/e 08/30/25,MFR_001,CAT_001,TM_003,BRAND_005,851.89,146.0001,109.5001,5.8349,15.2242,15.2242,31.9845,5.4816,4.1112
MARKET_004,1 w/e 08/30/25,MFR_001,CAT_001,TM_003,BRAND_014,1249.9401,197.0,147.75,6.3449,33.4903,33.4903,21.3333,3.3623,2.5217
MARKET_004,1 w/e 08/30/25,MFR_002,CAT_001,TM_004,BRAND_007,4289.73,688.0,505.0209,6.2351,8.0769,8.9557,303.5795,48.689,35.7398
MARKET_004,1 w/e 08/30/25,MFR_002,CAT_001,TM_004,BRAND_009,6654.3301,714.3132,535.089,9.3157,96.4704,97.238,39.4274,4.2324,3.1704
MARKET_004,1 w/e 08/30/25,MFR_002,CAT_001,TM_005,BRAND_010,3957.49,737.0,412.6043,5.3697,93.3779,108.2763,24.225,4.5114,2.5257
MARKET_004,1 w/e 08/30/25,MFR_002,CAT_001,TM_005,BRAND_008,2540.32,407.0,280.7083,6.2416,7.7088,10.2579,188.3616,30.1786,20.8142
MARKET_005,1 w/e 08/30/25,MFR_001,CAT_001,TM_001,BRAND_011,20582.0201,4828.3332,1535.8854,4.2628,98.2529,197.6461,25.3199,5.9398,1.8894
MARKET_005,1 w/e 08/30/25,MFR_001,CAT_001,TM_002,BRAND_012,16234.64,2796.0,1442.125,5.8064,84.5673,118.291,23.2038,3.9963,2.0612
MARKET_005,1 w/e 08/30/25,MFR_001,CAT_001,TM_003,BRAND_015,24457.1,6798.0,1679.4584,3.5977,83.4134,130.1092,35.4396,9.8506,2.4336
MARKET_005,1 w/e 08/30/25,MFR_001,CAT_001,TM_003,BRAND_004,49053.6001,13443.0001,3440.5001,3.649,96.415,162.2061,61.4958,16.8528,4.3132
MARKET_005,1 w/e 08/30/25,MFR_001,CAT_001,TM_003,BRAND_013,354.86,46.0,34.5,7.7143,1.0493,1.0493,40.8759,5.2987,3.974
MARKET_005,1 w/e 08/30/25,MFR_001,CAT_001,TM_003,BRAND_005,23422.0901,3005.9996,2254.4996,7.7918,91.2508,91.2508,31.0248,3.9817,2.9863
MARKET_005,1 w/e 08/30/25,MFR_001,CAT_001,TM_003,BRAND_014,9553.5601,1206.0001,904.5001,7.9217,61.8686,61.8686,18.6644,2.3561,1.7671
MARKET_005,1 w/e 08/30/25,MFR_002,CAT_001,TM_004,BRAND_007,26423.7901,4439.0,2508.3959,5.9526,23.0466,27.5453,138.5823,23.2808,13.1555
MARKET_005,1 w/e 08/30/25,MFR_002,CAT_001,TM_004,BRAND_009,38526.96,5246.6606,3925.9539,7.3431,94.353,94.8656,49.3547,6.7212,5.0293
MARKET_005,1 w/e 08/30/25,MFR_002,CAT_001,TM_005,BRAND_010,42266.19,10103.0,3509.1459,4.1835,99.1959,167.4836,51.5014,12.3105,4.2759
MARKET_005,1 w/e 08/30/25,MFR_002,CAT_001,TM_005,BRAND_008,20395.48,3511.0001,1938.3333,5.809,31.8539,39.1879,77.391,13.3225,7.355
MARKET_001,1 w/e 08/31/24,MFR_001,CAT_001,TM_001,BRAND_001,33112.3752,8573.736,2763.0604,3.8621,41.3605,57.7157,26.8433,6.9505,2.2399
MARKET_001,1 w/e 08/31/24,MFR_001,CAT_001,TM_002,BRAND_002,7781.3876,3094.1588,418.051,2.5149,7.6396,7.9322,34.1521,13.5801,1.8348
MARKET_001,1 w/e 08/31/24,MFR_001,CAT_001,TM_002,BRAND_003,157.63,70.0,7.8125,2.2519,0.1873,0.2725,28.2188,12.5313,1.3986
MARKET_001,1 w/e 08/31/24,MFR_001,CAT_001,TM_003,BRAND_004,67854.9895,17318.7859,6441.7469,3.918,30.4114,33.7879,74.8128,19.0946,7.1023
MARKET_001,1 w/e 08/31/24,MFR_001,CAT_001,TM_003,BRAND_005,2878.74,436.9635,327.7227,6.5881,2.9088,2.9088,33.1836,5.0369,3.7777
MARKET_001,1 w/e 08/31/24,MFR_002,CAT_001,TM_004,BRAND_007,107910.2456,19105.3709,12020.2735,5.6482,8.0316,8.1802,450.4977,79.76,50.1816
MARKET_001,1 w/e 08/31/24,MFR_002,CAT_001,TM_005,BRAND_008,129919.8374,27404.6307,13315.1105,4.7408,18.7685,21.2971,232.1014,48.9583,23.7874
MARKET_002,1 w/e 08/31/24,MFR_001,CAT_001,TM_001,BRAND_001,11018.4404,4451.2401,564.2799,2.4754,24.0871,27.4978,132.4739,53.5169,6.7843
MARKET_002,1 w/e 08/31/24,MFR_001,CAT_001,TM_002,BRAND_002,4773.901,2082.3211,201.7969,2.2926,10.802,11.1523,127.9859,55.826,5.4101
MARKET_002,1 w/e 08/31/24,MFR_001,CAT_001,TM_003,BRAND_004,17080.1448,6969.014,705.9896,2.4509,18.9673,20.6484,260.7839,106.4046,10.7792
MARKET_002,1 w/e 08/31/24,MFR_001,CAT_001,TM_003,BRAND_005,13.0,2.0,1.5001,6.5,0.0266,0.0266,141.4581,21.7628,16.3221
MARKET_002,1 w/e 08/31/24,MFR_002,CAT_001,TM_004,BRAND_007,10095.2898,3080.6851,548.8483,3.277,6.2383,6.9468,468.646,143.0123,25.4788
MARKET_002,1 w/e 08/31/24,MFR_002,CAT_001,TM_005,BRAND_008,25402.9895,8464.591,1181.1126,3.0011,15.3286,16.4302,479.9292,159.9184,22.3143
MARKET_003,1 w/e 08/31/24,MFR_001,CAT_001,TM_001,BRAND_001,14652.7948,2791.8325,1521.5808,5.2485,46.3105,63.9713,23.6605,4.5081,2.457
MARKET_003,1 w/e 08/31/24,MFR_001,CAT_001,TM_002,BRAND_002,2365.7564,760.8379,181.1083,3.1094,7.3264,7.8885,24.1469,7.7658,1.8485
MARKET_003,1 w/e 08/31/24,MFR_001,CAT_001,TM_002,BRAND_003,129.4301,58.0,6.5625,2.2316,0.4125,0.6026,23.4628,10.5141,1.1896
MARKET_003,1 w/e 08/31/24,MFR_001,CAT_001,TM_003,BRAND_004,41731.9547,8043.7719,4986.8718,5.1881,43.5273,47.8494,71.6953,13.8192,8.5674
MARKET_003,1 w/e 08/31/24,MFR_001,CAT_001,TM_003,BRAND_005,2463.71,376.9635,282.7226,6.5357,5.1755,5.1755,35.5974,5.4466,4.085
MARKET_003,1 w/e 08/31/24,MFR_002,CAT_001,TM_004,BRAND_007,72930.9058,12304.3526,9021.5293,5.9272,8.565,8.6876,636.747,107.4272,78.7654
MARKET_003,1 w/e 08/31/24,MFR_002,CAT_001,TM_005,BRAND_008,76985.6179,14176.2896,9351.6854,5.4306,23.6681,26.8938,243.2374,44.7902,29.5468
MARKET_004,1 w/e 08/31/24,MFR_001,CAT_001,TM_001,BRAND_001,1347.1,214.0,123.349,6.2949,56.5095,72.2982,13.7252,2.1804,1.2568
MARKET_004,1 w/e 08/31/24,MFR_001,CAT_001,TM_002,BRAND_002,2.39,1.0001,0.1043,2.39,0.6472,0.6472,2.1261,0.8896,0.0927
MARKET_004,1 w/e 08/31/24,MFR_001,CAT_001,TM_003,BRAND_004,2182.87,397.0,229.9844,5.4984,31.6952,35.7504,39.6529,7.2117,4.1778
MARKET_004,1 w/e 08/31/24,MFR_001,CAT_001,TM_003,BRAND_005,5.31,1.0001,0.75,5.31,0.8442,0.8442,3.6216,0.682,0.5115
MARKET_004,1 w/e 08/31/24,MFR_002,CAT_001,TM_004,BRAND_007,1993.96,339.0001,254.25,5.8819,2.6362,2.6362,435.4861,74.0385,55.5289
MARKET_004,1 w/e 08/31/24,MFR_002,CAT_001,TM_005,BRAND_008,2527.5101,418.0001,298.0,6.0467,9.2098,9.5002,158.0089,26.1315,18.6297
MARKET_005,1 w/e 08/31/24,MFR_001,CAT_001,TM_001,BRAND_001,4738.82,760.0,408.3896,6.2353,58.5527,85.7391,9.7823,1.5689,0.843
MARKET_005,1 w/e 08/31/24,MFR_001,CAT_001,TM_002,BRAND_002,337.1,129.0,18.6042,2.6132,9.218,9.4664,4.4202,1.6915,0.2439
MARKET_005,1 w/e 08/31/24,MFR_001,CAT_001,TM_003,BRAND_004,4660.0601,1031.0,381.7865,4.5199,26.7762,31.8928,21.036,4.654,1.7234
MARKET_005,1 w/e 08/31/24,MFR_001,CAT_001,TM_003,BRAND_005,527.2601,69.0001,51.75,7.6414,3.2229,3.2229,19.7741,2.5877,1.9408
MARKET_005,1 w/e 08/31/24,MFR_002,CAT_001,TM_004,BRAND_007,21862.1301,2962.0,2096.8542,7.3809,11.6282,11.6282,227.2476,30.7887,21.7959
MARKET_005,1 w/e 08/31/24,MFR_002,CAT_001,TM_005,BRAND_008,21317.8101,3266.0,2030.3542,6.5272,19.5583,22.7586,131.7442,20.1839,12.5476
MARKET_001,1 w/e 09/06/25,MFR_001,CAT_001,TM_001,BRAND_011,83497.5396,21274.0736,6413.328,3.9248,70.2337,103.2825,40.1235,10.223,3.0818
MARKET_001,1 w/e 09/06/25,MFR_001,CAT_001,TM_001,BRAND_001,1823.0985,659.1261,134.3302,2.7659,0.3626,0.4258,169.6979,61.3529,12.5037
MARKET_001,1 w/e 09/06/25,MFR_001,CAT_001,TM_002,BRAND_012,66233.1358,13211.0148,6324.1754,5.0135,59.9056,69.8714,37.3146,7.4429,3.5629
MARKET_001,1 w/e 09/06/25,MFR_001,CAT_001,TM_002,BRAND_002,703.2802,248.18,36.7271,2.8338,0.196,0.2075,121.0757,42.7263,6.3229
MARKET_001,1 w/e 09/06/25,MFR_001,CAT_001,TM_002,BRAND_003,602.8888,220.153,27.0762,2.7385,0.1827,0.2846,111.4006,40.6794,5.0031
MARKET_001,1 w/e 09/06/25,MFR_001,CAT_001,TM_003,BRAND_015,94062.9834,28331.2198,5959.4811,3.3201,56.3983,75.4567,56.2891,16.9539,3.5663
MARKET_001,1 w/e 09/06/25,MFR_001,CAT_001,TM_003,BRAND_004,214301.3012,62703.9187,13831.7156,3.4177,69.2644,92.1397,104.4206,30.5532,6.7397
MARKET_001,1 w/e 09/06/25,MFR_001,CAT_001,TM_003,BRAND_013,7.9801,1.0001,0.75,7.98,0.0723,0.0723,3.7269,0.467,0.3503
MARKET_001,1 w/e 09/06/25,MFR_001,CAT_001,TM_003,BRAND_005,72421.5535,10481.7936,7861.3452,6.9093,54.9148,54.9149,44.5092,6.442,4.8315
MARKET_001,1 w/e 09/06/25,MFR_001,CAT_001,TM_003,BRAND_014,23802.2768,3368.0964,2526.0723,7.067,31.4202,31.4202,25.5671,3.6178,2.7134
MARKET_001,1 w/e 09/06/25,MFR_002,CAT_001,TM_004,BRAND_007,142451.2987,25515.9832,15551.3912,5.5828,15.1905,17.395,316.4943,56.6907,34.5516
MARKET_001,1 w/e 09/06/25,MFR_002,CAT_001,TM_004,BRAND_009,132027.631,15436.428,11492.4659,8.553,65.5316,65.6943,67.9963,7.95,5.9188
MARKET_001,1 w/e 09/06/25,MFR_002,CAT_001,TM_005,BRAND_010,230149.2969,65644.614,16632.0672,3.506,80.5219,126.4913,96.4644,27.5142,6.9711
MARKET_001,1 w/e 09/06/25,MFR_002,CAT_001,TM_005,BRAND_008,97083.5174,18668.2267,9305.6673,5.2005,22.4262,26.0671,146.1036,28.0943,14.0043
MARKET_002,1 w/e 09/06/25,MFR_001,CAT_001,TM_001,BRAND_011,25372.9264,9122.7241,961.9088,2.7813,34.3778,34.5728,212.487,76.3988,8.0556
MARKET_002,1 w/e 09/06/25,MFR_001,CAT_001,TM_001,BRAND_001,1611.3941,623.783,107.8229,2.5833,2.223,2.7619,208.6919,80.7863,13.9642
MARKET_002,1 w/e 09/06/25,MFR_001,CAT_001,TM_002,BRAND_012,9819.2008,3803.2391,411.6706,2.5818,14.4111,14.5,196.1643,75.9797,8.2242
MARKET_002,1 w/e 09/06/25,MFR_001,CAT_001,TM_002,BRAND_002,703.2802,248.18,36.7271,2.8338,1.6723,1.7698,121.0757,42.7263,6.3229
MARKET_002,1 w/e 09/06/25,MFR_001,CAT_001,TM_002,BRAND_003,168.1701,67.0,6.5209,2.51,0.6881,0.6881,70.3581,28.0311,2.7281
MARKET_002,1 w/e 09/06/25,MFR_001,CAT_001,TM_003,BRAND_015,40553.9768,15041.9261,1596.5757,2.6961,40.3037,40.675,289.687,107.4482,11.4047
MARKET_002,1 w/e 09/06/25,MFR_001,CAT_001,TM_003,BRAND_004,86032.6583,31617.904,3307.4276,2.721,54.7176,55.7363,452.6648,166.3591,17.4022
MARKET_002,1 w/e 09/06/25,MFR_001,CAT_001,TM_003,BRAND_014,20.98,2.0,1.5001,10.49,0.0447,0.0447,135.0934,12.8783,9.6587
MARKET_002,1 w/e 09/06/25,MFR_002,CAT_001,TM_004,BRAND_007,9338.172,3509.363,365.5587,2.6609,4.5229,4.5229,594.4056,223.3826,23.269
MARKET_002,1 w/e 09/06/25,MFR_002,CAT_001,TM_004,BRAND_009,303.1601,50.0,18.7708,6.0632,0.3532,0.3532,247.0943,40.7531,15.2994
MARKET_002,1 w/e 09/06/25,MFR_002,CAT_001,TM_005,BRAND_010,71086.3131,26129.06,2871.7228,2.7206,62.7241,65.0655,326.281,119.9305,13.181
MARKET_002,1 w/e 09/06/25,MFR_002,CAT_001,TM_005,BRAND_008,12669.7659,4617.5891,504.8946,2.7438,11.3684,11.4875,320.8551,116.938,12.7862
MARKET_003,1 w/e 09/06/25,MFR_001,CAT_001,TM_001,BRAND_011,34109.7232,6547.0165,3601.8672,5.21,76.2142,96.8322,33.2346,6.379,3.5095
MARKET_003,1 w/e 09/06/25,MFR_001,CAT_001,TM_001,BRAND_001,211.7047,35.343,26.5073,5.99,0.2244,0.2244,70.0591,11.696,8.772
MARKET_003,1 w/e 09/06/25,MFR_001,CAT_001,TM_002,BRAND_012,36627.5351,6094.4427,4035.2341,6.01,65.6818,74.4771,41.4105,6.8903,4.5622
MARKET_003,1 w/e 09/06/25,MFR_001,CAT_001,TM_002,BRAND_003,434.7188,153.153,20.5554,2.8385,0.2244,0.4488,143.8609,50.6827,6.8024
MARKET_003,1 w/e 09/06/25,MFR_001,CAT_001,TM_003,BRAND_015,29297.3967,6921.2938,2642.3428,4.2329,55.3734,75.6564,39.2894,9.2818,3.5435
MARKET_003,1 w/e 09/06/25,MFR_001,CAT_001,TM_003,BRAND_004,62090.8631,11519.6816,6054.9967,5.39,73.2428,85.5595,62.9522,11.6795,6.139
MARKET_003,1 w/e 09/06/25,MFR_001,CAT_001,TM_003,BRAND_005,49914.9935,7379.7937,5534.8452,6.7637,68.7737,68.7738,53.896,7.9684,5.9763
MARKET_003,1 w/e 09/06/25,MFR_001,CAT_001,TM_003,BRAND_014,13591.0468,2021.0964,1515.8222,6.7246,30.7698,30.7699,32.8001,4.8776,3.6582
MARKET_003,1 w/e 09/06/25,MFR_002,CAT_001,TM_004,BRAND_007,107849.5267,17792.6202,12660.8326,6.0615,19.4254,22.2382,412.284,68.0171,48.3995
MARKET_003,1 w/e 09/06/25,MFR_002,CAT_001,TM_004,BRAND_009,91249.141,10076.1309,7501.3055,9.056,79.1099,79.2595,85.6536,9.4582,7.0413
MARKET_003,1 w/e 09/06/25,MFR_002,CAT_001,TM_005,BRAND_010,103279.3938,25241.554,9083.6984,4.0916,85.2528,145.5672,89.9607,21.9865,7.9123
MARKET_003,1 w/e 09/06/25,MFR_002,CAT_001,TM_005,BRAND_008,65750.9615,10586.6376,6937.0851,6.2108,29.3704,35.0294,166.2419,26.7668,17.5394
MARKET_004,1 w/e 09/06/25,MFR_001,CAT_001,TM_001,BRAND_011,1891.8801,312.0001,164.7188,6.0637,70.2806,86.9896,15.3868,2.5375,1.3397
MARKET_004,1 w/e 09/06/25,MFR_001,CAT_001,TM_002,BRAND_012,2350.48,339.0001,246.5,6.9336,73.2327,75.5454,18.346,2.646,1.924
MARKET_004,1 w/e 09/06/25,MFR_001,CAT_001,TM_003,BRAND_015,2043.62,477.0,162.0625,4.2843,54.937,73.2545,21.263,4.963,1.6862
MARKET_004,1 w/e 09/06/25,MFR_001,CAT_001,TM_003,BRAND_004,779.28,135.0001,74.7708,5.7724,14.1287,16.5168,31.527,5.4616,3.025
MARKET_004,1 w/e 09/06/25,MFR_001,CAT_001,TM_003,BRAND_005,483.25,72.0001,54.0,6.7118,12.7526,12.7526,21.6602,3.2272,2.4204
MARKET_004,1 w/e 09/06/25,MFR_001,CAT_001,TM_003,BRAND_014,1153.15,165.0001,123.75,6.9888,29.9377,29.9377,22.0169,3.1503,2.3627
MARKET_004,1 w/e 09/06/25,MFR_002,CAT_001,TM_004,BRAND_007,3336.02,469.0,350.4583,7.113,8.4719,8.9406,225.0798,31.6432,23.6453
MARKET_004,1 w/e 09/06/25,MFR_002,CAT_001,TM_004,BRAND_009,5196.01,685.6634,514.2477,7.5781,95.5277,95.5277,31.0906,4.1027,3.077
MARKET_004,1 w/e 09/06/25,MFR_002,CAT_001,TM_005,BRAND_010,3252.8901,587.0,306.5625,5.5416,87.186,100.5203,21.3261,3.8484,2.0098
MARKET_004,1 w/e 09/06/25,MFR_002,CAT_001,TM_005,BRAND_008,1595.7201,216.0,157.4793,7.3876,9.0028,10.6148,101.313,13.7139,9.9984
MARKET_005,1 w/e 09/06/25,MFR_001,CAT_001,TM_001,BRAND_011,18866.86,4256.3332,1503.6926,4.4327,97.723,186.8051,23.3358,5.2645,1.8599
MARKET_005,1 w/e 09/06/25,MFR_001,CAT_001,TM_002,BRAND_012,17518.08,2758.3333,1705.7917,6.351,88.6534,113.5287,23.8842,3.7607,2.3257
MARKET_005,1 w/e 09/06/25,MFR_001,CAT_001,TM_003,BRAND_015,17323.96,3895.0001,1388.6875,4.4477,78.707,112.8662,26.6044,5.9815,2.1326
MARKET_005,1 w/e 09/06/25,MFR_001,CAT_001,TM_003,BRAND_004,49866.87,13597.333,3642.1456,3.6674,97.2982,163.0467,61.9479,16.8915,4.5245
MARKET_005,1 w/e 09/06/25,MFR_001,CAT_001,TM_003,BRAND_013,208.18,28.0,21.0,7.435,0.8005,0.8005,31.4353,4.228,3.171
MARKET_005,1 w/e 09/06/25,MFR_001,CAT_001,TM_003,BRAND_005,23273.78,3107.0,2330.2501,7.4908,90.367,90.367,31.1298,4.1558,3.1168
MARKET_005,1 w/e 09/06/25,MFR_001,CAT_001,TM_003,BRAND_014,9477.6801,1231.0,923.25,7.6992,59.4126,59.4126,19.2816,2.5044,1.8783
MARKET_005,1 w/e 09/06/25,MFR_002,CAT_001,TM_004,BRAND_007,25506.0401,4203.0,2585.8542,6.0685,20.3893,24.5465,151.2026,24.9159,15.3292
MARKET_005,1 w/e 09/06/25,MFR_002,CAT_001,TM_004,BRAND_009,38413.7601,5033.6329,3770.0581,7.6314,93.8066,94.1435,49.4963,6.4859,4.8577
MARKET_005,1 w/e 09/06/25,MFR_002,CAT_001,TM_005,BRAND_010,44191.63,10849.0,3902.0208,4.0733,99.1449,168.6089,53.8752,13.2263,4.7571
MARKET_005,1 w/e 09/06/25,MFR_002,CAT_001,TM_005,BRAND_008,18198.87,3077.0,1866.0,5.9145,26.8238,31.5286,82.0056,13.8652,8.4083
MARKET_001,1 w/e 09/07/24,MFR_001,CAT_001,TM_001,BRAND_001,30054.787,7640.5216,2741.2158,3.9336,37.7398,51.2462,26.6991,6.7874,2.4352
MARKET_001,1 w/e 09/07/24,MFR_001,CAT_001,TM_002,BRAND_002,6818.7304,2751.5891,367.5454,2.4781,6.3386,6.6098,36.0658,14.5538,1.944
MARKET_001,1 w/e 09/07/24,MFR_001,CAT_001,TM_002,BRAND_003,88903.666,31203.2336,4277.6186,2.8492,33.9439,57.2284,87.8095,30.8192,4.225
MARKET_001,1 w/e 09/07/24,MFR_001,CAT_001,TM_003,BRAND_004,58556.3261,15346.3234,5464.305,3.8157,27.031,29.9289,72.6265,19.0338,6.7773
MARKET_001,1 w/e 09/07/24,MFR_001,CAT_001,TM_003,BRAND_005,2313.0388,356.6825,267.5118,6.4849,1.9243,1.9243,40.2983,6.2142,4.6607
MARKET_001,1 w/e 09/07/24,MFR_002,CAT_001,TM_004,BRAND_007,73182.8839,14569.3051,8895.6741,5.0231,6.4955,6.637,377.7316,75.1991,45.9148
MARKET_001,1 w/e 09/07/24,MFR_002,CAT_001,TM_005,BRAND_008,116679.4894,25497.9492,12922.1509,4.576,15.6481,17.3467,249.9862,54.6294,27.6858
MARKET_002,1 w/e 09/07/24,MFR_001,CAT_001,TM_001,BRAND_001,8191.9284,3434.7281,378.8142,2.385,17.2385,19.3667,137.6196,57.7014,6.3639
MARKET_002,1 w/e 09/07/24,MFR_001,CAT_001,TM_002,BRAND_002,4481.2166,1882.987,182.6162,2.3798,12.365,12.6871,104.9537,44.1011,4.277
MARKET_002,1 w/e 09/07/24,MFR_001,CAT_001,TM_002,BRAND_003,6287.7963,2692.7751,262.3107,2.3351,7.8415,9.8078,232.2165,99.4477,9.6875
MARKET_002,1 w/e 09/07/24,MFR_001,CAT_001,TM_003,BRAND_004,13444.8923,5590.3576,551.0634,2.405,19.6274,21.5644,198.376,82.4843,8.1308
MARKET_002,1 w/e 09/07/24,MFR_001,CAT_001,TM_003,BRAND_005,44.99,7.0001,5.25,6.4271,0.0542,0.0542,240.4596,37.4131,28.0599
MARKET_002,1 w/e 09/07/24,MFR_002,CAT_001,TM_004,BRAND_007,7086.0639,2603.3271,321.6589,2.7219,5.4819,6.1794,374.3417,137.5282,16.9926
MARKET_002,1 w/e 09/07/24,MFR_002,CAT_001,TM_005,BRAND_008,21512.4356,7262.441,1028.1185,2.9621,16.2164,17.0635,384.174,129.6943,18.3604
MARKET_003,1 w/e 09/07/24,MFR_001,CAT_001,TM_001,BRAND_001,15288.6387,3098.1278,1789.4805,4.9348,44.4277,58.8743,25.7281,5.2136,3.0114
MARKET_003,1 w/e 09/07/24,MFR_001,CAT_001,TM_002,BRAND_002,1799.6336,666.6021,156.2208,2.6997,6.0774,6.5991,22.1392,8.2006,1.9218
MARKET_003,1 w/e 09/07/24,MFR_001,CAT_001,TM_002,BRAND_003,50175.2697,19395.4586,2234.5268,2.587,34.1777,60.1149,109.7588,42.4277,4.888
MARKET_003,1 w/e 09/07/24,MFR_001,CAT_001,TM_003,BRAND_004,38051.7038,7756.9658,4403.7208,4.9055,40.0786,44.2937,70.9829,14.4701,8.2149
MARKET_003,1 w/e 09/07/24,MFR_001,CAT_001,TM_003,BRAND_005,2181.3388,338.6825,254.0118,6.4407,3.6727,3.6727,44.4047,6.8944,5.1708
MARKET_003,1 w/e 09/07/24,MFR_002,CAT_001,TM_004,BRAND_007,59582.53,10817.9781,7942.286,5.5077,7.6843,7.8068,579.7066,105.2532,77.2742
MARKET_003,1 w/e 09/07/24,MFR_002,CAT_001,TM_005,BRAND_008,70624.6436,14237.5083,9498.0948,4.9605,18.5079,20.6903,285.2931,57.5134,38.3682
MARKET_004,1 w/e 09/07/24,MFR_001,CAT_001,TM_001,BRAND_001,976.41,145.0001,84.0991,6.7339,51.4513,62.9607,10.9264,1.6226,0.9411
MARKET_004,1 w/e 09/07/24,MFR_001,CAT_001,TM_002,BRAND_002,4.78,2.0,0.2083,2.39,0.6472,0.6472,4.2523,1.7792,0.1853
MARKET_004,1 w/e 09/07/24,MFR_001,CAT_001,TM_002,BRAND_003,14519.2901,3484.0001,810.0573,4.1674,71.6944,131.9707,116.6008,27.9791,6.5054
MARKET_004,1 w/e 09/07/24,MFR_001,CAT_001,TM_003,BRAND_004,879.9601,180.0001,77.4635,4.8887,19.4905,21.5221,25.9944,5.3173,2.2883
MARKET_004,1 w/e 09/07/24,MFR_001,CAT_001,TM_003,BRAND_005,7.9901,1.0001,0.75,7.99,0.8442,0.8442,5.4495,0.682,0.5115
MARKET_004,1 w/e 09/07/24,MFR_002,CAT_001,TM_004,BRAND_007,499.04,85.0,63.7501,5.8711,1.516,1.516,189.5329,32.2826,24.2119
MARKET_004,1 w/e 09/07/24,MFR_002,CAT_001,TM_005,BRAND_008,1404.5,211.0,147.2708,6.6564,5.4347,5.7251,148.796,22.3538,15.6022
MARKET_005,1 w/e 09/07/24,MFR_001,CAT_001,TM_001,BRAND_001,4772.0101,751.0,409.0833,6.3542,53.1935,78.829,10.8433,1.7065,0.9295
MARKET_005,1 w/e 09/07/24,MFR_001,CAT_001,TM_002,BRAND_002,249.7801,84.0,15.8125,2.9736,6.5643,6.5643,4.5993,1.5467,0.2912
MARKET_005,1 w/e 09/07/24,MFR_001,CAT_001,TM_002,BRAND_003,17025.35,5082.0001,947.6199,3.3501,50.4576,80.1617,40.7839,12.1738,2.27
MARKET_005,1 w/e 09/07/24,MFR_001,CAT_001,TM_003,BRAND_004,4943.08,1290.0001,372.6198,3.8318,23.3982,27.6526,25.5349,6.6639,1.9249
MARKET_005,1 w/e 09/07/24,MFR_001,CAT_001,TM_003,BRAND_005,298.76,39.0,29.25,7.6605,2.3938,2.3938,15.0856,1.9693,1.477
MARKET_005,1 w/e 09/07/24,MFR_002,CAT_001,TM_004,BRAND_007,5188.38,775.0,495.3543,6.6947,8.1199,8.1199,77.2327,11.5364,7.3737
MARKET_005,1 w/e 09/07/24,MFR_002,CAT_001,TM_005,BRAND_008,20613.9601,3137.0001,1993.0209,6.5712,17.314,19.6878,143.9074,21.8996,13.9134
MARKET_001,1 w/e 09/13/25,MFR_001,CAT_001,TM_001,BRAND_011,65231.9079,15858.182,4679.5992,4.1135,64.8565,89.3465,33.9196,8.246,2.4333
MARKET_001,1 w/e 09/13/25,MFR_001,CAT_001,TM_001,BRAND_001,1888.6828,721.579,138.485,2.6174,0.3645,0.4275,174.7438,66.7616,12.8128
MARKET_001,1 w/e 09/13/25,MFR_001,CAT_001,TM_002,BRAND_012,55951.6674,10065.8192,5044.8262,5.5586,57.7619,63.1351,32.6675,5.8769,2.9454
MARKET_001,1 w/e 09/13/25,MFR_001,CAT_001,TM_002,BRAND_002,728.1794,251.142,38.973,2.8995,0.2076,0.219,118.2935,40.7983,6.3312
MARKET_001,1 w/e 09/13/25,MFR_001,CAT_001,TM_002,BRAND_003,595.7988,219.153,27.0554,2.7186,0.1809,0.2828,111.0778,40.8578,5.0441
MARKET_001,1 w/e 09/13/25,MFR_001,CAT_001,TM_003,BRAND_015,69258.1373,19868.1347,4274.7157,3.4859,50.5808,62.6248,46.1773,13.2469,2.8501
MARKET_001,1 w/e 09/13/25,MFR_001,CAT_001,TM_003,BRAND_004,209965.7034,63999.7417,12805.1102,3.2807,69.5751,93.3086,101.7744,31.0219,6.2069
MARKET_001,1 w/e 09/13/25,MFR_001,CAT_001,TM_003,BRAND_013,15.96,2.0,1.5001,7.98,0.0722,0.0722,7.4538,0.9341,0.7005
MARKET_001,1 w/e 09/13/25,MFR_001,CAT_001,TM_003,BRAND_005,59162.5648,8044.4205,6033.3154,7.3545,53.847,53.847,37.0536,5.0382,3.7787
MARKET_001,1 w/e 09/13/25,MFR_001,CAT_001,TM_003,BRAND_014,16375.0542,2089.175,1566.8812,7.838,26.3096,26.3097,20.99,2.678,2.0085
MARKET_001,1 w/e 09/13/25,MFR_002,CAT_001,TM_004,BRAND_007,105782.8204,16801.76,10780.0208,6.2959,13.9107,15.5228,256.4541,40.7333,26.1345
MARKET_001,1 w/e 09/13/25,MFR_002,CAT_001,TM_004,BRAND_009,102648.0648,12384.0484,9218.2316,8.2887,63.2756,63.5619,54.709,6.6004,4.9131
MARKET_001,1 w/e 09/13/25,MFR_002,CAT_001,TM_005,BRAND_010,207856.9828,60829.8601,13681.3572,3.417,80.2646,124.2448,87.3342,25.5586,5.7484
MARKET_001,1 w/e 09/13/25,MFR_002,CAT_001,TM_005,BRAND_008,75997.8466,13662.7862,6936.6196,5.5624,20.1376,22.6813,127.2736,22.8811,11.6168
MARKET_002,1 w/e 09/13/25,MFR_001,CAT_001,TM_001,BRAND_011,19525.6104,7297.7601,773.1001,2.6756,29.4786,29.7085,190.6738,71.265,7.5496
MARKET_002,1 w/e 09/13/25,MFR_001,CAT_001,TM_001,BRAND_001,1676.9784,686.236,111.9779,2.4437,2.2415,2.7796,215.37,88.1315,14.381
MARKET_002,1 w/e 09/13/25,MFR_001,CAT_001,TM_002,BRAND_012,7801.3059,2838.3241,313.0962,2.7486,10.6488,10.7213,210.8911,76.7278,8.4639
MARKET_002,1 w/e 09/13/25,MFR_001,CAT_001,TM_002,BRAND_002,728.1794,251.142,38.973,2.8995,1.772,1.8695,118.2935,40.7983,6.3312
MARKET_002,1 w/e 09/13/25,MFR_001,CAT_001,TM_002,BRAND_003,161.08,66.0001,6.5,2.4406,0.6742,0.6742,68.7788,28.181,2.7754
MARKET_002,1 w/e 09/13/25,MFR_001,CAT_001,TM_003,BRAND_015,30048.4351,11145.2111,1201.0012,2.6961,31.6447,31.9771,273.3465,101.3865,10.9253
MARKET_002,1 w/e 09/13/25,MFR_001,CAT_001,TM_003,BRAND_004,90705.0045,34628.429,3622.6907,2.6194,55.6916,56.8311,468.8503,178.9929,18.7255
MARKET_002,1 w/e 09/13/25,MFR_001,CAT_001,TM_003,BRAND_014,90.9101,9.0,6.75,10.1011,0.1653,0.1653,158.3246,15.674,11.7555
MARKET_002,1 w/e 09/13/25,MFR_002,CAT_001,TM_004,BRAND_007,4585.621,1802.292,187.7389,2.5443,3.4545,3.4545,382.1287,150.1885,15.6446
MARKET_002,1 w/e 09/13/25,MFR_002,CAT_001,TM_004,BRAND_009,285.89,39.0,18.2708,7.3305,0.3539,0.3539,232.5254,31.7202,14.8603
MARKET_002,1 w/e 09/13/25,MFR_002,CAT_001,TM_005,BRAND_010,69651.5886,26124.0061,2828.9991,2.6662,63.3151,64.9289,316.6774,118.7752,12.8623
MARKET_002,1 w/e 09/13/25,MFR_002,CAT_001,TM_005,BRAND_008,9076.9472,3308.275,367.2162,2.7437,9.2861,9.3308,281.3833,102.5558,11.3836
MARKET_003,1 w/e 09/13/25,MFR_001,CAT_001,TM_001,BRAND_011,24318.7074,3995.2554,2171.999,6.0869,66.03,78.9511,27.3493,4.4932,2.4427
MARKET_003,1 w/e 09/13/25,MFR_001,CAT_001,TM_001,BRAND_001,211.7047,35.343,26.5073,5.99,0.2244,0.2244,70.0591,11.696,8.772
MARKET_003,1 w/e 09/13/25,MFR_001,CAT_001,TM_002,BRAND_012,28975.5817,4292.4952,2899.8966,6.7503,62.2248,66.6592,34.5793,5.1226,3.4607
MARKET_003,1 w/e 09/13/25,MFR_001,CAT_001,TM_002,BRAND_003,434.7188,153.153,20.5554,2.8385,0.2244,0.4488,143.8609,50.6827,6.8024
MARKET_003,1 w/e 09/13/25,MFR_001,CAT_001,TM_003,BRAND_015,19759.9423,4245.2599,1567.7166,4.6546,47.7681,61.2121,30.7182,6.5995,2.4371
MARKET_003,1 w/e 09/13/25,MFR_001,CAT_001,TM_003,BRAND_004,52347.9588,9687.6466,4657.42,5.4036,71.6603,84.619,54.2462,10.0389,4.8263
MARKET_003,1 w/e 09/13/25,MFR_001,CAT_001,TM_003,BRAND_005,37639.3549,5087.4205,3815.5654,7.3985,65.6582,65.6583,42.5698,5.7538,4.3154
MARKET_003,1 w/e 09/13/25,MFR_001,CAT_001,TM_003,BRAND_014,8209.2143,995.1751,746.3813,8.249,22.0421,22.0422,27.6564,3.3527,2.5145
MARKET_003,1 w/e 09/13/25,MFR_002,CAT_001,TM_004,BRAND_007,77050.0494,11345.468,8119.1572,6.7913,17.8926,19.8417,319.778,47.0867,33.6966
MARKET_003,1 w/e 09/13/25,MFR_002,CAT_001,TM_004,BRAND_009,64388.3749,7515.4171,5590.6541,8.5675,75.7367,76.1213,63.1319,7.3688,5.4816
MARKET_003,1 w/e 09/13/25,MFR_002,CAT_001,TM_005,BRAND_010,85770.184,21409.8541,6615.3582,4.0061,84.9734,141.8824,74.9552,18.7102,5.7812
MARKET_003,1 w/e 09/13/25,MFR_002,CAT_001,TM_005,BRAND_008,49180.6294,7389.5113,4782.8826,6.6555,26.7703,30.0397,136.4234,20.498,13.2674
MARKET_004,1 w/e 09/13/25,MFR_001,CAT_001,TM_001,BRAND_011,1959.9,302.1667,182.9636,6.4862,70.4577,89.893,15.8999,2.4514,1.4843
MARKET_004,1 w/e 09/13/25,MFR_001,CAT_001,TM_002,BRAND_012,2831.41,412.0001,306.4166,6.8724,75.0794,76.5731,21.5561,3.1366,2.3328
MARKET_004,1 w/e 09/13/25,MFR_001,CAT_001,TM_003,BRAND_015,1489.22,328.0,123.2916,4.5403,48.8089,57.8612,17.4401,3.8412,1.4439
MARKET_004,1 w/e 09/13/25,MFR_001,CAT_001,TM_003,BRAND_004,1184.3101,243.0,109.2708,4.8737,21.0444,23.4325,32.1675,6.6002,2.9679
MARKET_004,1 w/e 09/13/25,MFR_001,CAT_001,TM_003,BRAND_005,586.43,84.0,63.0,6.9813,13.9889,13.9889,23.9618,3.4323,2.5742
MARKET_004,1 w/e 09/13/25,MFR_001,CAT_001,TM_003,BRAND_014,885.0701,136.0,102.0,6.5079,26.5175,26.5175,19.078,2.9315,2.1987
MARKET_004,1 w/e 09/13/25,MFR_002,CAT_001,TM_004,BRAND_007,3704.95,450.0,337.5,8.2332,8.1582,8.1582,259.5812,31.5285,23.6464
MARKET_004,1 w/e 09/13/25,MFR_002,CAT_001,TM_004,BRAND_009,4133.3601,513.9998,384.854,8.0416,84.1874,84.4864,28.0637,3.4898,2.613
MARKET_004,1 w/e 09/13/25,MFR_002,CAT_001,TM_005,BRAND_010,2918.1401,493.0,247.6875,5.9191,81.6859,93.2879,20.4196,3.4498,1.7332
MARKET_004,1 w/e 09/13/25,MFR_002,CAT_001,TM_005,BRAND_008,1249.2,151.0001,112.6043,8.2728,6.7165,6.8275,106.3104,12.8505,9.5829
MARKET_005,1 w/e 09/13/25,MFR_001,CAT_001,TM_001,BRAND_011,16771.54,3419.0001,1381.7082,4.9054,97.8846,168.5823,20.655,4.2107,1.7016
MARKET_005,1 w/e 09/13/25,MFR_001,CAT_001,TM_002,BRAND_012,16544.16,2388.0001,1591.4375,6.928,89.1202,104.4598,22.3787,3.2302,2.1527
MARKET_005,1 w/e 09/13/25,MFR_001,CAT_001,TM_003,BRAND_015,12862.5401,2288.0001,1141.8543,5.6217,76.0482,96.2859,20.3894,3.6269,1.81
MARKET_005,1 w/e 09/13/25,MFR_001,CAT_001,TM_003,BRAND_004,50852.27,13671.666,3679.1662,3.7195,98.9321,165.7678,61.9639,16.659,4.4831
MARKET_005,1 w/e 09/13/25,MFR_001,CAT_001,TM_003,BRAND_013,223.86,29.0001,21.75,7.7193,0.7401,0.7401,36.4611,4.7234,3.5425
MARKET_005,1 w/e 09/13/25,MFR_001,CAT_001,TM_003,BRAND_005,22051.07,2859.0001,2144.25,7.7129,92.6191,92.6191,28.7008,3.7212,2.7909
MARKET_005,1 w/e 09/13/25,MFR_001,CAT_001,TM_003,BRAND_014,7386.0,952.0001,714.0,7.7584,56.1219,56.1219,15.8651,2.0449,1.5337
MARKET_005,1 w/e 09/13/25,MFR_002,CAT_001,TM_004,BRAND_007,20649.38,3203.0,2171.0416,6.4469,18.772,22.0083,132.6058,20.569,13.942
MARKET_005,1 w/e 09/13/25,MFR_002,CAT_001,TM_004,BRAND_009,38292.1901,4958.2992,3718.0786,7.7228,95.4029,95.7389,48.3854,6.2652,4.6981
MARKET_005,1 w/e 09/13/25,MFR_002,CAT_001,TM_005,BRAND_010,42685.38,10332.0001,3745.4792,4.1314,99.1611,167.4349,51.8924,12.5606,4.5534
MARKET_005,1 w/e 09/13/25,MFR_002,CAT_001,TM_005,BRAND_008,17830.6701,2797.0001,1890.4375,6.3749,24.7364,29.5101,86.8952,13.6308,9.2128
MARKET_001,1 w/e 09/14/24,MFR_001,CAT_001,TM_001,BRAND_001,18112.3753,4871.3028,1359.0053,3.7182,25.8164,34.3476,23.5204,6.3258,1.7648
MARKET_001,1 w/e 09/14/24,MFR_001,CAT_001,TM_002,BRAND_002,4577.5914,1831.922,260.9862,2.4988,4.5237,4.7844,33.9242,13.5762,1.9341
MARKET_001,1 w/e 09/14/24,MFR_001,CAT_001,TM_002,BRAND_003,515629.5085,187256.2971,24760.0498,2.7536,71.1536,127.4775,242.9439,88.2276,11.6659
MARKET_001,1 w/e 09/14/24,MFR_001,CAT_001,TM_003,BRAND_004,54792.8654,16982.3696,3383.0045,3.2265,29.3307,33.1132,62.6278,19.4107,3.8667
MARKET_001,1 w/e 09/14/24,MFR_001,CAT_001,TM_003,BRAND_005,3083.3403,432.7149,324.5362,7.1256,3.235,3.235,31.9527,4.4842,3.3632
MARKET_001,1 w/e 09/14/24,MFR_002,CAT_001,TM_004,BRAND_007,49581.9532,8107.388,4852.744,6.1157,4.4842,4.5413,370.6868,60.6128,36.2803
MARKET_001,1 w/e 09/14/24,MFR_002,CAT_001,TM_005,BRAND_008,78112.152,14799.6751,6833.7284,5.278,11.5436,12.8467,226.8521,42.981,19.8464
MARKET_002,1 w/e 09/14/24,MFR_001,CAT_001,TM_001,BRAND_001,5906.3609,2609.003,287.0598,2.2638,13.6086,15.4114,125.6678,55.5109,6.1077
MARKET_002,1 w/e 09/14/24,MFR_001,CAT_001,TM_002,BRAND_002,2892.1393,1234.938,117.1637,2.3419,7.8703,8.101,106.401,45.433,4.3104
MARKET_002,1 w/e 09/14/24,MFR_001,CAT_001,TM_002,BRAND_003,97980.1228,42065.885,4094.7449,2.3292,51.6948,62.8545,548.7948,235.6145,22.935
MARKET_002,1 w/e 09/14/24,MFR_001,CAT_001,TM_003,BRAND_004,22458.9431,8868.1171,919.8374,2.5325,25.8147,28.4619,251.9073,99.4679,10.3172
MARKET_002,1 w/e 09/14/24,MFR_001,CAT_001,TM_003,BRAND_005,16.29,2.0,1.5001,8.145,0.0205,0.0205,230.4102,28.2885,21.2164
MARKET_002,1 w/e 09/14/24,MFR_002,CAT_001,TM_004,BRAND_007,3865.2238,1489.0251,159.6277,2.5958,2.945,2.945,380.024,146.3991,15.6944
MARKET_002,1 w/e 09/14/24,MFR_002,CAT_001,TM_005,BRAND_008,11976.6851,4390.937,501.405,2.7276,12.2842,12.3658,282.2985,103.4973,11.8185
MARKET_003,1 w/e 09/14/24,MFR_001,CAT_001,TM_001,BRAND_001,7863.1444,1538.2998,687.26,5.1116,27.4896,36.7396,21.3856,4.1837,1.8692
MARKET_003,1 w/e 09/14/24,MFR_001,CAT_001,TM_002,BRAND_002,1330.1823,473.9841,125.4061,2.8064,4.6532,5.1749,21.3724,7.6156,2.0149
MARKET_003,1 w/e 09/14/24,MFR_001,CAT_001,TM_002,BRAND_003,238493.1256,90515.4121,11008.935,2.6348,73.4975,144.2617,242.6029,92.0752,11.1986
MARKET_003,1 w/e 09/14/24,MFR_001,CAT_001,TM_003,BRAND_004,19574.2222,3965.2526,1645.4222,4.9364,33.6351,37.2874,43.5095,8.8139,3.6574
MARKET_003,1 w/e 09/14/24,MFR_001,CAT_001,TM_003,BRAND_005,2930.7103,412.7148,309.5362,7.1011,6.1107,6.1107,35.8573,5.0496,3.7872
MARKET_003,1 w/e 09/14/24,MFR_002,CAT_001,TM_004,BRAND_007,43204.6695,6148.363,4458.158,7.027,6.135,6.2575,526.51,74.9265,54.329
MARKET_003,1 w/e 09/14/24,MFR_002,CAT_001,TM_005,BRAND_008,49392.6971,7617.155,4668.1153,6.4844,12.763,14.4474,289.3357,44.6203,27.3452
MARKET_004,1 w/e 09/14/24,MFR_001,CAT_001,TM_001,BRAND_001,855.01,136.0,79.6094,6.2868,39.2159,52.7703,12.5531,1.9967,1.1688
MARKET_004,1 w/e 09/14/24,MFR_001,CAT_001,TM_002,BRAND_003,61359.8,14115.0,3586.7189,4.3471,90.7298,192.8102,389.3811,89.5719,22.7608
MARKET_004,1 w/e 09/14/24,MFR_001,CAT_001,TM_003,BRAND_004,1166.65,223.0,111.6094,5.2316,24.5018,26.6015,27.4147,5.2402,2.6227
MARKET_004,1 w/e 09/14/24,MFR_001,CAT_001,TM_003,BRAND_005,11.98,2.0,1.5001,5.99,0.6464,0.6464,10.6698,1.7813,1.3359
MARKET_004,1 w/e 09/14/24,MFR_002,CAT_001,TM_005,BRAND_008,1258.47,172.0,123.8332,7.3167,4.7585,4.7585,152.2687,20.8112,14.9832
MARKET_005,1 w/e 09/14/24,MFR_001,CAT_001,TM_001,BRAND_001,3276.36,497.0,284.1978,6.5923,44.0166,60.455,8.9969,1.3648,0.7804
MARKET_005,1 w/e 09/14/24,MFR_001,CAT_001,TM_002,BRAND_002,78.62,30.0,4.3751,2.6207,4.482,4.482,2.1202,0.809,0.118
MARKET_005,1 w/e 09/14/24,MFR_001,CAT_001,TM_002,BRAND_003,109980.4401,36053.0,5903.4169,3.0505,90.3836,156.9533,147.0772,48.2138,7.8947
MARKET_005,1 w/e 09/14/24,MFR_001,CAT_001,TM_003,BRAND_004,8630.02,2750.0,567.2449,3.1382,35.1691,44.8088,29.6599,9.4513,1.9495
MARKET_005,1 w/e 09/14/24,MFR_001,CAT_001,TM_003,BRAND_005,536.9,70.0,52.5001,7.67,3.8041,3.8041,17.0594,2.2242,1.6681
MARKET_005,1 w/e 09/14/24,MFR_002,CAT_001,TM_004,BRAND_007,2174.0,333.0001,211.6459,6.5285,4.7636,4.7636,55.163,8.4495,5.3703
MARKET_005,1 w/e 09/14/24,MFR_002,CAT_001,TM_005,BRAND_008,13708.9901,2214.0,1375.0416,6.192,13.7333,16.1071,120.6558,19.4859,12.102
MARKET_001,1 w/e 09/20/25,MFR_001,CAT_001,TM_001,BRAND_011,54328.0924,12202.9016,4400.4422,4.4521,62.2705,82.3044,29.3973,6.6031,2.3811
MARKET_001,1 w/e 09/20/25,MFR_001,CAT_001,TM_001,BRAND_001,2007.1284,689.6611,151.6045,2.9103,0.4193,0.4824,161.2734,55.4145,12.1815
MARKET_001,1 w/e 09/20/25,MFR_001,CAT_001,TM_002,BRAND_012,50077.2775,8170.0826,4841.9316,6.1293,55.0518,59.0592,30.6502,5.0006,2.9635
MARKET_001,1 w/e 09/20/25,MFR_001,CAT_001,TM_002,BRAND_002,695.3996,248.0711,36.0699,2.8032,0.1901,0.2015,123.2869,43.9803,6.3948
MARKET_001,1 w/e 09/20/25,MFR_001,CAT_001,TM_002,BRAND_003,581.9688,212.153,26.3679,2.7432,0.1671,0.2689,117.3301,42.7719,5.316
MARKET_001,1 w/e 09/20/25,MFR_001,CAT_001,TM_003,BRAND_015,51508.7446,13253.2217,3584.9982,3.8865,44.6864,52.9067,38.8392,9.9933,2.7032
MARKET_001,1 w/e 09/20/25,MFR_001,CAT_001,TM_003,BRAND_004,201263.7225,60030.468,12637.5328,3.3527,70.0929,94.5095,96.7512,28.8578,6.0751
MARKET_001,1 w/e 09/20/25,MFR_001,CAT_001,TM_003,BRAND_013,41.44,8.0001,3.4166,5.18,0.2129,0.2129,6.5592,1.2663,0.5408
MARKET_001,1 w/e 09/20/25,MFR_001,CAT_001,TM_003,BRAND_005,63869.2981,9010.3941,6757.7957,7.0884,53.8858,53.8858,39.9377,5.6342,4.2257
MARKET_001,1 w/e 09/20/25,MFR_001,CAT_001,TM_003,BRAND_014,16624.2513,2210.5773,1657.9331,7.5203,24.7568,24.7568,22.6263,3.0087,2.2565
MARKET_001,1 w/e 09/20/25,MFR_002,CAT_001,TM_004,BRAND_007,100070.713,14762.7942,10081.7651,6.7786,13.2845,14.3917,253.8199,37.4444,25.5714
MARKET_001,1 w/e 09/20/25,MFR_002,CAT_001,TM_004,BRAND_009,109553.53,13257.7186,9792.359,8.2634,64.4948,64.5729,57.2356,6.9264,5.116
MARKET_001,1 w/e 09/20/25,MFR_002,CAT_001,TM_005,BRAND_010,195251.3312,58007.1572,13134.1036,3.366,79.9429,124.7837,82.296,24.4493,5.5359
MARKET_001,1 w/e 09/20/25,MFR_002,CAT_001,TM_005,BRAND_008,78397.289,13451.5363,7244.4301,5.8281,18.563,20.425,142.3044,24.4168,13.1499
MARKET_002,1 w/e 09/20/25,MFR_001,CAT_001,TM_001,BRAND_011,12821.0101,5204.156,549.2038,2.4636,19.6461,19.7251,187.8668,76.2567,8.0475
MARKET_002,1 w/e 09/20/25,MFR_001,CAT_001,TM_001,BRAND_001,1795.4238,654.3181,125.0973,2.744,2.7129,3.2513,190.5222,69.4332,13.2747
MARKET_002,1 w/e 09/20/25,MFR_001,CAT_001,TM_002,BRAND_012,3597.9819,1301.5811,153.6231,2.7643,6.2319,6.3606,166.2031,60.1245,7.0964
MARKET_002,1 w/e 09/20/25,MFR_001,CAT_001,TM_002,BRAND_002,695.3996,248.0711,36.0699,2.8032,1.6237,1.7212,123.2869,43.9803,6.3948
MARKET_002,1 w/e 09/20/25,MFR_001,CAT_001,TM_002,BRAND_003,147.25,59.0,5.8125,2.4958,0.558,0.558,75.9647,30.4375,2.9986
MARKET_002,1 w/e 09/20/25,MFR_001,CAT_001,TM_003,BRAND_015,19152.803,6911.097,752.8435,2.7713,23.5705,23.7208,233.9199,84.4077,9.1947
MARKET_002,1 w/e 09/20/25,MFR_001,CAT_001,TM_003,BRAND_004,77889.6656,29027.4251,3097.7906,2.6833,54.7843,56.7579,409.2869,152.5304,16.278
MARKET_002,1 w/e 09/20/25,MFR_001,CAT_001,TM_003,BRAND_005,6.66,1.0001,0.75,6.66,0.0179,0.0179,107.074,16.0772,12.0579
MARKET_002,1 w/e 09/20/25,MFR_002,CAT_001,TM_004,BRAND_007,3369.0812,1146.921,160.3239,2.9375,2.2734,2.8133,426.6118,145.2295,20.3011
MARKET_002,1 w/e 09/20/25,MFR_002,CAT_001,TM_004,BRAND_009,667.0826,172.526,31.534,3.8666,0.787,0.787,244.0219,63.1108,11.5353
MARKET_002,1 w/e 09/20/25,MFR_002,CAT_001,TM_005,BRAND_010,64240.8661,24615.0911,2593.7804,2.6098,61.0754,61.4594,302.7949,116.0215,12.2256
MARKET_002,1 w/e 09/20/25,MFR_002,CAT_001,TM_005,BRAND_008,8901.3353,3240.724,353.0754,2.7467,6.4454,6.501,397.5674,144.743,15.7697
MARKET_003,1 w/e 09/20/25,MFR_001,CAT_001,TM_001,BRAND_011,24039.6124,3719.085,2390.1804,6.4639,66.0869,74.7168,27.0122,4.179,2.6857
MARKET_003,1 w/e 09/20/25,MFR_001,CAT_001,TM_001,BRAND_001,211.7047,35.343,26.5073,5.99,0.2244,0.2244,70.0591,11.696,8.772
MARKET_003,1 w/e 09/20/25,MFR_001,CAT_001,TM_002,BRAND_012,29284.1959,4303.5016,3043.5587,6.8047,62.4617,66.468,34.8151,5.1163,3.6184
MARKET_003,1 w/e 09/20/25,MFR_001,CAT_001,TM_002,BRAND_003,434.7188,153.153,20.5554,2.8385,0.2244,0.4488,143.8609,50.6827,6.8024
MARKET_003,1 w/e 09/20/25,MFR_001,CAT_001,TM_003,BRAND_015,18233.3617,3558.1336,1679.3282,5.1244,44.3383,53.7789,30.5376,5.9592,2.8126
MARKET_003,1 w/e 09/20/25,MFR_001,CAT_001,TM_003,BRAND_004,55081.4468,10256.043,5109.1379,5.3706,73.044,86.3014,55.9975,10.4266,5.1941
MARKET_003,1 w/e 09/20/25,MFR_001,CAT_001,TM_003,BRAND_005,42765.898,6121.394,4591.0457,6.9863,67.0131,67.0132,47.3899,6.7833,5.0874
MARKET_003,1 w/e 09/20/25,MFR_001,CAT_001,TM_003,BRAND_014,8866.3313,1222.2492,916.6869,7.2541,21.9526,21.9526,29.9921,4.1345,3.1009
MARKET_003,1 w/e 09/20/25,MFR_002,CAT_001,TM_004,BRAND_007,70098.7018,9759.8732,7152.7955,7.1823,16.8455,17.6829,309.0114,43.0238,31.5312
MARKET_003,1 w/e 09/20/25,MFR_002,CAT_001,TM_004,BRAND_009,71316.4873,8339.559,6205.4748,8.5516,77.3225,77.4559,68.4907,8.0091,5.9596
MARKET_003,1 w/e 09/20/25,MFR_002,CAT_001,TM_005,BRAND_010,81187.8352,20667.0662,6472.5941,3.9284,85.1852,143.9568,70.7741,18.0162,5.6424
MARKET_003,1 w/e 09/20/25,MFR_002,CAT_001,TM_005,BRAND_008,50770.2439,7311.1456,4951.042,6.9442,24.6463,27.3852,152.9699,22.0284,14.9174
MARKET_004,1 w/e 09/20/25,MFR_001,CAT_001,TM_001,BRAND_011,1916.45,288.0,187.849,6.6543,69.2972,84.4951,15.8078,2.3756,1.5495
MARKET_004,1 w/e 09/20/25,MFR_001,CAT_001,TM_002,BRAND_012,2469.9401,367.0,267.5001,6.7301,65.387,66.4737,21.5915,3.2082,2.3384
MARKET_004,1 w/e 09/20/25,MFR_001,CAT_001,TM_003,BRAND_015,1185.36,243.0,105.3959,4.878,43.5984,51.4939,15.5406,3.1858,1.3818
MARKET_004,1 w/e 09/20/25,MFR_001,CAT_001,TM_003,BRAND_004,1173.03,265.0,97.3542,4.4265,21.3481,23.7362,31.4079,7.0954,2.6067
MARKET_004,1 w/e 09/20/25,MFR_001,CAT_001,TM_003,BRAND_005,621.15,89.0001,66.75,6.9792,15.7666,15.7666,22.519,3.2266,2.4199
MARKET_004,1 w/e 09/20/25,MFR_001,CAT_001,TM_003,BRAND_014,812.67,116.0,87.0,7.0058,24.212,24.212,19.1855,2.7385,2.0539
MARKET_004,1 w/e 09/20/25,MFR_002,CAT_001,TM_004,BRAND_007,3584.98,440.0001,329.3543,8.1477,7.4139,7.8826,276.3928,33.9229,25.3924
MARKET_004,1 w/e 09/20/25,MFR_002,CAT_001,TM_004,BRAND_009,4397.5,547.3333,409.854,8.0344,91.4669,91.7659,27.4809,3.4204,2.5613
MARKET_004,1 w/e 09/20/25,MFR_002,CAT_001,TM_005,BRAND_010,2938.4101,475.0,255.5,6.1861,82.3351,90.7828,20.3993,3.2976,1.7738
MARKET_004,1 w/e 09/20/25,MFR_002,CAT_001,TM_005,BRAND_008,1519.19,189.0,140.4582,8.038,8.4866,8.5976,102.3216,12.7297,9.4603
MARKET_005,1 w/e 09/20/25,MFR_001,CAT_001,TM_001,BRAND_011,14305.2,2637.0001,1217.7241,5.4248,97.1037,162.1985,17.7592,3.2737,1.5117
MARKET_005,1 w/e 09/20/25,MFR_001,CAT_001,TM_002,BRAND_012,15162.9101,2130.0,1459.2917,7.1187,84.2866,95.796,21.6865,3.0464,2.0871
MARKET_005,1 w/e 09/20/25,MFR_001,CAT_001,TM_003,BRAND_015,9607.1,1440.0,890.125,6.6716,67.7864,79.9474,17.085,2.5609,1.583
MARKET_005,1 w/e 09/20/25,MFR_001,CAT_001,TM_003,BRAND_004,52660.86,14650.0,3706.3751,3.5946,98.4754,169.5173,64.4653,17.9339,4.5372
MARKET_005,1 w/e 09/20/25,MFR_001,CAT_001,TM_003,BRAND_013,280.96,39.0,26.6667,7.2041,1.2436,1.2436,27.2343,3.7804,2.5849
MARKET_005,1 w/e 09/20/25,MFR_001,CAT_001,TM_003,BRAND_005,21671.18,2819.0001,2114.2501,7.6875,90.913,90.913,28.7357,3.738,2.8035
MARKET_005,1 w/e 09/20/25,MFR_001,CAT_001,TM_003,BRAND_014,6466.35,816.0,612.0001,7.9244,49.762,49.762,15.6649,1.9768,1.4826
MARKET_005,1 w/e 09/20/25,MFR_002,CAT_001,TM_004,BRAND_007,22401.7301,3306.0,2387.7916,6.7761,17.9887,20.9476,150.1231,22.1549,16.0016
MARKET_005,1 w/e 09/20/25,MFR_002,CAT_001,TM_004,BRAND_009,37430.65,4808.634,3606.4755,7.7841,96.1735,96.1735,46.9178,6.0274,4.5206
MARKET_005,1 w/e 09/20/25,MFR_002,CAT_001,TM_005,BRAND_010,39031.4901,9597.0,3354.3959,4.0671,98.8139,168.0122,47.6171,11.708,4.0922
MARKET_005,1 w/e 09/20/25,MFR_002,CAT_001,TM_005,BRAND_008,18227.76,2748.0001,1940.2292,6.6331,23.0829,26.3892,95.1936,14.3513,10.1328
MARKET_001,1 w/e 09/21/24,MFR_001,CAT_001,TM_001,BRAND_001,13763.9228,3714.1217,1081.3728,3.7058,20.2935,25.5703,22.7377,6.1356,1.7864
MARKET_001,1 w/e 09/21/24,MFR_001,CAT_001,TM_002,BRAND_002,3627.1526,1517.63,228.4358,2.39,2.8165,3.0646,43.173,18.0639,2.719
MARKET_001,1 w/e 09/21/24,MFR_001,CAT_001,TM_002,BRAND_003,666504.749,247835.033,30895.3714,2.6893,78.6363,142.9882,284.1458,105.6576,13.1714
MARKET_001,1 w/e 09/21/24,MFR_001,CAT_001,TM_003,BRAND_004,96042.0299,31119.659,5721.506,3.0862,36.9808,43.6501,87.0654,28.211,5.1867
MARKET_001,1 w/e 09/21/24,MFR_001,CAT_001,TM_003,BRAND_005,11003.4148,1604.9011,1203.6759,6.8561,9.393,9.393,39.2722,5.728,4.296
MARKET_001,1 w/e 09/21/24,MFR_002,CAT_001,TM_004,BRAND_007,57758.6705,9357.1295,5807.0968,6.1727,4.4507,4.5081,435.0647,70.4822,43.7417
MARKET_001,1 w/e 09/21/24,MFR_002,CAT_001,TM_005,BRAND_008,71010.7005,13509.7301,6479.6473,5.2563,10.6317,11.6739,223.9139,42.5995,20.4319
MARKET_002,1 w/e 09/21/24,MFR_001,CAT_001,TM_001,BRAND_001,4541.2408,1930.422,233.8579,2.3525,11.0346,12.7151,119.1348,50.6427,6.135
MARKET_002,1 w/e 09/21/24,MFR_001,CAT_001,TM_002,BRAND_002,2270.0046,1029.3881,98.1489,2.2052,7.1496,7.2713,91.9101,41.6788,3.9739
MARKET_002,1 w/e 09/21/24,MFR_001,CAT_001,TM_002,BRAND_003,153940.7095,64853.014,6352.5585,2.3737,63.5083,81.0812,701.6869,295.6106,28.956
MARKET_002,1 w/e 09/21/24,MFR_001,CAT_001,TM_003,BRAND_004,45906.825,17813.695,1832.0556,2.5771,38.9199,42.547,341.449,132.4959,13.6266
MARKET_002,1 w/e 09/21/24,MFR_002,CAT_001,TM_004,BRAND_007,3922.8614,1518.6301,160.128,2.5832,3.8406,3.8406,295.679,114.4641,12.0694
MARKET_002,1 w/e 09/21/24,MFR_002,CAT_001,TM_005,BRAND_008,10012.2192,3740.6411,406.1501,2.6766,9.9603,9.9945,290.9903,108.7162,11.8041
MARKET_003,1 w/e 09/21/24,MFR_001,CAT_001,TM_001,BRAND_001,5924.552,1235.6996,551.2504,4.7945,21.939,28.6652,20.1898,4.211,1.8786
MARKET_003,1 w/e 09/21/24,MFR_001,CAT_001,TM_002,BRAND_002,1200.0181,430.2421,121.0162,2.7892,3.0107,3.5324,29.8002,10.6843,3.0052
MARKET_003,1 w/e 09/21/24,MFR_001,CAT_001,TM_002,BRAND_003,343110.2097,128492.019,15644.4638,2.6703,83.047,171.6388,308.8887,115.6763,14.0841
MARKET_003,1 w/e 09/21/24,MFR_001,CAT_001,TM_003,BRAND_004,31202.9148,6861.964,2753.8879,4.5472,40.5662,47.3691,57.5074,12.6467,5.0755
MARKET_003,1 w/e 09/21/24,MFR_001,CAT_001,TM_003,BRAND_005,9068.0048,1338.9011,1004.1758,6.7727,15.3253,15.3254,44.2379,6.5318,4.8988
MARKET_003,1 w/e 09/21/24,MFR_002,CAT_001,TM_004,BRAND_007,46933.0791,6733.4995,4907.9896,6.9701,5.3656,5.4881,653.9592,93.8237,68.3873
MARKET_003,1 w/e 09/21/24,MFR_002,CAT_001,TM_005,BRAND_008,49651.1112,7690.089,4882.3722,6.4565,12.8628,14.2362,288.5937,44.6981,28.3785
MARKET_004,1 w/e 09/21/24,MFR_001,CAT_001,TM_001,BRAND_001,636.7501,102.0,62.2188,6.2426,32.0329,38.1242,11.4449,1.8333,1.1183
MARKET_004,1 w/e 09/21/24,MFR_001,CAT_001,TM_002,BRAND_002,5.32,1.0001,0.75,5.32,0.353,0.353,8.6758,1.6308,1.2231
MARKET_004,1 w/e 09/21/24,MFR_001,CAT_001,TM_002,BRAND_003,45694.55,10464.0,2676.4948,4.3668,94.8398,187.467,277.4052,63.5255,16.2486
MARKET_004,1 w/e 09/21/24,MFR_001,CAT_001,TM_003,BRAND_004,1210.19,270.0,105.3854,4.4822,26.7396,29.8546,26.0579,5.8137,2.2692
MARKET_004,1 w/e 09/21/24,MFR_001,CAT_001,TM_003,BRAND_005,202.6101,30.0,22.5,6.7537,5.6405,5.6405,20.6815,3.0623,2.2967
MARKET_004,1 w/e 09/21/24,MFR_002,CAT_001,TM_004,BRAND_007,1202.4,160.0,120.0001,7.515,1.8568,1.8568,372.8488,49.6139,37.2105
MARKET_004,1 w/e 09/21/24,MFR_002,CAT_001,TM_005,BRAND_008,1218.1701,166.0,119.9792,7.3384,5.7443,5.7443,122.0978,16.6383,12.0256
MARKET_005,1 w/e 09/21/24,MFR_001,CAT_001,TM_001,BRAND_001,2717.6,415.0001,236.2656,6.5484,35.9796,45.4192,9.1295,1.3942,0.7937
MARKET_005,1 w/e 09/21/24,MFR_001,CAT_001,TM_002,BRAND_002,35.0,13.0,2.0,2.6923,1.7629,1.7629,2.3997,0.8913,0.1371
MARKET_005,1 w/e 09/21/24,MFR_001,CAT_001,TM_002,BRAND_003,112700.63,37668.0001,5994.5208,2.9919,93.0875,160.3487,146.3371,48.9103,7.7836
MARKET_005,1 w/e 09/21/24,MFR_001,CAT_001,TM_003,BRAND_004,12512.14,4056.0,812.453,3.0848,42.6507,56.4999,35.4589,11.4945,2.3025
MARKET_005,1 w/e 09/21/24,MFR_001,CAT_001,TM_003,BRAND_005,1634.46,214.0,160.5,7.6377,9.3527,9.3527,21.123,2.7656,2.0742
MARKET_005,1 w/e 09/21/24,MFR_002,CAT_001,TM_004,BRAND_007,5177.6001,810.0,565.5209,6.3921,5.4919,5.4919,113.9529,17.8272,12.4465
MARKET_005,1 w/e 09/21/24,MFR_002,CAT_001,TM_005,BRAND_008,9074.62,1663.0001,956.625,5.4568,11.9475,13.736,91.806,16.8242,9.678
MARKET_001,1 w/e 09/27/25,MFR_001,CAT_001,TM_001,BRAND_011,47170.4946,10018.0232,4091.3327,4.7086,58.9081,71.4726,26.9753,5.729,2.3397
MARKET_001,1 w/e 09/27/25,MFR_001,CAT_001,TM_001,BRAND_001,2152.9259,774.3471,164.8418,2.7803,0.454,0.517,159.7683,57.4642,12.2329
MARKET_001,1 w/e 09/27/25,MFR_001,CAT_001,TM_002,BRAND_012,49012.1976,7822.6662,4844.5542,6.2654,52.7459,54.6531,31.303,4.9962,3.0941
MARKET_001,1 w/e 09/27/25,MFR_001,CAT_001,TM_002,BRAND_002,557.5815,235.009,25.6258,2.3726,0.1651,0.1765,113.7736,47.9532,5.2289
MARKET_001,1 w/e 09/27/25,MFR_001,CAT_001,TM_002,BRAND_003,565.2249,202.596,25.5824,2.7899,0.149,0.2528,127.8182,45.8144,5.7851
MARKET_001,1 w/e 09/27/25,MFR_001,CAT_001,TM_003,BRAND_015,36125.2609,8384.141,2688.6991,4.3088,38.5526,43.1646,31.5667,7.3262,2.3494
MARKET_001,1 w/e 09/27/25,MFR_001,CAT_001,TM_003,BRAND_004,201164.2253,61508.2454,12654.8811,3.2705,69.9442,94.1654,96.8881,29.6246,6.0951
MARKET_001,1 w/e 09/27/25,MFR_001,CAT_001,TM_003,BRAND_013,23.94,3.0,2.25,7.98,0.0721,0.0721,11.1806,1.4011,1.0508
MARKET_001,1 w/e 09/27/25,MFR_001,CAT_001,TM_003,BRAND_005,64599.9322,9385.6131,7039.2098,6.8829,53.6709,53.6709,40.5475,5.8911,4.4183
MARKET_001,1 w/e 09/27/25,MFR_001,CAT_001,TM_003,BRAND_014,11765.0084,1569.2284,1176.9213,7.4973,20.6718,20.6718,19.1728,2.5573,1.918
MARKET_001,1 w/e 09/27/25,MFR_002,CAT_001,TM_004,BRAND_007,104154.0338,15897.1403,11109.8595,6.5517,13.1923,13.9081,265.9675,40.5949,28.3701
MARKET_001,1 w/e 09/27/25,MFR_002,CAT_001,TM_004,BRAND_009,102331.7435,12254.156,9136.7312,8.3508,64.3039,64.495,53.6099,6.4197,4.7866
MARKET_001,1 w/e 09/27/25,MFR_002,CAT_001,TM_005,BRAND_010,184224.4898,54257.1609,12293.6217,3.3954,78.7883,122.6632,78.7693,23.1989,5.2564
MARKET_001,1 w/e 09/27/25,MFR_002,CAT_001,TM_005,BRAND_008,72300.3186,11797.9096,7045.2952,6.1282,17.776,19.0811,137.0179,22.3585,13.3517
MARKET_002,1 w/e 09/27/25,MFR_001,CAT_001,TM_001,BRAND_011,10237.7442,4122.454,436.5265,2.4834,16.9235,17.0593,174.1492,70.125,7.4255
MARKET_002,1 w/e 09/27/25,MFR_001,CAT_001,TM_001,BRAND_001,1939.2266,738.6711,138.0849,2.6253,3.0012,3.5396,186.0134,70.8544,13.2453
MARKET_002,1 w/e 09/27/25,MFR_001,CAT_001,TM_002,BRAND_012,3252.5338,1170.7781,129.706,2.7781,5.3237,5.3237,175.8792,63.3093,7.0138
MARKET_002,1 w/e 09/27/25,MFR_001,CAT_001,TM_002,BRAND_002,557.5815,235.009,25.6258,2.3726,1.4108,1.5083,113.7736,47.9532,5.2289
MARKET_002,1 w/e 09/27/25,MFR_001,CAT_001,TM_002,BRAND_003,126.4101,48.0001,4.8332,2.6335,0.3949,0.4038,92.1423,34.988,3.5231
MARKET_002,1 w/e 09/27/25,MFR_001,CAT_001,TM_003,BRAND_015,11069.4691,3999.909,439.9073,2.7674,16.9543,17.061,187.9548,67.9167,7.4694
MARKET_002,1 w/e 09/27/25,MFR_001,CAT_001,TM_003,BRAND_004,79117.592,30244.53,3152.076,2.6159,55.526,56.9092,410.1886,156.8041,16.3421
MARKET_002,1 w/e 09/27/25,MFR_002,CAT_001,TM_004,BRAND_007,2612.8947,981.8711,102.2783,2.6611,1.7997,1.7997,417.9495,157.0566,16.3601
MARKET_002,1 w/e 09/27/25,MFR_002,CAT_001,TM_004,BRAND_009,208.8801,39.0,13.5,5.3559,0.2994,0.2994,200.8268,37.4964,12.9795
MARKET_002,1 w/e 09/27/25,MFR_002,CAT_001,TM_005,BRAND_010,57456.7604,21612.1361,2379.6926,2.6585,60.2096,60.4645,274.715,103.333,11.3779
MARKET_002,1 w/e 09/27/25,MFR_002,CAT_001,TM_005,BRAND_008,5940.6528,2122.6091,247.2614,2.7988,6.3426,6.3426,269.6338,96.3408,11.2227
MARKET_003,1 w/e 09/27/25,MFR_001,CAT_001,TM_001,BRAND_011,23006.2704,3552.5696,2442.546,6.476,64.2156,69.148,26.5929,4.1064,2.8233
MARKET_003,1 w/e 09/27/25,MFR_001,CAT_001,TM_001,BRAND_001,213.6993,35.676,26.757,5.99,0.2264,0.2264,70.0607,11.6963,8.7722
MARKET_003,1 w/e 09/27/25,MFR_001,CAT_001,TM_002,BRAND_012,30087.5738,4463.8883,3224.3272,6.7402,60.3125,62.2933,37.0288,5.4937,3.9682
MARKET_003,1 w/e 09/27/25,MFR_001,CAT_001,TM_002,BRAND_003,438.8148,154.596,20.7491,2.8385,0.2264,0.4528,143.8643,50.6839,6.8025
MARKET_003,1 w/e 09/27/25,MFR_001,CAT_001,TM_003,BRAND_015,14154.6716,2510.9041,1315.2541,5.6373,38.8581,44.3981,27.0382,4.7963,2.5124
MARKET_003,1 w/e 09/27/25,MFR_001,CAT_001,TM_003,BRAND_004,55504.3432,10822.7154,5215.8049,5.1285,72.0758,85.1001,57.1607,11.1457,5.3715
MARKET_003,1 w/e 09/27/25,MFR_001,CAT_001,TM_003,BRAND_005,44556.1023,6644.613,4983.4598,6.7056,66.6058,66.6058,49.6541,7.4049,5.5537
MARKET_003,1 w/e 09/27/25,MFR_001,CAT_001,TM_003,BRAND_014,5625.5184,793.8991,595.4242,7.0859,17.3419,17.3419,24.0783,3.398,2.5485
MARKET_003,1 w/e 09/27/25,MFR_002,CAT_001,TM_004,BRAND_007,75391.3593,11080.2692,8186.2271,6.8041,16.7359,17.7496,334.3742,49.143,36.3074
MARKET_003,1 w/e 09/27/25,MFR_002,CAT_001,TM_004,BRAND_009,63862.3035,7367.1977,5488.554,8.6685,76.0228,76.2371,62.3535,7.1931,5.3589
MARKET_003,1 w/e 09/27/25,MFR_002,CAT_001,TM_005,BRAND_010,77828.0894,20252.6917,5869.658,3.8429,82.4389,139.0533,70.0751,18.2352,5.2849
MARKET_003,1 w/e 09/27/25,MFR_002,CAT_001,TM_005,BRAND_008,46877.4858,6699.3006,4707.4715,6.9974,22.8162,24.6026,152.5039,21.7945,15.3146
MARKET_004,1 w/e 09/27/25,MFR_001,CAT_001,TM_001,BRAND_011,1270.11,172.0,109.1042,7.3844,54.6717,62.5575,13.2791,1.7983,1.1407
MARKET_004,1 w/e 09/27/25,MFR_001,CAT_001,TM_002,BRAND_012,1788.63,224.0,167.3542,7.985,61.1057,61.1057,16.7312,2.0953,1.5655
MARKET_004,1 w/e 09/27/25,MFR_001,CAT_001,TM_003,BRAND_015,1041.65,167.0001,92.3125,6.2374,38.7266,44.087,15.3745,2.4649,1.3625
MARKET_004,1 w/e 09/27/25,MFR_001,CAT_001,TM_003,BRAND_004,1008.9,224.0,75.0,4.504,21.1556,22.8704,27.2591,6.0522,2.0264
MARKET_004,1 w/e 09/27/25,MFR_001,CAT_001,TM_003,BRAND_005,424.92,54.0,40.5,7.8689,10.9207,10.9207,22.2405,2.8264,2.1198
MARKET_004,1 w/e 09/27/25,MFR_001,CAT_001,TM_003,BRAND_014,466.56,59.0,44.25,7.9078,16.762,16.762,15.91,2.0119,1.509
MARKET_004,1 w/e 09/27/25,MFR_002,CAT_001,TM_004,BRAND_007,2893.9,427.0001,320.2501,6.7773,8.6748,8.6748,190.6842,28.1358,21.1018
MARKET_004,1 w/e 09/27/25,MFR_002,CAT_001,TM_004,BRAND_009,5506.9801,630.3207,472.7405,8.7368,92.843,92.843,33.9042,3.8806,2.9105
MARKET_004,1 w/e 09/27/25,MFR_002,CAT_001,TM_005,BRAND_010,3436.0601,609.3332,358.1875,5.639,87.7722,98.0942,22.3765,3.9681,2.3326
MARKET_004,1 w/e 09/27/25,MFR_002,CAT_001,TM_005,BRAND_008,1743.95,250.0,187.5,6.9758,9.006,9.006,110.6855,15.8671,11.9003
MARKET_005,1 w/e 09/27/25,MFR_001,CAT_001,TM_001,BRAND_011,12524.35,2104.0001,1104.7657,5.9526,93.8899,140.1667,16.0806,2.7014,1.4185
MARKET_005,1 w/e 09/27/25,MFR_001,CAT_001,TM_002,BRAND_012,14588.34,1982.0001,1409.6459,7.3604,82.1736,88.7167,21.4013,2.9076,2.068
MARKET_005,1 w/e 09/27/25,MFR_001,CAT_001,TM_003,BRAND_015,8405.04,1155.0,786.1666,7.2771,60.4098,66.5469,16.7725,2.3048,1.5688
MARKET_005,1 w/e 09/27/25,MFR_001,CAT_001,TM_003,BRAND_004,50963.2001,14576.0,3501.0416,3.4964,98.9037,170.0077,62.1169,17.7661,4.2673
MARKET_005,1 w/e 09/27/25,MFR_001,CAT_001,TM_003,BRAND_013,219.9801,29.0001,21.75,7.5855,0.7401,0.7401,35.8291,4.7234,3.5425
MARKET_005,1 w/e 09/27/25,MFR_001,CAT_001,TM_003,BRAND_005,20941.89,2714.0,2035.5,7.7162,91.5954,91.5954,27.5618,3.5719,2.6789
MARKET_005,1 w/e 09/27/25,MFR_001,CAT_001,TM_003,BRAND_014,5389.28,683.0,512.25,7.8906,44.5327,44.5327,14.5887,1.8489,1.3867
MARKET_005,1 w/e 09/27/25,MFR_002,CAT_001,TM_004,BRAND_007,22788.4401,3283.0001,2442.2293,6.9413,17.7848,19.3786,154.4656,22.253,16.554
MARKET_005,1 w/e 09/27/25,MFR_002,CAT_001,TM_004,BRAND_009,36885.9101,4863.3075,3646.8348,7.5845,97.5104,97.8464,45.6011,6.0124,4.5085
MARKET_005,1 w/e 09/27/25,MFR_002,CAT_001,TM_005,BRAND_010,37381.7501,9097.0,3233.8542,4.1092,98.7626,165.7851,45.6281,11.1038,3.9472
MARKET_005,1 w/e 09/27/25,MFR_002,CAT_001,TM_005,BRAND_008,18973.63,2800.0001,2048.9792,6.7763,23.7222,26.1408,96.4185,14.2288,10.4123
MARKET_001,1 w/e 09/28/24,MFR_001,CAT_001,TM_001,BRAND_001,15406.5322,4020.9155,1223.8231,3.8316,18.0503,22.5797,28.611,7.4671,2.2727
MARKET_001,1 w/e 09/28/24,MFR_001,CAT_001,TM_002,BRAND_002,2783.8246,1088.317,190.2949,2.5579,2.2859,2.5383,40.8222,15.9592,2.7905
MARKET_001,1 w/e 09/28/24,MFR_001,CAT_001,TM_002,BRAND_003,432632.2255,163680.795,20055.4105,2.6431,78.9229,140.6642,183.7507,69.5197,8.5181
MARKET_001,1 w/e 09/28/24,MFR_001,CAT_001,TM_003,BRAND_004,134170.2648,44278.5876,7992.904,3.0301,42.9138,52.7478,104.8028,34.5868,6.2434
MARKET_001,1 w/e 09/28/24,MFR_001,CAT_001,TM_003,BRAND_005,17266.9111,2682.734,2012.0506,6.4363,13.0885,13.0886,44.2218,6.8707,5.153
MARKET_001,1 w/e 09/28/24,MFR_002,CAT_001,TM_004,BRAND_007,88573.518,14620.6631,9639.0324,6.0581,4.0701,4.1251,729.4709,120.4124,79.3848
MARKET_001,1 w/e 09/28/24,MFR_002,CAT_001,TM_005,BRAND_008,64976.7585,12283.8325,6233.5007,5.2896,9.7177,10.6301,224.1335,42.3723,21.5021
MARKET_002,1 w/e 09/28/24,MFR_001,CAT_001,TM_001,BRAND_001,5253.1655,2202.0591,273.922,2.3856,11.4936,13.1257,132.3009,55.4588,6.8987
MARKET_002,1 w/e 09/28/24,MFR_001,CAT_001,TM_002,BRAND_002,1427.1829,614.0751,61.5495,2.3241,3.8832,4.0424,106.3879,45.7756,4.5881
MARKET_002,1 w/e 09/28/24,MFR_001,CAT_001,TM_002,BRAND_003,126461.988,53935.9141,5254.5015,2.3447,64.2813,81.6808,569.4711,242.8789,23.6616
MARKET_002,1 w/e 09/28/24,MFR_001,CAT_001,TM_003,BRAND_004,67938.0334,26132.2952,2715.3218,2.5998,43.8578,49.1459,448.3965,172.4753,17.9213
MARKET_002,1 w/e 09/28/24,MFR_002,CAT_001,TM_004,BRAND_007,4345.9762,1676.8011,177.25,2.5918,2.5826,2.5826,487.1024,187.9379,19.8664
MARKET_002,1 w/e 09/28/24,MFR_002,CAT_001,TM_005,BRAND_008,7866.7248,2818.7323,345.6337,2.7909,8.469,8.4691,268.878,96.3419,11.8135
MARKET_003,1 w/e 09/28/24,MFR_001,CAT_001,TM_001,BRAND_001,6513.6468,1237.8565,621.6407,5.262,20.2909,25.6619,23.9971,4.5604,2.2902
MARKET_003,1 w/e 09/28/24,MFR_001,CAT_001,TM_002,BRAND_002,1197.3021,420.2421,119.8913,2.8491,2.9093,3.431,30.7643,10.798,3.0806
MARKET_003,1 w/e 09/28/24,MFR_001,CAT_001,TM_002,BRAND_003,191373.6675,71796.8811,8892.9505,2.6655,83.634,169.1219,171.0551,64.174,7.9488
MARKET_003,1 w/e 09/28/24,MFR_001,CAT_001,TM_003,BRAND_004,38875.7015,8849.2922,3636.3842,4.3931,45.7216,55.8304,63.5614,14.4685,5.9455
MARKET_003,1 w/e 09/28/24,MFR_001,CAT_001,TM_003,BRAND_005,14368.1211,2286.734,1715.0507,6.2832,21.3352,21.3353,50.343,8.0123,6.0092
MARKET_003,1 w/e 09/28/24,MFR_002,CAT_001,TM_004,BRAND_007,71203.4318,10852.862,8001.3865,6.5608,5.1441,5.2666,1034.7291,157.7139,116.2762
MARKET_003,1 w/e 09/28/24,MFR_002,CAT_001,TM_005,BRAND_008,47360.4638,7651.1003,4864.492,6.19,12.1371,13.2353,291.7016,47.1245,29.9613
MARKET_004,1 w/e 09/28/24,MFR_001,CAT_001,TM_001,BRAND_001,883.8001,141.0,75.7625,6.2681,31.8243,40.9121,15.9896,2.551,1.3707
MARKET_004,1 w/e 09/28/24,MFR_001,CAT_001,TM_002,BRAND_003,28924.28,6663.0001,1676.151,4.341,91.1953,173.4791,182.6127,42.0667,10.5823
MARKET_004,1 w/e 09/28/24,MFR_001,CAT_001,TM_003,BRAND_004,2322.65,531.0001,196.0625,4.3741,31.2027,38.5087,42.858,9.7981,3.6178
MARKET_004,1 w/e 09/28/24,MFR_001,CAT_001,TM_003,BRAND_005,352.57,49.0,36.75,7.1953,9.3453,9.3453,21.7216,3.0189,2.2641
MARKET_004,1 w/e 09/28/24,MFR_002,CAT_001,TM_004,BRAND_007,2195.99,311.0,232.6043,7.0611,2.3938,2.3938,528.1869,74.8028,55.9467
MARKET_004,1 w/e 09/28/24,MFR_002,CAT_001,TM_005,BRAND_008,1257.1901,173.0,126.5208,7.267,3.8359,3.8359,188.7021,25.967,18.9906
MARKET_005,1 w/e 09/28/24,MFR_001,CAT_001,TM_001,BRAND_001,2901.57,423.0,262.0052,6.8595,30.365,39.36,11.5499,1.6838,1.0429
MARKET_005,1 w/e 09/28/24,MFR_001,CAT_001,TM_002,BRAND_002,52.5601,16.0,3.6042,3.285,1.4655,1.4655,4.335,1.3196,0.2973
MARKET_005,1 w/e 09/28/24,MFR_001,CAT_001,TM_002,BRAND_003,73317.72,24765.0,3879.4428,2.9605,91.9997,155.8343,96.3257,32.5365,5.0969
MARKET_005,1 w/e 09/28/24,MFR_001,CAT_001,TM_003,BRAND_004,15143.37,4994.0,971.4636,3.0323,50.1211,69.0401,36.5192,12.0433,2.3427
MARKET_005,1 w/e 09/28/24,MFR_001,CAT_001,TM_003,BRAND_005,2402.6601,314.0,235.5001,7.6518,12.678,12.678,22.9067,2.9936,2.2452
MARKET_005,1 w/e 09/28/24,MFR_002,CAT_001,TM_004,BRAND_007,10465.74,1619.0001,1190.3542,6.4643,5.1276,5.1276,246.7026,38.1637,28.0595
MARKET_005,1 w/e 09/28/24,MFR_002,CAT_001,TM_005,BRAND_008,7840.98,1432.0001,831.1667,5.4755,10.7347,12.5233,88.2875,16.124,9.3587
MARKET_001,1 w/e 10/04/25,MFR_001,CAT_001,TM_001,BRAND_011,44409.5557,8839.8972,3824.6945,5.0238,57.5335,67.7543,26.0069,5.1768,2.2398
MARKET_001,1 w/e 10/04/25,MFR_001,CAT_001,TM_001,BRAND_001,2105.5526,661.655,161.8488,3.1823,0.4017,0.4765,176.6033,55.4963,13.5751
MARKET_001,1 w/e 10/04/25,MFR_001,CAT_001,TM_002,BRAND_012,46314.8401,6981.9551,4575.7849,6.6335,54.3541,55.4098,28.7092,4.3279,2.8364
MARKET_001,1 w/e 10/04/25,MFR_001,CAT_001,TM_002,BRAND_002,570.1268,237.028,26.4821,2.4053,0.1705,0.1819,112.68,46.8463,5.2339
MARKET_001,1 w/e 10/04/25,MFR_001,CAT_001,TM_002,BRAND_003,548.8848,197.596,25.0198,2.7778,0.1612,0.264,114.7334,41.3035,5.2299
MARKET_001,1 w/e 10/04/25,MFR_001,CAT_001,TM_003,BRAND_015,30415.7363,6036.1592,2420.2464,5.0389,34.5954,36.6308,29.6219,5.8786,2.3571
MARKET_001,1 w/e 10/04/25,MFR_001,CAT_001,TM_003,BRAND_004,197751.0125,59880.1432,12424.6016,3.3024,70.2425,95.4625,94.8531,28.7221,5.9596
MARKET_001,1 w/e 10/04/25,MFR_001,CAT_001,TM_003,BRAND_013,2.3801,1.0001,0.1043,2.38,0.0879,0.0879,0.9124,0.3834,0.0399
MARKET_001,1 w/e 10/04/25,MFR_001,CAT_001,TM_003,BRAND_005,63063.795,8859.1072,6644.3305,7.1185,53.9314,53.9314,39.3977,5.5345,4.1509
MARKET_001,1 w/e 10/04/25,MFR_001,CAT_001,TM_003,BRAND_014,9596.3048,1280.6129,960.4596,7.4935,18.5835,18.5835,17.3984,2.3218,1.7413
MARKET_001,1 w/e 10/04/25,MFR_002,CAT_001,TM_004,BRAND_007,98961.3904,14304.6038,10070.6504,6.9181,12.9683,13.1627,257.1087,37.1644,26.1643
MARKET_001,1 w/e 10/04/25,MFR_002,CAT_001,TM_004,BRAND_009,106131.5423,12989.4315,9669.7344,8.1706,65.3017,65.4402,54.7586,6.7019,4.9891
MARKET_001,1 w/e 10/04/25,MFR_002,CAT_001,TM_005,BRAND_010,184129.7956,53731.2209,12441.6892,3.4269,79.292,123.8726,78.2397,22.8313,5.2867
MARKET_001,1 w/e 10/04/25,MFR_002,CAT_001,TM_005,BRAND_008,69282.3284,11325.2134,6512.8254,6.1175,17.0803,18.1312,136.6661,22.3401,12.8472
MARKET_002,1 w/e 10/04/25,MFR_001,CAT_001,TM_001,BRAND_011,9643.7301,3644.2581,427.8089,2.6463,15.2451,15.3023,182.3849,68.9212,8.0908
MARKET_002,1 w/e 10/04/25,MFR_001,CAT_001,TM_001,BRAND_001,1891.8534,625.979,135.0918,3.0222,2.5581,3.1984,213.2315,70.5543,15.2263
MARKET_002,1 w/e 10/04/25,MFR_001,CAT_001,TM_002,BRAND_012,2130.8606,764.232,82.1493,2.7882,2.8662,2.8662,214.3486,76.876,8.2636
MARKET_002,1 w/e 10/04/25,MFR_001,CAT_001,TM_002,BRAND_002,567.6269,236.028,26.3779,2.4049,1.4503,1.5479,112.846,46.9231,5.244
MARKET_002,1 w/e 10/04/25,MFR_001,CAT_001,TM_002,BRAND_003,107.57,42.0,4.1666,2.5612,0.4449,0.4449,69.7148,27.2197,2.7004
MARKET_002,1 w/e 10/04/25,MFR_001,CAT_001,TM_003,BRAND_015,7734.2777,2452.4831,324.3323,3.1537,9.795,9.8594,227.6609,72.1896,9.5468
MARKET_002,1 w/e 10/04/25,MFR_001,CAT_001,TM_003,BRAND_004,75146.9495,28103.108,2923.9073,2.674,54.5615,55.7589,397.0989,148.5052,15.4508
MARKET_002,1 w/e 10/04/25,MFR_002,CAT_001,TM_004,BRAND_007,2483.1663,926.1383,99.1099,2.6812,1.6887,1.6887,423.9656,158.125,16.9216
MARKET_002,1 w/e 10/04/25,MFR_002,CAT_001,TM_004,BRAND_009,246.4801,40.0001,16.0209,6.162,0.2856,0.2856,248.8189,40.3796,16.1728
MARKET_002,1 w/e 10/04/25,MFR_002,CAT_001,TM_005,BRAND_010,55697.7445,21017.4673,2235.3541,2.6501,58.6682,59.2862,273.721,103.2883,10.9854
MARKET_002,1 w/e 10/04/25,MFR_002,CAT_001,TM_005,BRAND_008,6330.1174,2342.067,259.4653,2.7028,5.8063,5.8063,314.3307,116.2986,12.8841
MARKET_003,1 w/e 10/04/25,MFR_001,CAT_001,TM_001,BRAND_011,20309.6157,2898.6393,2047.1411,7.0066,62.6924,65.5957,24.0462,3.4319,2.4238
MARKET_003,1 w/e 10/04/25,MFR_001,CAT_001,TM_001,BRAND_001,213.6993,35.676,26.757,5.99,0.2264,0.2264,70.0607,11.6963,8.7722
MARKET_003,1 w/e 10/04/25,MFR_001,CAT_001,TM_002,BRAND_012,27331.1492,3926.723,2871.6149,6.9603,61.0328,62.0213,33.2395,4.7756,3.4924
MARKET_003,1 w/e 10/04/25,MFR_001,CAT_001,TM_002,BRAND_003,438.8148,154.596,20.7491,2.8385,0.2264,0.4528,143.8643,50.6839,6.8025
MARKET_003,1 w/e 10/04/25,MFR_001,CAT_001,TM_003,BRAND_015,12389.9587,1939.8491,1163.3564,6.3871,35.2159,38.5306,26.115,4.0887,2.4521
MARKET_003,1 w/e 10/04/25,MFR_001,CAT_001,TM_003,BRAND_004,53155.1131,10622.0352,4844.8195,5.0042,73.3212,87.9845,53.8115,10.7532,4.9046
MARKET_003,1 w/e 10/04/25,MFR_001,CAT_001,TM_003,BRAND_005,42256.075,6001.1072,4500.8305,7.0414,67.227,67.227,46.6558,6.6259,4.9695
MARKET_003,1 w/e 10/04/25,MFR_001,CAT_001,TM_003,BRAND_014,4524.5849,637.9495,478.4621,7.0924,14.7473,14.7473,22.7733,3.211,2.4082
MARKET_003,1 w/e 10/04/25,MFR_002,CAT_001,TM_004,BRAND_007,71187.0942,9625.4656,7178.7489,7.3957,17.6651,17.887,299.1206,40.4452,30.1643
MARKET_003,1 w/e 10/04/25,MFR_002,CAT_001,TM_004,BRAND_009,66905.8022,7938.8032,5898.9715,8.4277,77.7879,78.0541,63.8428,7.5754,5.6289
MARKET_003,1 w/e 10/04/25,MFR_002,CAT_001,TM_005,BRAND_010,77935.5911,19854.5037,6070.21,3.9253,83.8334,141.9592,69.0047,17.5793,5.3746
MARKET_003,1 w/e 10/04/25,MFR_002,CAT_001,TM_005,BRAND_008,44015.301,6089.1464,4205.5684,7.2285,22.777,24.3327,143.4388,19.8436,13.7053
MARKET_004,1 w/e 10/04/25,MFR_001,CAT_001,TM_001,BRAND_011,1359.2501,178.0001,115.0365,7.6362,55.3902,61.4546,14.0267,1.8369,1.1871
MARKET_004,1 w/e 10/04/25,MFR_001,CAT_001,TM_002,BRAND_012,1875.52,226.0001,169.5,8.2988,62.4895,62.4895,17.1555,2.0672,1.5504
MARKET_004,1 w/e 10/04/25,MFR_001,CAT_001,TM_003,BRAND_015,711.38,117.0001,60.6251,6.0802,27.3795,27.3795,14.8513,2.4426,1.2657
MARKET_004,1 w/e 10/04/25,MFR_001,CAT_001,TM_003,BRAND_004,1027.62,204.0001,79.375,5.0374,20.1628,21.8776,29.132,5.7832,2.2502
MARKET_004,1 w/e 10/04/25,MFR_001,CAT_001,TM_003,BRAND_005,442.16,54.0,40.5,8.1881,11.74,11.74,21.5278,2.6291,1.9719
MARKET_004,1 w/e 10/04/25,MFR_001,CAT_001,TM_003,BRAND_014,420.96,51.0001,38.25,8.2541,16.0151,16.0151,15.0245,1.8202,1.3652
MARKET_004,1 w/e 10/04/25,MFR_002,CAT_001,TM_004,BRAND_007,2365.81,351.0,263.2501,6.7402,6.2025,6.2025,218.0229,32.3467,24.26
MARKET_004,1 w/e 10/04/25,MFR_002,CAT_001,TM_004,BRAND_009,5302.55,641.324,480.3473,8.2681,95.1448,95.4437,31.8558,3.8528,2.8858
MARKET_004,1 w/e 10/04/25,MFR_002,CAT_001,TM_005,BRAND_010,3258.01,573.0001,341.9167,5.6859,85.5809,96.6594,21.7603,3.8271,2.2837
MARKET_004,1 w/e 10/04/25,MFR_002,CAT_001,TM_005,BRAND_008,1481.16,205.0,153.75,7.2252,7.3171,7.3171,115.7048,16.0141,12.0106
MARKET_005,1 w/e 10/04/25,MFR_001,CAT_001,TM_001,BRAND_011,12673.38,2072.0001,1125.5208,6.1165,93.5404,134.2192,16.3327,2.6703,1.4505
MARKET_005,1 w/e 10/04/25,MFR_001,CAT_001,TM_002,BRAND_012,16110.35,2176.0001,1560.9582,7.4037,87.5299,92.7201,22.1878,2.9969,2.1498
MARKET_005,1 w/e 10/04/25,MFR_001,CAT_001,TM_003,BRAND_015,7855.4501,1049.0001,749.2916,7.4885,57.7555,59.6717,16.3962,2.1895,1.564
MARKET_005,1 w/e 10/04/25,MFR_001,CAT_001,TM_003,BRAND_004,51957.92,14762.0,3612.7708,3.5197,98.7822,170.4234,63.4072,18.0149,4.4089
MARKET_005,1 w/e 10/04/25,MFR_001,CAT_001,TM_003,BRAND_013,208.3,27.0,19.6042,7.7148,0.9337,0.9337,26.8948,3.4861,2.5312
MARKET_005,1 w/e 10/04/25,MFR_001,CAT_001,TM_003,BRAND_005,21847.9,2860.0,2145.0001,7.6391,91.9165,91.9165,28.6538,3.7509,2.8132
MARKET_005,1 w/e 10/04/25,MFR_001,CAT_001,TM_003,BRAND_014,4457.07,570.0001,427.5,7.8194,40.1403,40.1403,13.3855,1.7118,1.2839
MARKET_005,1 w/e 10/04/25,MFR_002,CAT_001,TM_004,BRAND_007,22877.42,3410.0,2538.1251,6.7089,16.1992,16.9049,170.2464,25.3761,18.8879
MARKET_005,1 w/e 10/04/25,MFR_002,CAT_001,TM_004,BRAND_009,38018.26,4997.6374,3748.228,7.6072,97.6461,97.6461,46.9357,6.1699,4.6274
MARKET_005,1 w/e 10/04/25,MFR_002,CAT_001,TM_005,BRAND_010,40152.15,9652.0,3511.25,4.16,99.3111,168.0798,48.739,11.7162,4.2622
MARKET_005,1 w/e 10/04/25,MFR_002,CAT_001,TM_005,BRAND_008,19690.48,2958.0001,2194.6043,6.6567,22.2508,23.7726,106.6782,16.0257,11.8898
MARKET_001,1 w/e 10/05/24,MFR_001,CAT_001,TM_001,BRAND_001,12925.0158,3417.5705,961.1146,3.7819,13.8914,17.1792,31.1696,8.2417,2.3178
MARKET_001,1 w/e 10/05/24,MFR_001,CAT_001,TM_002,BRAND_002,3204.154,1390.149,158.9674,2.3049,2.0716,2.1419,51.8151,22.4804,2.5707
MARKET_001,1 w/e 10/05/24,MFR_001,CAT_001,TM_002,BRAND_003,339588.2437,127005.5661,15915.7362,2.6738,79.0892,138.9117,143.8408,53.7963,6.7415
MARKET_001,1 w/e 10/05/24,MFR_001,CAT_001,TM_003,BRAND_004,145974.1152,47751.619,8941.8146,3.0569,46.3956,56.8788,105.4011,34.4792,6.4565
MARKET_001,1 w/e 10/05/24,MFR_001,CAT_001,TM_003,BRAND_005,20244.192,3194.9649,2396.2236,6.3363,15.5154,15.5154,43.7102,6.8984,5.1738
MARKET_001,1 w/e 10/05/24,MFR_002,CAT_001,TM_004,BRAND_007,54815.0798,9265.1288,6367.3195,5.9163,3.8909,3.9467,471.953,79.7719,54.8221
MARKET_001,1 w/e 10/05/24,MFR_002,CAT_001,TM_005,BRAND_008,48106.3806,10344.6,4853.7431,4.6504,8.9215,9.6951,180.6381,38.8437,18.2257
MARKET_002,1 w/e 10/05/24,MFR_001,CAT_001,TM_001,BRAND_001,4729.3668,2025.777,227.2908,2.3346,11.3826,12.8339,119.5571,51.2111,5.7459
MARKET_002,1 w/e 10/05/24,MFR_001,CAT_001,TM_002,BRAND_002,2708.4315,1209.738,117.6833,2.2389,7.1517,7.2866,108.9737,48.6738,4.735
MARKET_002,1 w/e 10/05/24,MFR_001,CAT_001,TM_002,BRAND_003,108197.8888,46050.522,4503.5394,2.3495,65.1021,83.5669,478.2316,203.542,19.9055
MARKET_002,1 w/e 10/05/24,MFR_001,CAT_001,TM_003,BRAND_004,69656.9896,26815.0191,2795.1478,2.5977,46.3703,49.7401,432.2548,166.3999,17.3452
MARKET_002,1 w/e 10/05/24,MFR_001,CAT_001,TM_003,BRAND_005,35.7801,4.0,3.0,8.945,0.0346,0.0346,297.4231,33.2502,24.9377
MARKET_002,1 w/e 10/05/24,MFR_002,CAT_001,TM_004,BRAND_007,1545.2797,606.467,64.4653,2.548,1.3898,1.3898,319.9535,125.5703,13.3477
MARKET_002,1 w/e 10/05/24,MFR_002,CAT_001,TM_005,BRAND_008,7927.0973,3050.0,334.0417,2.599,8.1764,8.1885,278.9758,107.3377,11.7558
MARKET_003,1 w/e 10/05/24,MFR_001,CAT_001,TM_001,BRAND_001,5374.1791,955.4641,483.6672,5.6247,14.9004,18.6003,26.9686,4.7947,2.4271
MARKET_003,1 w/e 10/05/24,MFR_001,CAT_001,TM_002,BRAND_002,368.4526,132.4111,34.9926,2.7826,1.3019,1.4238,21.1612,7.6047,2.0097
MARKET_003,1 w/e 10/05/24,MFR_001,CAT_001,TM_002,BRAND_003,133869.3249,50142.044,6279.301,2.6698,83.237,159.0137,120.2567,45.0433,5.6408
MARKET_003,1 w/e 10/05/24,MFR_001,CAT_001,TM_003,BRAND_004,43409.4456,9775.2677,4180.209,4.4407,48.0561,58.6986,67.543,15.2098,6.5042
MARKET_003,1 w/e 10/05/24,MFR_001,CAT_001,TM_003,BRAND_005,16606.872,2700.9649,2025.7237,6.1485,25.2666,25.2666,49.1458,7.9931,5.9949
MARKET_003,1 w/e 10/05/24,MFR_002,CAT_001,TM_004,BRAND_007,38996.5603,6514.6618,4747.1666,5.986,4.8596,4.9815,600.0246,100.2385,73.0428
MARKET_003,1 w/e 10/05/24,MFR_002,CAT_001,TM_005,BRAND_008,27983.4935,5214.6,3178.6388,5.3664,10.2626,11.2606,203.8875,37.9935,23.1595
MARKET_004,1 w/e 10/05/24,MFR_001,CAT_001,TM_001,BRAND_001,540.31,82.0,43.2656,6.5891,23.6463,26.5783,13.1559,1.9966,1.0535
MARKET_004,1 w/e 10/05/24,MFR_001,CAT_001,TM_002,BRAND_003,20677.79,4747.0001,1196.7708,4.356,92.564,173.2386,128.6183,29.5269,7.4441
MARKET_004,1 w/e 10/05/24,MFR_001,CAT_001,TM_003,BRAND_004,2362.08,593.0001,174.6666,3.9833,33.7857,42.0625,40.2534,10.1056,2.9766
MARKET_004,1 w/e 10/05/24,MFR_001,CAT_001,TM_003,BRAND_005,490.8301,63.0,47.2501,7.791,13.0292,13.0292,21.6897,2.784,2.088
MARKET_004,1 w/e 10/05/24,MFR_002,CAT_001,TM_004,BRAND_007,1476.7201,231.0001,173.25,6.3927,2.5129,2.5129,338.348,52.927,39.6953
MARKET_004,1 w/e 10/05/24,MFR_002,CAT_001,TM_005,BRAND_008,1605.7001,241.0,179.4582,6.6627,4.5125,4.5125,204.8766,30.75,22.8977
MARKET_005,1 w/e 10/05/24,MFR_001,CAT_001,TM_001,BRAND_001,2224.46,338.0,200.3885,6.5812,24.78,33.0048,10.8503,1.6487,0.9774
MARKET_005,1 w/e 10/05/24,MFR_001,CAT_001,TM_002,BRAND_002,46.4001,18.0,2.5209,2.5778,2.1133,2.1133,2.6538,1.0295,0.1442
MARKET_005,1 w/e 10/05/24,MFR_001,CAT_001,TM_002,BRAND_003,61405.0401,18931.0001,3383.1042,3.2436,90.561,161.4948,81.9563,25.2669,4.5154
MARKET_005,1 w/e 10/05/24,MFR_001,CAT_001,TM_003,BRAND_004,19073.6,6334.0001,1232.8854,3.0113,56.8736,78.4017,40.5361,13.4613,2.6202
MARKET_005,1 w/e 10/05/24,MFR_001,CAT_001,TM_003,BRAND_005,3112.5701,421.0,315.7501,7.3933,15.2578,15.2578,24.6574,3.3351,2.5013
MARKET_005,1 w/e 10/05/24,MFR_002,CAT_001,TM_004,BRAND_007,12035.0201,1751.0,1311.9582,6.8732,5.2715,5.2715,275.9509,40.1487,30.0819
MARKET_005,1 w/e 10/05/24,MFR_002,CAT_001,TM_005,BRAND_008,9712.46,1723.0,1068.1458,5.6369,10.9161,12.352,107.5423,19.0781,11.8272
MARKET_001,1 w/e 10/11/25,MFR_001,CAT_001,TM_001,BRAND_011,38276.3808,6639.1402,3550.4988,5.7653,56.4573,64.2112,22.8413,3.9619,2.1188
MARKET_001,1 w/e 10/11/25,MFR_001,CAT_001,TM_001,BRAND_001,2089.1014,661.435,161.0871,3.1584,0.4063,0.471,173.2429,54.8508,13.3585
MARKET_001,1 w/e 10/11/25,MFR_001,CAT_001,TM_002,BRAND_012,44867.4909,6814.4755,4450.4423,6.5841,53.1881,53.8014,28.4202,4.3165,2.819
MARKET_001,1 w/e 10/11/25,MFR_001,CAT_001,TM_002,BRAND_002,536.0769,232.028,24.0654,2.3104,0.1605,0.1719,112.5148,48.6993,5.051
MARKET_001,1 w/e 10/11/25,MFR_001,CAT_001,TM_002,BRAND_003,495.8049,179.5961,22.9782,2.7607,0.1367,0.2424,122.2278,44.2747,5.6647
MARKET_001,1 w/e 10/11/25,MFR_001,CAT_001,TM_003,BRAND_015,24770.9848,4437.0741,2104.1349,5.5827,31.2265,32.4388,26.7257,4.7872,2.2702
MARKET_001,1 w/e 10/11/25,MFR_001,CAT_001,TM_003,BRAND_004,192758.9888,56996.2858,12119.6568,3.382,69.8208,93.9807,93.0122,27.5025,5.8481
MARKET_001,1 w/e 10/11/25,MFR_001,CAT_001,TM_003,BRAND_013,7.9801,1.0001,0.75,7.98,0.0721,0.0721,3.7269,0.467,0.3503
MARKET_001,1 w/e 10/11/25,MFR_001,CAT_001,TM_003,BRAND_005,59745.4819,8495.8695,6371.902,7.0323,53.0342,53.0342,37.9542,5.3971,4.0478
MARKET_001,1 w/e 10/11/25,MFR_001,CAT_001,TM_003,BRAND_014,6209.5506,804.772,603.579,7.7159,13.1534,13.1534,15.905,2.0613,1.546
MARKET_001,1 w/e 10/11/25,MFR_002,CAT_001,TM_004,BRAND_007,94996.8735,14413.7819,10112.6931,6.5907,14.5671,14.9632,219.7077,33.336,23.3885
MARKET_001,1 w/e 10/11/25,MFR_002,CAT_001,TM_004,BRAND_009,102467.5124,12372.05,9221.266,8.2822,64.1602,64.1601,53.8061,6.4966,4.8421
MARKET_001,1 w/e 10/11/25,MFR_002,CAT_001,TM_005,BRAND_010,194714.0386,55798.1354,13287.5339,3.4896,79.3099,124.8507,82.7143,23.703,5.6445
MARKET_001,1 w/e 10/11/25,MFR_002,CAT_001,TM_005,BRAND_008,77406.914,12685.5498,7412.8674,6.102,19.018,19.6425,137.128,22.4727,13.1321
MARKET_002,1 w/e 10/11/25,MFR_001,CAT_001,TM_001,BRAND_011,4204.2455,1660.827,174.9403,2.5314,8.7669,8.8141,138.2248,54.6037,5.7516
MARKET_002,1 w/e 10/11/25,MFR_001,CAT_001,TM_001,BRAND_001,1875.4021,625.759,134.33,2.997,2.5966,3.1501,208.1791,69.4624,14.9113
MARKET_002,1 w/e 10/11/25,MFR_001,CAT_001,TM_002,BRAND_012,2383.8368,840.883,88.8836,2.8349,1.7262,1.7262,398.0492,140.4093,14.8416
MARKET_002,1 w/e 10/11/25,MFR_001,CAT_001,TM_002,BRAND_002,536.0769,232.028,24.0654,2.3104,1.3733,1.4709,112.5148,48.6993,5.051
MARKET_002,1 w/e 10/11/25,MFR_001,CAT_001,TM_002,BRAND_003,56.99,25.0,2.2293,2.2796,0.29,0.315,56.6332,24.8435,2.2152
MARKET_002,1 w/e 10/11/25,MFR_001,CAT_001,TM_003,BRAND_015,5106.0156,1451.212,236.6608,3.5184,7.9306,7.9531,185.5748,52.7433,8.6013
MARKET_002,1 w/e 10/11/25,MFR_001,CAT_001,TM_003,BRAND_004,76100.6258,28394.6661,2986.2366,2.6801,53.1411,55.143,412.7628,154.0101,16.1971
MARKET_002,1 w/e 10/11/25,MFR_001,CAT_001,TM_003,BRAND_005,6.6701,1.0001,0.75,6.67,0.0234,0.0234,82.2441,12.3305,9.2478
MARKET_002,1 w/e 10/11/25,MFR_001,CAT_001,TM_003,BRAND_014,6.66,1.0001,0.75,6.66,0.0249,0.0249,77.0833,11.5741,8.6806
MARKET_002,1 w/e 10/11/25,MFR_002,CAT_001,TM_004,BRAND_007,2623.4596,971.7261,101.8673,2.6998,1.6524,1.6524,457.6068,169.4969,17.7686
MARKET_002,1 w/e 10/11/25,MFR_002,CAT_001,TM_004,BRAND_009,242.2601,29.0001,15.8125,8.3538,0.3014,0.3014,231.6947,27.7353,15.1229
MARKET_002,1 w/e 10/11/25,MFR_002,CAT_001,TM_005,BRAND_010,60813.8268,23080.192,2435.1866,2.6349,60.2037,60.5742,291.1534,110.4992,11.6587
MARKET_002,1 w/e 10/11/25,MFR_002,CAT_001,TM_005,BRAND_008,7952.0111,2880.5131,312.3243,2.7606,5.3164,5.3435,431.1225,156.1685,16.9328
MARKET_003,1 w/e 10/11/25,MFR_001,CAT_001,TM_001,BRAND_011,20520.5052,2895.6468,2099.6368,7.0867,61.8684,63.8608,24.6195,3.4741,2.519
MARKET_003,1 w/e 10/11/25,MFR_001,CAT_001,TM_001,BRAND_001,213.6993,35.676,26.757,5.99,0.2264,0.2264,70.0607,11.6963,8.7722
MARKET_003,1 w/e 10/11/25,MFR_001,CAT_001,TM_002,BRAND_012,27686.4339,3925.5925,2878.517,7.0528,61.099,61.835,33.6351,4.769,3.497
MARKET_003,1 w/e 10/11/25,MFR_001,CAT_001,TM_002,BRAND_003,438.8148,154.596,20.7491,2.8385,0.2264,0.4528,143.8643,50.6839,6.8025
MARKET_003,1 w/e 10/11/25,MFR_001,CAT_001,TM_003,BRAND_015,9396.0292,1496.2,936.2275,6.2799,29.0248,30.6052,24.0289,3.8263,2.3943
MARKET_003,1 w/e 10/11/25,MFR_001,CAT_001,TM_003,BRAND_004,54580.4028,10724.2866,5037.0453,5.0894,73.0761,86.8774,55.4397,10.8931,5.1164
MARKET_003,1 w/e 10/11/25,MFR_001,CAT_001,TM_003,BRAND_005,39052.1318,5715.8695,4286.902,6.8322,66.1176,66.1175,43.8417,6.4169,4.8127
MARKET_003,1 w/e 10/11/25,MFR_001,CAT_001,TM_003,BRAND_014,2904.0106,390.1085,292.5814,7.4441,10.3558,10.3558,20.8148,2.7961,2.0971
MARKET_003,1 w/e 10/11/25,MFR_002,CAT_001,TM_004,BRAND_007,67356.9638,9807.0559,7305.2424,6.8682,19.191,19.8621,260.5221,37.9316,28.2551
MARKET_003,1 w/e 10/11/25,MFR_002,CAT_001,TM_004,BRAND_009,66683.3124,7691.4057,5720.5952,8.6698,77.1001,77.1001,64.1981,7.4048,5.5074
MARKET_003,1 w/e 10/11/25,MFR_002,CAT_001,TM_005,BRAND_010,82279.1219,19803.9434,6588.6178,4.1547,84.7319,144.3858,72.078,17.3486,5.7718
MARKET_003,1 w/e 10/11/25,MFR_002,CAT_001,TM_005,BRAND_008,51023.4731,7123.0368,5134.8972,7.1632,24.2223,25.1297,156.3563,21.8278,15.7354
MARKET_004,1 w/e 10/11/25,MFR_001,CAT_001,TM_001,BRAND_011,1141.17,147.0001,99.1875,7.7631,52.7245,58.1827,12.3716,1.5937,1.0753
MARKET_004,1 w/e 10/11/25,MFR_001,CAT_001,TM_002,BRAND_012,1891.09,227.0001,170.25,8.3308,65.3381,65.3381,16.5438,1.9859,1.4894
MARKET_004,1 w/e 10/11/25,MFR_001,CAT_001,TM_003,BRAND_015,638.32,88.0001,56.3125,7.2536,27.7269,28.6655,13.1591,1.8141,1.1609
MARKET_004,1 w/e 10/11/25,MFR_001,CAT_001,TM_003,BRAND_004,659.73,128.0,50.7916,5.1541,18.3269,20.2787,20.5763,3.9922,1.5841
MARKET_004,1 w/e 10/11/25,MFR_001,CAT_001,TM_003,BRAND_005,507.04,62.0001,46.5,8.1781,13.4417,13.4417,21.5613,2.6365,1.9774
MARKET_004,1 w/e 10/11/25,MFR_001,CAT_001,TM_003,BRAND_014,223.67,27.0,20.2501,8.2841,8.871,8.871,14.412,1.7397,1.3048
MARKET_004,1 w/e 10/11/25,MFR_002,CAT_001,TM_004,BRAND_007,2455.3301,298.0,223.5,8.2394,5.4517,5.4517,257.4342,31.2444,23.4333
MARKET_004,1 w/e 10/11/25,MFR_002,CAT_001,TM_004,BRAND_009,3253.05,401.0,300.7501,8.1123,83.5466,83.5466,22.2562,2.7435,2.0576
MARKET_004,1 w/e 10/11/25,MFR_002,CAT_001,TM_005,BRAND_010,2421.4801,403.0,208.6042,6.0086,76.9138,83.885,17.9956,2.9949,1.5503
MARKET_004,1 w/e 10/11/25,MFR_002,CAT_001,TM_005,BRAND_008,1185.9101,145.0001,107.4583,8.1787,7.337,7.448,92.3894,11.2964,8.3716
MARKET_005,1 w/e 10/11/25,MFR_001,CAT_001,TM_001,BRAND_011,13085.85,2114.0001,1244.5156,6.1901,95.2066,128.5827,16.5692,2.6767,1.5758
MARKET_005,1 w/e 10/11/25,MFR_001,CAT_001,TM_002,BRAND_012,14096.0601,1981.0001,1446.3542,7.1156,84.3108,87.7627,20.1549,2.8325,2.068
MARKET_005,1 w/e 10/11/25,MFR_001,CAT_001,TM_003,BRAND_015,8517.2501,1102.0,805.8333,7.7289,57.5924,59.497,17.8279,2.3067,1.6867
MARKET_005,1 w/e 10/11/25,MFR_001,CAT_001,TM_003,BRAND_004,48176.1,12518.0001,3484.2916,3.8485,98.6566,168.6113,58.8669,15.2959,4.2575
MARKET_005,1 w/e 10/11/25,MFR_001,CAT_001,TM_003,BRAND_013,190.08,24.0001,18.0,7.92,0.6192,0.6192,37.0065,4.6725,3.5044
MARKET_005,1 w/e 10/11/25,MFR_001,CAT_001,TM_003,BRAND_005,21446.22,2746.0,2059.5,7.81,90.122,90.122,28.687,3.6731,2.7548
MARKET_005,1 w/e 10/11/25,MFR_001,CAT_001,TM_003,BRAND_014,2908.7401,368.0,276.0,7.9042,30.1186,30.1186,11.6422,1.4729,1.1047
MARKET_005,1 w/e 10/11/25,MFR_002,CAT_001,TM_004,BRAND_007,24630.09,3649.0,2717.375,6.7498,20.3889,21.1981,145.626,21.5748,16.0665
MARKET_005,1 w/e 10/11/25,MFR_002,CAT_001,TM_004,BRAND_009,36174.13,4843.981,3632.9859,7.4679,97.0155,97.0155,44.9493,6.019,4.5143
MARKET_005,1 w/e 10/11/25,MFR_002,CAT_001,TM_005,BRAND_010,41187.18,9777.0001,3564.3125,4.2127,99.1297,168.7035,50.0869,11.8896,4.3345
MARKET_005,1 w/e 10/11/25,MFR_002,CAT_001,TM_005,BRAND_008,18698.5201,2743.0,2035.2916,6.8168,26.2375,27.3047,85.9114,12.6029,9.3513
MARKET_001,1 w/e 10/12/24,MFR_001,CAT_001,TM_001,BRAND_001,9635.6311,2652.7066,759.8042,3.6324,9.9848,11.8406,32.3288,8.9002,2.5492
MARKET_001,1 w/e 10/12/24,MFR_001,CAT_001,TM_002,BRAND_002,1919.815,817.9361,97.2772,2.3471,1.6616,1.7311,38.7056,16.4905,1.9612
MARKET_001,1 w/e 10/12/24,MFR_001,CAT_001,TM_002,BRAND_003,288811.8988,106943.5506,13540.4416,2.7006,78.1681,134.1339,123.7754,45.8325,5.803
MARKET_001,1 w/e 10/12/24,MFR_001,CAT_001,TM_003,BRAND_004,147909.6545,48340.0493,8753.7946,3.0598,49.5544,61.1835,99.9916,32.6794,5.9178
MARKET_001,1 w/e 10/12/24,MFR_001,CAT_001,TM_003,BRAND_005,22818.3852,3243.7218,2432.7914,7.0346,20.3318,20.3318,37.5975,5.3446,4.0085
MARKET_001,1 w/e 10/12/24,MFR_002,CAT_001,TM_004,BRAND_007,149813.1764,21609.1111,15511.5942,6.9329,5.5368,5.5925,906.4342,130.7444,93.8518
MARKET_001,1 w/e 10/12/24,MFR_002,CAT_001,TM_005,BRAND_008,58449.6668,11246.4727,5569.1646,5.1972,9.1062,9.8225,215.0275,41.3741,20.4881
MARKET_002,1 w/e 10/12/24,MFR_001,CAT_001,TM_001,BRAND_001,3671.0461,1546.1806,192.7702,2.3743,7.808,9.2782,135.2673,56.9722,7.103
MARKET_002,1 w/e 10/12/24,MFR_001,CAT_001,TM_002,BRAND_002,1478.5926,662.5251,58.4306,2.2318,4.9367,5.0547,86.1711,38.6114,3.4053
MARKET_002,1 w/e 10/12/24,MFR_001,CAT_001,TM_002,BRAND_003,104712.1885,45032.789,4381.7331,2.3252,64.6084,82.9419,466.288,200.533,19.512
MARKET_002,1 w/e 10/12/24,MFR_001,CAT_001,TM_003,BRAND_004,73737.2216,28702.318,2970.0972,2.569,47.7223,54.9378,444.5402,173.0379,17.9059
MARKET_002,1 w/e 10/12/24,MFR_001,CAT_001,TM_003,BRAND_005,19.98,2.0,1.5001,9.99,0.0377,0.0377,152.5191,15.2672,11.4504
MARKET_002,1 w/e 10/12/24,MFR_002,CAT_001,TM_004,BRAND_007,2053.6239,801.5371,83.4934,2.5621,1.2906,1.2906,457.8055,178.6832,18.6128
MARKET_002,1 w/e 10/12/24,MFR_002,CAT_001,TM_005,BRAND_008,11583.4834,3479.315,573.9332,3.3292,8.313,8.328,400.8916,120.4153,19.8632
MARKET_003,1 w/e 10/12/24,MFR_001,CAT_001,TM_001,BRAND_001,3383.0648,702.2009,321.3285,4.8178,10.2391,12.3074,24.7056,5.128,2.3466
MARKET_003,1 w/e 10/12/24,MFR_001,CAT_001,TM_002,BRAND_002,307.5726,108.411,32.0134,2.8371,1.1559,1.2778,19.8965,7.013,2.0709
MARKET_003,1 w/e 10/12/24,MFR_001,CAT_001,TM_002,BRAND_003,93820.2904,34758.7616,4315.6824,2.6992,80.5487,148.9697,87.0929,32.2664,4.0062
MARKET_003,1 w/e 10/12/24,MFR_001,CAT_001,TM_003,BRAND_004,43240.1129,9234.0658,3903.7816,4.6827,54.6569,67.108,59.1544,12.6326,5.3405
MARKET_003,1 w/e 10/12/24,MFR_001,CAT_001,TM_003,BRAND_005,19505.3353,2792.7218,2094.5414,6.9843,34.4322,34.4322,42.3578,6.0647,4.5485
MARKET_003,1 w/e 10/12/24,MFR_002,CAT_001,TM_004,BRAND_007,97640.5527,14132.5741,10463.1842,6.9089,6.3602,6.4821,1147.9021,166.1483,123.0095
MARKET_003,1 w/e 10/12/24,MFR_002,CAT_001,TM_005,BRAND_008,24648.3034,4496.1576,2663.398,5.4821,9.6307,10.5189,191.3696,34.9082,20.6786
MARKET_004,1 w/e 10/12/24,MFR_001,CAT_001,TM_001,BRAND_001,518.1,74.0,39.6875,7.0014,16.7247,19.1023,17.8359,2.5475,1.3663
MARKET_004,1 w/e 10/12/24,MFR_001,CAT_001,TM_002,BRAND_003,17094.6801,3841.0,997.328,4.4506,89.0704,151.351,110.5016,24.8286,6.4468
MARKET_004,1 w/e 10/12/24,MFR_001,CAT_001,TM_003,BRAND_004,2288.19,558.0,170.9167,4.1007,34.4752,44.7366,38.2143,9.319,2.8544
MARKET_004,1 w/e 10/12/24,MFR_001,CAT_001,TM_003,BRAND_005,670.4301,85.0,63.7501,7.8874,16.4241,16.4241,23.5024,2.9797,2.2348
MARKET_004,1 w/e 10/12/24,MFR_002,CAT_001,TM_004,BRAND_007,2713.7601,360.0001,270.0,7.5382,2.5307,2.5307,617.4091,81.9038,61.4279
MARKET_004,1 w/e 10/12/24,MFR_002,CAT_001,TM_005,BRAND_008,2322.88,311.0,228.0833,7.4691,5.8997,5.8997,226.6932,30.3509,22.259
MARKET_005,1 w/e 10/12/24,MFR_001,CAT_001,TM_001,BRAND_001,1750.6001,272.0001,170.6666,6.436,21.3642,26.4569,9.9042,1.5389,0.9656
MARKET_005,1 w/e 10/12/24,MFR_001,CAT_001,TM_002,BRAND_002,31.92,14.0,1.4583,2.28,1.7075,1.7075,2.2595,0.991,0.1032
MARKET_005,1 w/e 10/12/24,MFR_001,CAT_001,TM_002,BRAND_003,57219.62,16240.0,3252.2136,3.5234,91.0818,160.9056,75.9334,21.5513,4.3159
MARKET_005,1 w/e 10/12/24,MFR_001,CAT_001,TM_003,BRAND_004,17761.22,5795.0,1213.9948,3.0649,57.2657,77.3719,37.4885,12.2315,2.5624
MARKET_005,1 w/e 10/12/24,MFR_001,CAT_001,TM_003,BRAND_005,2897.46,416.0,312.0001,6.965,18.1186,18.1186,19.3291,2.7752,2.0814
MARKET_005,1 w/e 10/12/24,MFR_002,CAT_001,TM_004,BRAND_007,47146.2201,6232.0,4672.7083,7.5652,8.8685,8.8685,642.5642,84.937,63.6852
MARKET_005,1 w/e 10/12/24,MFR_002,CAT_001,TM_005,BRAND_008,18959.0801,2859.0001,1987.3125,6.6314,11.5471,12.9829,198.4556,29.9268,20.8023
MARKET_001,1 w/e 10/18/25,MFR_001,CAT_001,TM_001,BRAND_011,36873.7775,6123.6999,3489.2576,6.0215,54.6467,59.3513,22.7182,3.7729,2.1498
MARKET_001,1 w/e 10/18/25,MFR_001,CAT_001,TM_001,BRAND_001,2074.2128,654.211,159.6139,3.1706,0.4046,0.4677,172.5994,54.4382,13.2818
MARKET_001,1 w/e 10/18/25,MFR_001,CAT_001,TM_001,BRAND_016,2.5001,1.0001,0.1043,2.5,0.0011,0.0011,77.3994,30.9598,3.226
MARKET_001,1 w/e 10/18/25,MFR_001,CAT_001,TM_002,BRAND_012,37649.0778,5613.4972,3824.953,6.7069,46.5719,46.7984,27.2177,4.0582,2.7652
MARKET_001,1 w/e 10/18/25,MFR_001,CAT_001,TM_002,BRAND_002,574.5068,247.028,26.1904,2.3257,0.1842,0.1956,105.0152,45.1547,4.7874
MARKET_001,1 w/e 10/18/25,MFR_001,CAT_001,TM_002,BRAND_003,644.3549,234.596,28.6657,2.7467,0.2148,0.3251,100.9992,36.7717,4.4932
MARKET_001,1 w/e 10/18/25,MFR_001,CAT_001,TM_003,BRAND_015,19156.5085,3395.6652,1642.03,5.6415,27.3376,28.467,23.5926,4.182,2.0223
MARKET_001,1 w/e 10/18/25,MFR_001,CAT_001,TM_003,BRAND_004,175778.9678,50805.0029,11303.6258,3.4599,69.5867,92.2504,85.0473,24.581,5.469
MARKET_001,1 w/e 10/18/25,MFR_001,CAT_001,TM_003,BRAND_005,58352.5084,8033.6156,6025.2118,7.2635,51.7539,51.7539,37.9609,5.2262,3.9197
MARKET_001,1 w/e 10/18/25,MFR_001,CAT_001,TM_003,BRAND_014,4161.2317,540.356,405.2671,7.7009,7.9401,7.9401,17.6448,2.2913,1.7184
MARKET_001,1 w/e 10/18/25,MFR_002,CAT_001,TM_004,BRAND_007,96845.4407,14334.6898,10148.976,6.756,15.3075,15.3978,213.0078,31.5286,22.3223
MARKET_001,1 w/e 10/18/25,MFR_002,CAT_001,TM_004,BRAND_009,101269.8555,12033.4998,8975.2129,8.4157,64.1493,64.1753,53.1507,6.3157,4.7106
MARKET_001,1 w/e 10/18/25,MFR_002,CAT_001,TM_005,BRAND_010,180561.3692,51980.5104,12311.6498,3.4736,77.4678,122.034,78.4737,22.5912,5.3508
MARKET_001,1 w/e 10/18/25,MFR_002,CAT_001,TM_005,BRAND_008,75689.9661,12142.8817,7325.7278,6.2333,20.2728,20.6892,125.7025,20.1663,12.1662
MARKET_002,1 w/e 10/18/25,MFR_001,CAT_001,TM_001,BRAND_011,3815.1281,1377.6171,144.7934,2.7694,5.6097,5.6097,196.0659,70.7981,7.4412
MARKET_002,1 w/e 10/18/25,MFR_001,CAT_001,TM_001,BRAND_001,1860.5136,618.535,132.8569,3.0079,2.5852,3.1252,207.4753,68.976,14.8155
MARKET_002,1 w/e 10/18/25,MFR_001,CAT_001,TM_002,BRAND_012,1286.7517,455.914,47.491,2.8224,2.1359,2.1359,173.6812,61.5377,6.4102
MARKET_002,1 w/e 10/18/25,MFR_001,CAT_001,TM_002,BRAND_002,574.5068,247.028,26.1904,2.3257,1.5772,1.6748,105.0152,45.1547,4.7874
MARKET_002,1 w/e 10/18/25,MFR_001,CAT_001,TM_002,BRAND_003,205.54,80.0,7.9166,2.5693,0.9599,1.0252,61.7311,24.0269,2.3777
MARKET_002,1 w/e 10/18/25,MFR_001,CAT_001,TM_003,BRAND_015,3044.1199,1069.1821,137.8522,2.8471,5.1509,5.1867,170.3795,59.8422,7.7156
MARKET_002,1 w/e 10/18/25,MFR_001,CAT_001,TM_003,BRAND_004,69789.6212,25873.126,2751.41,2.6974,53.4527,54.6262,376.405,139.5447,14.8395
MARKET_002,1 w/e 10/18/25,MFR_001,CAT_001,TM_003,BRAND_005,8.5,1.0001,0.75,8.5,0.0222,0.0222,110.2464,12.9702,9.7276
MARKET_002,1 w/e 10/18/25,MFR_001,CAT_001,TM_003,BRAND_014,9.99,1.0001,0.75,9.99,0.0105,0.0105,273.6986,27.3973,20.5479
MARKET_002,1 w/e 10/18/25,MFR_002,CAT_001,TM_004,BRAND_007,2263.8254,851.7151,88.7203,2.658,1.6801,1.6801,388.4528,146.1469,15.2236
MARKET_002,1 w/e 10/18/25,MFR_002,CAT_001,TM_004,BRAND_009,132.5001,18.0,8.2501,7.3611,0.1687,0.1687,226.4183,30.7587,14.0977
MARKET_002,1 w/e 10/18/25,MFR_002,CAT_001,TM_005,BRAND_010,58313.4027,22096.563,2372.4461,2.639,58.8512,59.3917,285.659,108.2441,11.6219
MARKET_002,1 w/e 10/18/25,MFR_002,CAT_001,TM_005,BRAND_008,6527.2222,2418.2841,259.6546,2.6991,4.9748,4.9748,378.2581,140.1416,15.0472
MARKET_003,1 w/e 10/18/25,MFR_001,CAT_001,TM_001,BRAND_011,20934.8194,2878.0838,2122.8346,7.2739,61.194,62.7705,25.3934,3.491,2.5749
MARKET_003,1 w/e 10/18/25,MFR_001,CAT_001,TM_001,BRAND_001,213.6993,35.676,26.757,5.99,0.2264,0.2264,70.0607,11.6963,8.7722
MARKET_003,1 w/e 10/18/25,MFR_001,CAT_001,TM_002,BRAND_012,23546.0663,3319.4166,2440.8163,7.0934,53.1148,53.3474,32.9051,4.6388,3.411
MARKET_003,1 w/e 10/18/25,MFR_001,CAT_001,TM_002,BRAND_003,438.8148,154.596,20.7491,2.8385,0.2264,0.4528,143.8643,50.6839,6.8025
MARKET_003,1 w/e 10/18/25,MFR_001,CAT_001,TM_003,BRAND_015,8950.7286,1316.4866,851.9512,6.799,25.9592,27.0538,25.5934,3.7643,2.436
MARKET_003,1 w/e 10/18/25,MFR_001,CAT_001,TM_003,BRAND_004,52762.7265,9969.8768,4904.4033,5.2922,73.4991,87.5798,53.285,10.0686,4.953
MARKET_003,1 w/e 10/18/25,MFR_001,CAT_001,TM_003,BRAND_005,40123.6284,5603.6156,4202.7119,7.1603,64.6605,64.6604,46.0597,6.4326,4.8245
MARKET_003,1 w/e 10/18/25,MFR_001,CAT_001,TM_003,BRAND_014,2042.7216,280.0292,210.0218,7.2947,6.5376,6.5376,23.1925,3.1794,2.3845
MARKET_003,1 w/e 10/18/25,MFR_002,CAT_001,TM_004,BRAND_007,70993.9453,10112.9748,7545.6725,7.0201,18.7852,18.981,280.5209,39.9598,29.8155
MARKET_003,1 w/e 10/18/25,MFR_002,CAT_001,TM_004,BRAND_009,67110.0155,7602.8608,5659.421,8.8269,76.458,76.5155,65.1515,7.381,5.4943
MARKET_003,1 w/e 10/18/25,MFR_002,CAT_001,TM_005,BRAND_010,74287.1766,17722.9474,6040.6622,4.1916,81.7004,138.6701,67.4916,16.1017,5.4881
MARKET_003,1 w/e 10/18/25,MFR_002,CAT_001,TM_005,BRAND_008,48627.5139,6797.5977,4896.0106,7.1536,24.0187,24.788,150.2772,21.0071,15.1305
MARKET_004,1 w/e 10/18/25,MFR_001,CAT_001,TM_001,BRAND_011,1072.55,132.0,96.4844,8.1254,49.5051,51.9863,12.3839,1.5241,1.114
MARKET_004,1 w/e 10/18/25,MFR_001,CAT_001,TM_002,BRAND_012,1460.3101,178.1666,133.625,8.1963,57.1182,57.1182,14.6137,1.783,1.3372
MARKET_004,1 w/e 10/18/25,MFR_001,CAT_001,TM_003,BRAND_015,549.8801,80.0,47.7293,6.8735,23.2407,24.0292,13.5241,1.9676,1.1739
MARKET_004,1 w/e 10/18/25,MFR_001,CAT_001,TM_003,BRAND_004,576.54,108.0,46.7708,5.3383,15.9355,17.8873,20.6802,3.8739,1.6776
MARKET_004,1 w/e 10/18/25,MFR_001,CAT_001,TM_003,BRAND_005,350.6,43.0,32.25,8.1535,11.3609,11.3609,17.6396,2.1634,1.6226
MARKET_004,1 w/e 10/18/25,MFR_001,CAT_001,TM_003,BRAND_014,168.93,21.0,15.75,8.0443,7.3263,7.3263,13.1798,1.6384,1.2288
MARKET_004,1 w/e 10/18/25,MFR_002,CAT_001,TM_004,BRAND_007,2606.43,382.0,286.5001,6.8231,8.1791,8.1791,182.1494,26.6959,20.0219
MARKET_004,1 w/e 10/18/25,MFR_002,CAT_001,TM_004,BRAND_009,4733.68,574.9915,431.2436,8.2326,93.3282,93.3282,28.9918,3.5216,2.6412
MARKET_004,1 w/e 10/18/25,MFR_002,CAT_001,TM_005,BRAND_010,3114.51,571.0,323.625,5.4545,83.0181,93.9271,21.444,3.9314,2.2282
MARKET_004,1 w/e 10/18/25,MFR_002,CAT_001,TM_005,BRAND_008,1170.1801,160.0,120.0001,7.3136,8.0323,8.0323,83.2726,11.386,8.5395
MARKET_005,1 w/e 10/18/25,MFR_001,CAT_001,TM_001,BRAND_011,11754.6001,1950.0001,1185.1615,6.028,91.7184,114.4699,15.4496,2.563,1.5577
MARKET_005,1 w/e 10/18/25,MFR_001,CAT_001,TM_002,BRAND_012,12423.43,1825.0001,1321.6042,6.8074,74.4533,76.9033,20.1151,2.9549,2.1398
MARKET_005,1 w/e 10/18/25,MFR_001,CAT_001,TM_003,BRAND_015,6149.91,793.0001,579.8958,7.7552,51.7027,53.7609,14.3391,1.849,1.3521
MARKET_005,1 w/e 10/18/25,MFR_001,CAT_001,TM_003,BRAND_004,40497.52,10061.0001,2988.1042,4.0252,98.4804,163.8496,49.5729,12.3156,3.6577
MARKET_005,1 w/e 10/18/25,MFR_001,CAT_001,TM_003,BRAND_013,134.6401,17.0,12.75,7.92,0.6192,0.6192,26.2129,3.3097,2.4823
MARKET_005,1 w/e 10/18/25,MFR_001,CAT_001,TM_003,BRAND_005,19283.4601,2446.0001,1834.5,7.8837,89.3474,89.3474,26.0177,3.3002,2.4751
MARKET_005,1 w/e 10/18/25,MFR_001,CAT_001,TM_003,BRAND_014,1443.6601,181.0,135.7501,7.976,17.3445,17.3445,10.0339,1.258,0.9435
MARKET_005,1 w/e 10/18/25,MFR_002,CAT_001,TM_004,BRAND_007,23970.07,3445.0,2563.7293,6.9579,22.8864,23.163,126.2578,18.1459,13.504
MARKET_005,1 w/e 10/18/25,MFR_002,CAT_001,TM_004,BRAND_009,32915.45,4432.653,3324.4899,7.4257,96.5109,96.5109,41.1139,5.5367,4.1525
MARKET_005,1 w/e 10/18/25,MFR_002,CAT_001,TM_005,BRAND_010,37545.36,9159.0,3164.75,4.0993,97.6736,168.0025,46.3388,11.3041,3.906
MARKET_005,1 w/e 10/18/25,MFR_002,CAT_001,TM_005,BRAND_008,18068.9401,2562.0,1916.9793,7.0527,30.7406,31.3232,70.8575,10.0469,7.5175
MARKET_001,1 w/e 10/19/24,MFR_001,CAT_001,TM_001,BRAND_001,8926.7011,2716.3738,656.904,3.2863,8.6697,10.1331,34.498,10.4977,2.5387
MARKET_001,1 w/e 10/19/24,MFR_001,CAT_001,TM_002,BRAND_002,1672.7287,676.2921,87.4647,2.4734,1.1598,1.2257,48.3238,19.5375,2.5268
MARKET_001,1 w/e 10/19/24,MFR_001,CAT_001,TM_002,BRAND_003,233501.3225,84678.2784,11041.316,2.7575,75.675,125.2558,103.3819,37.491,4.8885
MARKET_001,1 w/e 10/19/24,MFR_001,CAT_001,TM_003,BRAND_004,126417.4021,39313.8706,8103.7153,3.2156,50.4887,59.7651,83.8919,26.0891,5.3777
MARKET_001,1 w/e 10/19/24,MFR_001,CAT_001,TM_003,BRAND_005,28335.0321,4143.1501,3107.3627,6.839,22.4303,22.4303,42.325,6.1888,4.6416
MARKET_001,1 w/e 10/19/24,MFR_002,CAT_001,TM_004,BRAND_007,179643.663,24722.0578,17761.066,7.2665,7.3672,7.4219,816.9899,112.4319,80.7744
MARKET_001,1 w/e 10/19/24,MFR_002,CAT_001,TM_005,BRAND_008,61388.6818,10605.8206,5841.7178,5.7882,10.4803,11.1006,196.2553,33.9061,18.6756
MARKET_002,1 w/e 10/19/24,MFR_001,CAT_001,TM_001,BRAND_001,4083.4718,1756.0201,206.2803,2.3254,8.6598,10.1184,135.6752,58.3446,6.8538
MARKET_002,1 w/e 10/19/24,MFR_001,CAT_001,TM_002,BRAND_002,1268.336,535.881,50.1387,2.3668,3.7523,3.8498,97.2546,41.0908,3.8446
MARKET_002,1 w/e 10/19/24,MFR_001,CAT_001,TM_002,BRAND_003,87926.2513,37411.9211,3632.5038,2.3502,64.1726,82.0129,394.227,167.7404,16.2867
MARKET_002,1 w/e 10/19/24,MFR_001,CAT_001,TM_003,BRAND_004,54943.4532,21893.1991,2269.3323,2.5096,45.1201,49.0142,350.3669,139.6099,14.4712
MARKET_002,1 w/e 10/19/24,MFR_001,CAT_001,TM_003,BRAND_005,9.99,1.0001,0.75,9.99,0.0305,0.0305,94.3343,9.4429,7.0822
MARKET_002,1 w/e 10/19/24,MFR_002,CAT_001,TM_004,BRAND_007,2562.0733,954.519,100.7207,2.6842,1.3763,1.3763,535.64,199.5566,21.0572
MARKET_002,1 w/e 10/19/24,MFR_002,CAT_001,TM_005,BRAND_008,10048.832,2595.835,525.7176,3.8711,7.1142,7.1141,406.4157,104.9861,21.2622
MARKET_003,1 w/e 10/19/24,MFR_001,CAT_001,TM_001,BRAND_001,2997.6193,677.1801,278.6415,4.4266,8.8027,10.3577,25.4628,5.7522,2.3669
MARKET_003,1 w/e 10/19/24,MFR_001,CAT_001,TM_002,BRAND_002,305.9727,108.411,32.0551,2.8223,0.9993,1.1212,22.8939,8.1117,2.3985
MARKET_003,1 w/e 10/19/24,MFR_001,CAT_001,TM_002,BRAND_003,64015.9713,23178.3574,2937.7549,2.7619,75.8329,130.3274,63.1213,22.8544,2.8967
MARKET_003,1 w/e 10/19/24,MFR_001,CAT_001,TM_003,BRAND_004,45387.4089,8894.6722,4159.0293,5.1028,58.447,70.1317,58.0654,11.3792,5.3208
MARKET_003,1 w/e 10/19/24,MFR_001,CAT_001,TM_003,BRAND_005,24665.732,3642.1501,2731.6126,6.7723,39.9384,39.9384,46.1794,6.8189,5.1141
MARKET_003,1 w/e 10/19/24,MFR_002,CAT_001,TM_004,BRAND_007,129518.7599,17445.2105,12948.9532,7.4243,7.5723,7.6943,1278.9374,172.2633,127.8649
MARKET_003,1 w/e 10/19/24,MFR_002,CAT_001,TM_005,BRAND_008,29585.9499,4829.9884,2997.5229,6.1255,10.7346,11.4205,206.085,33.6439,20.8797
MARKET_004,1 w/e 10/19/24,MFR_001,CAT_001,TM_001,BRAND_001,261.1701,40.0001,21.078,6.5293,13.8514,15.9538,10.856,1.6627,0.8762
MARKET_004,1 w/e 10/19/24,MFR_001,CAT_001,TM_002,BRAND_003,13195.43,3111.0001,819.802,4.2415,86.9945,142.6237,87.3319,20.5897,5.4257
MARKET_004,1 w/e 10/19/24,MFR_001,CAT_001,TM_003,BRAND_004,2055.05,431.0,166.1459,4.7681,34.876,42.4477,33.9263,7.1153,2.7429
MARKET_004,1 w/e 10/19/24,MFR_001,CAT_001,TM_003,BRAND_005,776.5101,99.0,74.2501,7.8435,14.9218,14.9218,29.9618,3.8199,2.8649
MARKET_004,1 w/e 10/19/24,MFR_002,CAT_001,TM_004,BRAND_007,1758.5501,250.0,187.5,7.0342,4.0807,4.0807,248.1199,35.2734,26.455
MARKET_004,1 w/e 10/19/24,MFR_002,CAT_001,TM_005,BRAND_008,1903.65,264.0,198.0,7.2108,5.5855,5.5855,196.2303,27.2134,20.4101
MARKET_005,1 w/e 10/19/24,MFR_001,CAT_001,TM_001,BRAND_001,1237.8001,198.0,114.974,6.2515,17.9905,21.6103,8.3162,1.3303,0.7725
MARKET_005,1 w/e 10/19/24,MFR_001,CAT_001,TM_002,BRAND_002,11.42,3.0,0.9582,3.8067,0.7975,0.7975,1.7309,0.4547,0.1452
MARKET_005,1 w/e 10/19/24,MFR_001,CAT_001,TM_002,BRAND_003,52849.56,14507.0001,3039.0052,3.643,89.8325,159.0019,71.1095,19.5193,4.089
MARKET_005,1 w/e 10/19/24,MFR_001,CAT_001,TM_003,BRAND_004,14834.12,4335.0001,1137.4115,3.4219,55.844,69.9613,32.1074,9.3828,2.4618
MARKET_005,1 w/e 10/19/24,MFR_001,CAT_001,TM_003,BRAND_005,3333.06,482.0001,361.5,6.9151,17.8955,17.8955,22.5123,3.2555,2.4417
MARKET_005,1 w/e 10/19/24,MFR_002,CAT_001,TM_004,BRAND_007,49693.6701,6603.0,4952.25,7.5259,14.0627,14.0627,427.123,56.7536,42.5652
MARKET_005,1 w/e 10/19/24,MFR_002,CAT_001,TM_005,BRAND_008,18444.2801,2725.0,1919.1042,6.7685,15.0107,16.4465,148.5182,21.9424,15.4531
MARKET_001,1 w/e 10/25/25,MFR_001,CAT_001,TM_001,BRAND_011,33283.1812,5440.2305,3235.7895,6.118,53.06,55.3674,21.1071,3.45,2.052
MARKET_001,1 w/e 10/25/25,MFR_001,CAT_001,TM_001,BRAND_001,2023.4207,651.003,155.817,3.1082,0.3899,0.4598,174.6451,56.1892,13.4489
MARKET_001,1 w/e 10/25/25,MFR_001,CAT_001,TM_001,BRAND_016,1353.13,210.0,136.8332,6.4435,1.123,1.2137,40.5447,6.2924,4.1
MARKET_001,1 w/e 10/25/25,MFR_001,CAT_001,TM_002,BRAND_012,26195.8754,4191.625,2667.7591,6.2496,37.371,37.5145,23.5868,3.7741,2.4021
MARKET_001,1 w/e 10/25/25,MFR_001,CAT_001,TM_002,BRAND_002,535.4406,234.9041,23.6358,2.2794,0.1633,0.1747,110.3387,48.4069,4.8706
MARKET_001,1 w/e 10/25/25,MFR_001,CAT_001,TM_002,BRAND_003,497.6153,178.8811,22.8823,2.7818,0.1418,0.2439,118.1114,42.4583,5.4312
MARKET_001,1 w/e 10/25/25,MFR_001,CAT_001,TM_002,BRAND_017,1566.29,252.333,182.1456,6.2072,1.1679,1.1926,45.1254,7.2698,5.2477
MARKET_001,1 w/e 10/25/25,MFR_001,CAT_001,TM_003,BRAND_015,15814.2925,2750.4549,1372.7876,5.7497,23.6479,23.8255,22.5023,3.9137,1.9534
MARKET_001,1 w/e 10/25/25,MFR_001,CAT_001,TM_003,BRAND_004,156054.2828,44674.9879,10004.3837,3.4931,67.8266,89.5189,77.4188,22.1633,4.9632
MARKET_001,1 w/e 10/25/25,MFR_001,CAT_001,TM_003,BRAND_005,53220.2475,7454.0309,5590.5232,7.1398,51.9663,51.9663,34.4608,4.8266,3.6199
MARKET_001,1 w/e 10/25/25,MFR_001,CAT_001,TM_003,BRAND_014,1967.4962,271.7162,203.7872,7.241,4.8218,4.8218,13.73,1.8962,1.4221
MARKET_001,1 w/e 10/25/25,MFR_002,CAT_001,TM_004,BRAND_007,89683.8859,13509.4856,9582.3649,6.6386,15.4286,15.4882,195.595,29.4634,20.8985
MARKET_001,1 w/e 10/25/25,MFR_002,CAT_001,TM_004,BRAND_009,96810.4697,11886.2648,8871.4242,8.1447,63.3777,63.5149,51.3992,6.3107,4.7101
MARKET_001,1 w/e 10/25/25,MFR_002,CAT_001,TM_005,BRAND_010,170189.4752,49703.4969,11381.5197,3.4241,77.8834,121.5411,73.5289,21.474,4.9173
MARKET_001,1 w/e 10/25/25,MFR_002,CAT_001,TM_005,BRAND_008,73993.9488,11708.1281,7304.156,6.3199,19.468,19.8449,127.8925,20.2365,12.6246
MARKET_002,1 w/e 10/25/25,MFR_001,CAT_001,TM_001,BRAND_011,3418.5815,1148.89,153.1792,2.9756,5.9269,5.9742,166.2783,55.8815,7.4506
MARKET_002,1 w/e 10/25/25,MFR_001,CAT_001,TM_001,BRAND_001,1810.7097,615.492,129.1838,2.9419,2.4648,3.0639,211.7839,71.9891,15.1096
MARKET_002,1 w/e 10/25/25,MFR_001,CAT_001,TM_002,BRAND_012,1707.2303,629.478,66.2165,2.7121,1.2998,1.2998,378.644,139.611,14.6861
MARKET_002,1 w/e 10/25/25,MFR_001,CAT_001,TM_002,BRAND_002,535.4406,234.9041,23.6358,2.2794,1.399,1.4966,110.3387,48.4069,4.8706
MARKET_002,1 w/e 10/25/25,MFR_001,CAT_001,TM_002,BRAND_003,60.8301,25.0,2.2293,2.4332,0.3393,0.3393,51.6822,21.2404,1.894
MARKET_002,1 w/e 10/25/25,MFR_001,CAT_001,TM_003,BRAND_015,2290.0911,809.774,94.039,2.8281,4.7061,4.7061,140.2855,49.6048,5.7606
MARKET_002,1 w/e 10/25/25,MFR_001,CAT_001,TM_003,BRAND_004,61477.7874,22446.763,2399.4402,2.7388,50.6268,52.8284,350.0722,127.8183,13.6631
MARKET_002,1 w/e 10/25/25,MFR_001,CAT_001,TM_003,BRAND_005,8.5,1.0001,0.75,8.5,0.0151,0.0151,162.5239,19.1205,14.3403
MARKET_002,1 w/e 10/25/25,MFR_001,CAT_001,TM_003,BRAND_014,15.0,2.0,1.5001,7.5,0.0318,0.0318,135.8696,18.1159,13.587
MARKET_002,1 w/e 10/25/25,MFR_002,CAT_001,TM_004,BRAND_007,2079.9956,784.733,83.0346,2.6506,1.676,1.676,357.781,134.9823,14.2828
MARKET_002,1 w/e 10/25/25,MFR_002,CAT_001,TM_004,BRAND_009,173.5701,25.0,11.6042,6.9428,0.2344,0.2344,213.467,30.7465,14.2716
MARKET_002,1 w/e 10/25/25,MFR_002,CAT_001,TM_005,BRAND_010,56230.6566,21212.9271,2264.9375,2.6508,59.4735,60.3432,272.5648,102.8246,10.9787
MARKET_002,1 w/e 10/25/25,MFR_002,CAT_001,TM_005,BRAND_008,5375.3205,1933.1937,211.5461,2.7805,3.3467,3.3467,463.0265,166.524,18.2224
MARKET_003,1 w/e 10/25/25,MFR_001,CAT_001,TM_001,BRAND_011,18573.0998,2582.3412,1911.965,7.1923,57.3797,58.2842,24.0133,3.3387,2.472
MARKET_003,1 w/e 10/25/25,MFR_001,CAT_001,TM_001,BRAND_001,212.7108,35.511,26.6332,5.99,0.2252,0.2252,70.0606,11.6963,8.7722
MARKET_003,1 w/e 10/25/25,MFR_001,CAT_001,TM_001,BRAND_016,1286.68,186.0,133.6875,6.9176,2.4616,2.6581,38.7776,5.6056,4.029
MARKET_003,1 w/e 10/25/25,MFR_001,CAT_001,TM_002,BRAND_012,15433.4552,2246.8139,1641.5218,6.869,42.9411,42.9411,26.6633,3.8817,2.8359
MARKET_003,1 w/e 10/25/25,MFR_001,CAT_001,TM_002,BRAND_003,436.7852,153.881,20.653,2.8385,0.2252,0.4505,143.8639,50.6838,6.8025
MARKET_003,1 w/e 10/25/25,MFR_001,CAT_001,TM_002,BRAND_017,1541.29,242.333,181.1039,6.3602,2.5686,2.6229,44.5155,6.999,5.2306
MARKET_003,1 w/e 10/25/25,MFR_001,CAT_001,TM_003,BRAND_015,7300.2315,1086.6835,710.584,6.7179,21.6104,21.754,25.061,3.7305,2.4394
MARKET_003,1 w/e 10/25/25,MFR_001,CAT_001,TM_003,BRAND_004,45515.4155,8638.2251,4286.0477,5.2691,71.5488,85.0058,47.1934,8.9567,4.4441
MARKET_003,1 w/e 10/25/25,MFR_001,CAT_001,TM_003,BRAND_005,34908.1075,5030.0309,3772.5233,6.9399,64.64,64.64,40.0636,5.7729,4.3297
MARKET_003,1 w/e 10/25/25,MFR_001,CAT_001,TM_003,BRAND_014,920.2662,117.383,88.0372,7.8399,3.382,3.382,20.1867,2.5749,1.9312
MARKET_003,1 w/e 10/25/25,MFR_002,CAT_001,TM_004,BRAND_007,68888.2503,10136.7526,7564.1426,6.7959,19.6439,19.7753,260.1606,38.282,28.5664
MARKET_003,1 w/e 10/25/25,MFR_002,CAT_001,TM_004,BRAND_009,64048.4596,7595.7839,5665.8761,8.4321,75.4864,75.5959,62.9455,7.465,5.5683
MARKET_003,1 w/e 10/25/25,MFR_002,CAT_001,TM_005,BRAND_010,68086.8387,16713.2367,5518.7072,4.0738,82.3986,137.9279,61.3011,15.0475,4.9687
MARKET_003,1 w/e 10/25/25,MFR_002,CAT_001,TM_005,BRAND_008,49289.5183,7056.6011,5070.6517,6.9849,24.0513,24.6854,152.0339,21.7661,15.6405
MARKET_004,1 w/e 10/25/25,MFR_001,CAT_001,TM_001,BRAND_011,1154.0101,156.0,113.552,7.3975,56.4118,58.9978,11.6287,1.572,1.1442
MARKET_004,1 w/e 10/25/25,MFR_001,CAT_001,TM_002,BRAND_012,1578.63,210.0,157.5,7.5173,55.7488,55.7488,16.0967,2.1413,1.606
MARKET_004,1 w/e 10/25/25,MFR_001,CAT_001,TM_003,BRAND_015,444.52,66.0001,40.4582,6.7352,24.3857,25.1698,10.3621,1.5385,0.9431
MARKET_004,1 w/e 10/25/25,MFR_001,CAT_001,TM_003,BRAND_004,700.4,134.0,64.3332,5.2269,15.0319,16.7372,26.4866,5.0674,2.4328
MARKET_004,1 w/e 10/25/25,MFR_001,CAT_001,TM_003,BRAND_005,389.95,53.0,39.7501,7.3575,11.266,11.266,19.6758,2.6742,2.0057
MARKET_004,1 w/e 10/25/25,MFR_001,CAT_001,TM_003,BRAND_014,124.8201,16.0,12.0,7.8013,6.3698,6.3698,11.1391,1.4279,1.0709
MARKET_004,1 w/e 10/25/25,MFR_002,CAT_001,TM_004,BRAND_007,2543.53,335.0001,251.25,7.5926,6.652,6.652,217.3586,28.6276,21.4707
MARKET_004,1 w/e 10/25/25,MFR_002,CAT_001,TM_004,BRAND_009,3976.25,534.3328,400.7496,7.4415,86.9341,86.9341,26.0002,3.4939,2.6205
MARKET_004,1 w/e 10/25/25,MFR_002,CAT_001,TM_005,BRAND_010,2951.0901,551.0001,259.5417,5.3559,81.7609,90.1523,20.5178,3.8309,1.8045
MARKET_004,1 w/e 10/25/25,MFR_002,CAT_001,TM_005,BRAND_008,1536.81,201.0001,150.75,7.6458,8.3355,8.3355,104.8044,13.7074,10.2806
MARKET_005,1 w/e 10/25/25,MFR_001,CAT_001,TM_001,BRAND_011,10857.76,1810.0001,1102.4427,5.9988,91.523,105.3024,14.3013,2.384,1.4521
MARKET_005,1 w/e 10/25/25,MFR_001,CAT_001,TM_001,BRAND_016,212.0101,60.0,16.1854,3.5335,1.287,2.1923,19.8587,5.6201,1.5161
MARKET_005,1 w/e 10/25/25,MFR_001,CAT_001,TM_002,BRAND_012,8560.7401,1270.0,911.8125,6.7407,58.8299,61.7324,17.542,2.6024,1.8684
MARKET_005,1 w/e 10/25/25,MFR_001,CAT_001,TM_002,BRAND_017,234.6701,69.0001,17.5208,3.401,1.287,1.7944,21.9813,6.4632,1.6412
MARKET_005,1 w/e 10/25/25,MFR_001,CAT_001,TM_003,BRAND_015,5312.96,671.0,499.375,7.918,45.6232,46.0663,14.0384,1.773,1.3195
MARKET_005,1 w/e 10/25/25,MFR_001,CAT_001,TM_003,BRAND_004,37072.8801,9002.0001,2773.8125,4.1183,97.7986,160.2362,45.6972,11.0961,3.4191
MARKET_005,1 w/e 10/25/25,MFR_001,CAT_001,TM_003,BRAND_013,102.9601,13.0,9.75,7.92,0.5022,0.5022,24.7132,3.1203,2.3403
MARKET_005,1 w/e 10/25/25,MFR_001,CAT_001,TM_003,BRAND_005,18928.0501,2400.0,1800.0,7.8867,89.8102,89.8102,25.4066,3.2214,2.4161
MARKET_005,1 w/e 10/25/25,MFR_001,CAT_001,TM_003,BRAND_014,662.85,84.0,63.0,7.8911,10.527,10.527,7.5906,0.9619,0.7214
MARKET_005,1 w/e 10/25/25,MFR_002,CAT_001,TM_004,BRAND_007,16015.7801,2235.0,1660.75,7.1659,21.2385,21.5152,90.9054,12.6858,9.4264
MARKET_005,1 w/e 10/25/25,MFR_002,CAT_001,TM_004,BRAND_009,32358.64,4325.32,3243.3442,7.4812,96.379,96.6928,40.4738,5.4101,4.0567
MARKET_005,1 w/e 10/25/25,MFR_002,CAT_001,TM_005,BRAND_010,36549.93,8998.0,3056.2708,4.062,97.7536,167.617,45.0733,11.0963,3.769
MARKET_005,1 w/e 10/25/25,MFR_002,CAT_001,TM_005,BRAND_008,17135.31,2413.0,1806.5208,7.1012,27.5499,28.0613,74.9786,10.5585,7.9048
MARKET_001,1 w/e 10/26/24,MFR_001,CAT_001,TM_001,BRAND_001,6860.1296,2317.5644,478.2698,2.9601,5.4528,6.4201,42.0906,14.2195,2.9344
MARKET_001,1 w/e 10/26/24,MFR_001,CAT_001,TM_002,BRAND_002,1711.4668,685.826,85.9838,2.4955,0.9301,1.0008,61.56,24.6686,3.0928
MARKET_001,1 w/e 10/26/24,MFR_001,CAT_001,TM_002,BRAND_003,197025.3878,70919.7417,9355.7806,2.7781,72.2004,114.2416,91.2972,32.8626,4.3353
MARKET_001,1 w/e 10/26/24,MFR_001,CAT_001,TM_003,BRAND_004,120895.823,36127.842,8437.9065,3.3463,50.5048,58.6033,80.0854,23.9323,5.5895
MARKET_001,1 w/e 10/26/24,MFR_001,CAT_001,TM_003,BRAND_005,31594.5143,4978.9662,3734.2247,6.3456,22.5829,22.5829,46.8065,7.3762,5.5322
MARKET_001,1 w/e 10/26/24,MFR_002,CAT_001,TM_004,BRAND_007,117449.2268,17554.4411,12612.4246,6.6906,7.2344,7.2889,543.1545,81.1821,58.3273
MARKET_001,1 w/e 10/26/24,MFR_002,CAT_001,TM_005,BRAND_008,37915.7974,7607.4773,3964.3156,4.984,10.7007,11.3634,118.5453,23.7851,12.3946
MARKET_002,1 w/e 10/26/24,MFR_001,CAT_001,TM_001,BRAND_001,4034.1836,1705.2541,193.3817,2.3657,9.0317,10.3848,128.5177,54.3246,6.1606
MARKET_002,1 w/e 10/26/24,MFR_001,CAT_001,TM_002,BRAND_002,1369.0688,564.793,51.3224,2.424,3.1877,3.3263,123.5756,50.9796,4.6325
MARKET_002,1 w/e 10/26/24,MFR_001,CAT_001,TM_002,BRAND_003,79848.8348,34555.378,3338.4268,2.3107,58.4078,77.0087,393.3463,170.2245,16.4455
MARKET_002,1 w/e 10/26/24,MFR_001,CAT_001,TM_003,BRAND_004,49929.0311,18956.129,1994.0108,2.6339,41.8671,43.9593,343.1294,130.273,13.7035
MARKET_002,1 w/e 10/26/24,MFR_002,CAT_001,TM_004,BRAND_007,1616.8064,619.9251,65.8673,2.6081,0.8763,0.8763,530.8663,203.5477,21.627
MARKET_002,1 w/e 10/26/24,MFR_002,CAT_001,TM_005,BRAND_008,5482.9757,2109.8131,226.0222,2.5988,6.3197,6.3347,249.6301,96.056,10.2904
MARKET_003,1 w/e 10/26/24,MFR_001,CAT_001,TM_001,BRAND_001,1752.256,439.9773,180.2112,3.9826,4.6004,5.7858,28.3883,7.1281,2.9196
MARKET_003,1 w/e 10/26/24,MFR_001,CAT_001,TM_002,BRAND_002,322.358,114.033,32.6406,2.8269,0.9831,1.1046,24.4386,8.6451,2.4746
MARKET_003,1 w/e 10/26/24,MFR_001,CAT_001,TM_002,BRAND_003,46937.3531,16509.3636,2148.3694,2.8431,71.858,113.43,48.6833,17.1235,2.2283
MARKET_003,1 w/e 10/26/24,MFR_001,CAT_001,TM_003,BRAND_004,47451.0719,9535.3804,4903.8129,4.9763,60.9634,71.2294,58.0114,11.6575,5.9952
MARKET_003,1 w/e 10/26/24,MFR_001,CAT_001,TM_003,BRAND_005,27800.7043,4460.9662,3345.7247,6.232,40.7748,40.7748,50.8161,8.1541,6.1155
MARKET_003,1 w/e 10/26/24,MFR_002,CAT_001,TM_004,BRAND_007,96962.3504,14413.8554,10674.1453,6.727,8.2557,8.3772,875.3587,130.1257,96.3643
MARKET_003,1 w/e 10/26/24,MFR_002,CAT_001,TM_005,BRAND_008,20294.7316,3669.6685,2419.609,5.5304,12.2617,13.0366,123.3584,22.3055,14.7072
MARKET_004,1 w/e 10/26/24,MFR_001,CAT_001,TM_001,BRAND_001,284.8601,45.0,23.3906,6.3302,12.3405,14.626,13.2904,2.0995,1.0913
MARKET_004,1 w/e 10/26/24,MFR_001,CAT_001,TM_002,BRAND_003,10552.0101,2372.0,625.3958,4.4486,84.2751,132.6123,72.0903,16.2053,4.2726
MARKET_004,1 w/e 10/26/24,MFR_001,CAT_001,TM_003,BRAND_004,1878.26,399.0,161.5208,4.7074,31.4378,39.1553,34.3989,7.3074,2.9581
MARKET_004,1 w/e 10/26/24,MFR_001,CAT_001,TM_003,BRAND_005,631.95,85.0,63.7501,7.4347,14.2347,14.2347,25.5608,3.438,2.5785
MARKET_004,1 w/e 10/26/24,MFR_002,CAT_001,TM_004,BRAND_007,501.54,75.0,56.2501,6.6872,3.5217,3.5217,81.9965,12.2617,9.1963
MARKET_004,1 w/e 10/26/24,MFR_002,CAT_001,TM_005,BRAND_008,1276.81,179.0,134.25,7.133,5.0424,5.0424,145.7912,20.4389,15.3292
MARKET_005,1 w/e 10/26/24,MFR_001,CAT_001,TM_001,BRAND_001,763.07,119.0,70.4218,6.4124,12.2032,13.8986,7.5581,1.1787,0.6975
MARKET_005,1 w/e 10/26/24,MFR_001,CAT_001,TM_002,BRAND_002,6.84,3.0,0.3125,2.28,0.3816,0.3816,2.1668,0.9503,0.099
MARKET_005,1 w/e 10/26/24,MFR_001,CAT_001,TM_002,BRAND_003,45158.08,11691.0,2648.2865,3.8626,87.3073,151.6883,62.5179,16.1853,3.6663
MARKET_005,1 w/e 10/26/24,MFR_001,CAT_001,TM_003,BRAND_004,13297.78,3774.0,1047.7813,3.5235,53.4595,66.5491,30.0659,8.5329,2.369
MARKET_005,1 w/e 10/26/24,MFR_001,CAT_001,TM_003,BRAND_005,3324.8501,483.0001,362.2501,6.8837,17.9049,17.9049,22.445,3.2606,2.4454
MARKET_005,1 w/e 10/26/24,MFR_002,CAT_001,TM_004,BRAND_007,18098.4,2404.0,1803.0,7.5285,12.6913,12.6913,172.3664,22.8953,17.1715
MARKET_005,1 w/e 10/26/24,MFR_002,CAT_001,TM_005,BRAND_008,10064.03,1595.0,1089.0417,6.3097,14.7947,16.2305,82.2216,13.0309,8.8973
MARKET_001,1 w/e 11/01/25,MFR_001,CAT_001,TM_001,BRAND_011,32667.1846,5031.4628,3342.4095,6.4926,53.9275,55.3878,20.3826,3.1394,2.0855
MARKET_001,1 w/e 11/01/25,MFR_001,CAT_001,TM_001,BRAND_001,2243.8499,681.709,173.7322,3.2915,0.415,0.4877,181.9254,55.2712,14.0857
MARKET_001,1 w/e 11/01/25,MFR_001,CAT_001,TM_001,BRAND_016,89908.4434,23467.9752,6959.7227,3.8311,38.358,73.6131,78.8682,20.5862,6.1051
MARKET_001,1 w/e 11/01/25,MFR_001,CAT_001,TM_002,BRAND_012,20799.5355,3299.4714,2306.2859,6.3039,30.0179,30.0179,23.3147,3.6985,2.5852
MARKET_001,1 w/e 11/01/25,MFR_001,CAT_001,TM_002,BRAND_002,560.6176,245.204,24.5004,2.2863,0.1773,0.1911,106.3831,46.53,4.6492
MARKET_001,1 w/e 11/01/25,MFR_001,CAT_001,TM_002,BRAND_003,490.5153,179.881,22.8614,2.7269,0.1442,0.2464,114.4353,41.9655,5.3335
MARKET_001,1 w/e 11/01/25,MFR_001,CAT_001,TM_002,BRAND_017,103387.313,23413.2779,8997.7985,4.4158,36.4506,57.7261,95.4377,21.613,8.3059
MARKET_001,1 w/e 11/01/25,MFR_001,CAT_001,TM_003,BRAND_015,13627.1894,2501.5822,1258.4704,5.4474,20.4404,20.5632,22.4323,4.118,2.0716
MARKET_001,1 w/e 11/01/25,MFR_001,CAT_001,TM_003,BRAND_004,156693.0502,44008.655,10661.3557,3.5605,67.609,88.1872,77.9835,21.9024,5.306
MARKET_001,1 w/e 11/01/25,MFR_001,CAT_001,TM_003,BRAND_005,60179.9282,8701.7709,6526.3283,6.9158,51.6349,51.6349,39.2162,5.6705,4.2529
MARKET_001,1 w/e 11/01/25,MFR_001,CAT_001,TM_003,BRAND_014,1307.9618,192.6502,144.4877,6.7893,2.4689,2.4689,17.8255,2.6255,1.9691
MARKET_001,1 w/e 11/01/25,MFR_002,CAT_001,TM_004,BRAND_007,87627.7913,13005.8216,9296.7552,6.7376,14.5226,14.5581,203.0271,30.1335,21.5399
MARKET_001,1 w/e 11/01/25,MFR_002,CAT_001,TM_004,BRAND_009,101000.9566,11993.3045,8948.3966,8.4214,64.2329,64.2328,52.9085,6.2826,4.6875
MARKET_001,1 w/e 11/01/25,MFR_002,CAT_001,TM_005,BRAND_010,161232.5296,46116.808,11323.5748,3.4962,76.5594,120.7521,70.8617,20.2683,4.9767
MARKET_001,1 w/e 11/01/25,MFR_002,CAT_001,TM_005,BRAND_008,79082.3968,12236.4005,7772.2512,6.4629,20.5422,20.8649,129.5358,20.043,12.7308
MARKET_002,1 w/e 11/01/25,MFR_001,CAT_001,TM_001,BRAND_011,1400.2025,533.8471,56.2549,2.6229,3.6199,3.6199,111.3924,42.4699,4.4753
MARKET_002,1 w/e 11/01/25,MFR_001,CAT_001,TM_001,BRAND_001,2031.1389,646.198,147.099,3.1432,2.6776,3.2994,218.4537,69.5001,15.8208
MARKET_002,1 w/e 11/01/25,MFR_001,CAT_001,TM_001,BRAND_016,14123.195,5414.01,565.251,2.6086,18.6219,18.6563,218.4099,83.7256,8.7414
MARKET_002,1 w/e 11/01/25,MFR_001,CAT_001,TM_002,BRAND_012,428.3501,170.0001,17.625,2.5197,1.2954,1.2954,95.2227,37.7912,3.9181
MARKET_002,1 w/e 11/01/25,MFR_001,CAT_001,TM_002,BRAND_002,560.6176,245.204,24.5004,2.2863,1.5176,1.6359,106.3831,46.53,4.6492
MARKET_002,1 w/e 11/01/25,MFR_001,CAT_001,TM_002,BRAND_003,53.7301,26.0,2.2082,2.0665,0.3601,0.3601,42.9737,20.795,1.7662
MARKET_002,1 w/e 11/01/25,MFR_001,CAT_001,TM_002,BRAND_017,12320.7796,4962.6341,518.8786,2.4827,12.3868,12.4177,286.4458,115.3763,12.0634
MARKET_002,1 w/e 11/01/25,MFR_001,CAT_001,TM_003,BRAND_015,1987.2862,755.7681,90.3508,2.6295,2.8041,2.8258,204.0922,77.6166,9.2789
MARKET_002,1 w/e 11/01/25,MFR_001,CAT_001,TM_003,BRAND_004,57818.9472,21491.2571,2262.6726,2.6903,47.8368,49.7544,348.0725,129.3783,13.6214
MARKET_002,1 w/e 11/01/25,MFR_001,CAT_001,TM_003,BRAND_014,30.67,4.0,3.0,7.6675,0.0208,0.0208,425.3814,55.4785,41.6089
MARKET_002,1 w/e 11/01/25,MFR_002,CAT_001,TM_004,BRAND_007,1670.4715,645.0671,67.1945,2.5896,0.9078,0.9078,529.9215,204.6338,21.316
MARKET_002,1 w/e 11/01/25,MFR_002,CAT_001,TM_004,BRAND_009,130.6201,18.0,8.2917,7.2567,0.1858,0.1858,202.4489,27.8983,12.8514
MARKET_002,1 w/e 11/01/25,MFR_002,CAT_001,TM_005,BRAND_010,46614.141,17710.8621,1861.6733,2.632,55.6763,55.9637,241.1068,91.6076,9.6293
MARKET_002,1 w/e 11/01/25,MFR_002,CAT_001,TM_005,BRAND_008,5141.0591,1887.0701,203.6741,2.7244,4.3603,4.3763,339.55,124.6348,13.452
MARKET_003,1 w/e 11/01/25,MFR_001,CAT_001,TM_001,BRAND_011,20151.7522,2815.6158,2100.7328,7.1571,59.969,60.2452,24.9293,3.4831,2.5988
MARKET_003,1 w/e 11/01/25,MFR_001,CAT_001,TM_001,BRAND_001,212.7108,35.511,26.6332,5.99,0.2252,0.2252,70.0606,11.6963,8.7722
MARKET_003,1 w/e 11/01/25,MFR_001,CAT_001,TM_001,BRAND_016,34719.1082,7453.9653,2861.1028,4.6578,27.8484,45.7541,92.4897,19.8569,7.6218
MARKET_003,1 w/e 11/01/25,MFR_001,CAT_001,TM_002,BRAND_012,13254.3955,2033.8048,1486.2858,6.517,34.9791,34.9791,28.111,4.3135,3.1522
MARKET_003,1 w/e 11/01/25,MFR_001,CAT_001,TM_002,BRAND_003,436.7852,153.881,20.653,2.8385,0.2252,0.4505,143.8639,50.6838,6.8025
MARKET_003,1 w/e 11/01/25,MFR_001,CAT_001,TM_002,BRAND_017,44834.0634,8537.6438,4202.2948,5.2513,27.6193,43.2695,120.426,22.9324,11.2875
MARKET_003,1 w/e 11/01/25,MFR_001,CAT_001,TM_003,BRAND_015,5931.963,913.8142,595.7863,6.4914,17.4345,17.5778,25.2414,3.8884,2.5352
MARKET_003,1 w/e 11/01/25,MFR_001,CAT_001,TM_003,BRAND_004,51804.3831,9624.398,5097.4955,5.3826,71.4043,83.7998,53.8229,9.9994,5.2961
MARKET_003,1 w/e 11/01/25,MFR_001,CAT_001,TM_003,BRAND_005,42455.1882,6284.7709,4713.5782,6.7552,64.6678,64.6677,48.7043,7.2099,5.4074
MARKET_003,1 w/e 11/01/25,MFR_001,CAT_001,TM_003,BRAND_014,736.4118,97.6503,73.2376,7.5413,2.6591,2.6591,20.5449,2.7243,2.0432
MARKET_003,1 w/e 11/01/25,MFR_002,CAT_001,TM_004,BRAND_007,68622.7896,9873.7546,7366.8941,6.95,20.0075,20.0857,254.4491,36.6113,27.316
MARKET_003,1 w/e 11/01/25,MFR_002,CAT_001,TM_004,BRAND_009,66014.3066,7755.0145,5780.0542,8.5125,76.6047,76.6046,63.9304,7.5102,5.5976
MARKET_003,1 w/e 11/01/25,MFR_002,CAT_001,TM_005,BRAND_010,67520.1586,16124.446,5611.839,4.1874,80.191,136.7621,62.4644,14.9171,5.1916
MARKET_003,1 w/e 11/01/25,MFR_002,CAT_001,TM_005,BRAND_008,54984.1978,7667.3305,5564.1814,7.1712,26.1134,26.6389,156.2065,21.7824,15.8075
MARKET_004,1 w/e 11/01/25,MFR_001,CAT_001,TM_001,BRAND_011,1509.68,227.0001,167.7344,6.6506,59.4791,61.5441,14.4283,2.1695,1.6031
MARKET_004,1 w/e 11/01/25,MFR_001,CAT_001,TM_001,BRAND_016,7317.2201,1365.0001,647.8751,5.3606,51.5029,76.3898,80.7621,15.0659,7.1508
MARKET_004,1 w/e 11/01/25,MFR_001,CAT_001,TM_002,BRAND_012,1603.6801,271.6667,203.7501,5.9031,52.3276,52.3276,17.4213,2.9512,2.2134
MARKET_004,1 w/e 11/01/25,MFR_001,CAT_001,TM_002,BRAND_017,11156.24,1849.0,1067.7082,6.0337,50.834,73.5635,124.7544,20.6764,11.9396
MARKET_004,1 w/e 11/01/25,MFR_001,CAT_001,TM_003,BRAND_015,412.1501,71.0,44.2082,5.8049,19.8743,20.8076,11.7885,2.0308,1.2645
MARKET_004,1 w/e 11/01/25,MFR_001,CAT_001,TM_003,BRAND_004,756.39,160.9999,81.9998,4.6981,17.0903,18.7956,25.1588,5.3551,2.7275
MARKET_004,1 w/e 11/01/25,MFR_001,CAT_001,TM_003,BRAND_005,516.33,85.0,63.7501,6.0745,11.8831,11.8831,24.6996,4.0661,3.0496
MARKET_004,1 w/e 11/01/25,MFR_001,CAT_001,TM_003,BRAND_014,138.52,22.0001,16.5,6.2964,3.2529,3.2529,24.2066,3.8445,2.8834
MARKET_004,1 w/e 11/01/25,MFR_002,CAT_001,TM_004,BRAND_007,2576.83,393.0,294.75,6.5568,6.4718,6.4718,226.3355,34.5191,25.8893
MARKET_004,1 w/e 11/01/25,MFR_002,CAT_001,TM_004,BRAND_009,5213.6901,532.3155,399.2366,9.7944,94.5715,94.5715,31.3385,3.1996,2.3997
MARKET_004,1 w/e 11/01/25,MFR_002,CAT_001,TM_005,BRAND_010,2830.9201,567.5001,302.2709,4.9884,85.8082,94.5978,18.7539,3.7595,2.0024
MARKET_004,1 w/e 11/01/25,MFR_002,CAT_001,TM_005,BRAND_008,1465.41,216.0,162.0,6.7843,8.5207,8.5207,97.7637,14.4103,10.8077
MARKET_005,1 w/e 11/01/25,MFR_001,CAT_001,TM_001,BRAND_011,10215.23,1709.0,1059.7865,5.9773,89.711,101.0481,13.7331,2.2975,1.4248
MARKET_005,1 w/e 11/01/25,MFR_001,CAT_001,TM_001,BRAND_016,32648.62,8592.0,2847.6771,3.7999,72.2326,167.7706,54.5129,14.3459,4.7547
MARKET_005,1 w/e 11/01/25,MFR_001,CAT_001,TM_002,BRAND_012,6733.78,1023.0,730.4375,6.5824,46.3543,48.3758,17.5201,2.6617,1.9005
MARKET_005,1 w/e 11/01/25,MFR_001,CAT_001,TM_002,BRAND_017,35219.8001,7746.0,3190.6458,4.5468,69.9635,118.3991,60.7131,13.3528,5.5001
MARKET_005,1 w/e 11/01/25,MFR_001,CAT_001,TM_003,BRAND_015,4802.88,608.0001,454.0625,7.8995,42.2116,42.4181,13.7226,1.7372,1.2973
MARKET_005,1 w/e 11/01/25,MFR_001,CAT_001,TM_003,BRAND_004,35363.37,8499.0001,2699.4584,4.1609,98.5682,157.2576,43.2697,10.3992,3.303
MARKET_005,1 w/e 11/01/25,MFR_001,CAT_001,TM_003,BRAND_013,47.52,6.0,4.5,7.92,0.2665,0.2665,21.5091,2.7158,2.0368
MARKET_005,1 w/e 11/01/25,MFR_001,CAT_001,TM_003,BRAND_005,18282.42,2336.0,1752.0001,7.8264,88.1255,88.1255,25.0207,3.197,2.3977
MARKET_005,1 w/e 11/01/25,MFR_001,CAT_001,TM_003,BRAND_014,327.1801,41.0,30.7501,7.98,4.2507,4.2507,9.2831,1.1633,0.8725
MARKET_005,1 w/e 11/01/25,MFR_002,CAT_001,TM_004,BRAND_007,13763.3501,1893.0001,1414.5832,7.2707,17.3756,17.6523,95.5329,13.1395,9.8188
MARKET_005,1 w/e 11/01/25,MFR_002,CAT_001,TM_004,BRAND_009,32472.36,4147.316,3110.487,7.8297,96.3124,96.3124,40.663,5.1934,3.8951
MARKET_005,1 w/e 11/01/25,MFR_002,CAT_001,TM_005,BRAND_010,36934.46,9232.0001,2966.3334,4.0007,97.0956,167.3913,45.8775,11.4674,3.6846
MARKET_005,1 w/e 11/01/25,MFR_002,CAT_001,TM_005,BRAND_008,16091.53,2189.0,1639.1666,7.3511,27.3248,27.8071,71.0243,9.6617,7.2349
MARKET_001,1 w/e 11/02/24,MFR_001,CAT_001,TM_001,BRAND_001,5589.3283,1811.037,442.8958,3.0863,4.6709,5.2984,40.0298,12.9703,3.1719
MARKET_001,1 w/e 11/02/24,MFR_001,CAT_001,TM_002,BRAND_002,1748.6281,739.205,88.1624,2.3656,0.9263,0.993,63.1479,26.6948,3.1838
MARKET_001,1 w/e 11/02/24,MFR_001,CAT_001,TM_002,BRAND_003,161709.3496,58659.5636,7817.7765,2.7567,68.6905,104.9415,78.7515,28.5669,3.8072
MARKET_001,1 w/e 11/02/24,MFR_001,CAT_001,TM_003,BRAND_004,123990.2769,35976.9228,9046.9069,3.4464,50.5073,59.5387,82.1209,23.8281,5.9919
MARKET_001,1 w/e 11/02/24,MFR_001,CAT_001,TM_003,BRAND_005,31997.3812,5087.4208,3815.5656,6.2895,23.7043,23.7043,45.1552,7.1795,5.3846
MARKET_001,1 w/e 11/02/24,MFR_002,CAT_001,TM_004,BRAND_007,66350.1231,11987.438,8450.0057,5.535,6.8358,6.8902,324.6952,58.6625,41.3515
MARKET_001,1 w/e 11/02/24,MFR_002,CAT_001,TM_005,BRAND_008,31287.935,6442.6203,3463.5598,4.8564,8.6602,9.3361,120.8565,24.886,13.3788
MARKET_002,1 w/e 11/02/24,MFR_001,CAT_001,TM_001,BRAND_001,2996.8289,1243.054,169.9854,2.4109,6.7219,8.0839,128.2154,53.1824,7.2726
MARKET_002,1 w/e 11/02/24,MFR_001,CAT_001,TM_002,BRAND_002,1427.8989,626.479,55.7172,2.2792,4.6513,4.7574,88.2858,38.7347,3.445
MARKET_002,1 w/e 11/02/24,MFR_001,CAT_001,TM_002,BRAND_003,67066.2856,29563.248,2915.1468,2.2686,56.9626,71.8577,338.5991,149.2566,14.7178
MARKET_002,1 w/e 11/02/24,MFR_001,CAT_001,TM_003,BRAND_004,47211.9305,17969.512,1921.8531,2.6273,41.2801,44.9251,328.9143,125.1893,13.3891
MARKET_002,1 w/e 11/02/24,MFR_001,CAT_001,TM_003,BRAND_005,9.99,1.0001,0.75,9.99,0.0111,0.0111,259.4805,25.974,19.4805
MARKET_002,1 w/e 11/02/24,MFR_002,CAT_001,TM_004,BRAND_007,1595.6494,617.652,64.3388,2.5834,0.8575,0.8575,535.1296,207.1407,21.5772
MARKET_002,1 w/e 11/02/24,MFR_002,CAT_001,TM_005,BRAND_008,4521.4787,1655.524,199.7079,2.7311,5.5503,5.5503,234.282,85.7816,10.3479
MARKET_003,1 w/e 11/02/24,MFR_001,CAT_001,TM_001,BRAND_001,1868.1195,453.983,206.0156,4.115,4.5068,5.4171,30.8938,7.5077,3.407
MARKET_003,1 w/e 11/02/24,MFR_001,CAT_001,TM_002,BRAND_002,305.539,106.726,31.8201,2.8628,0.6276,0.7488,36.2821,12.6735,3.7786
MARKET_003,1 w/e 11/02/24,MFR_001,CAT_001,TM_002,BRAND_003,37295.9941,12813.3157,1713.3275,2.9107,66.9773,103.4073,41.502,14.2583,1.9065
MARKET_003,1 w/e 11/02/24,MFR_001,CAT_001,TM_003,BRAND_004,53506.2062,10601.4108,5527.4286,5.0471,62.5645,72.9367,63.7398,12.629,6.5846
MARKET_003,1 w/e 11/02/24,MFR_001,CAT_001,TM_003,BRAND_005,27736.0913,4469.4208,3352.0657,6.2057,42.6029,42.603,48.5222,7.8189,5.8642
MARKET_003,1 w/e 11/02/24,MFR_002,CAT_001,TM_004,BRAND_007,53627.6536,9838.1251,7244.0252,5.451,7.8319,7.9532,510.3332,93.6219,68.9358
MARKET_003,1 w/e 11/02/24,MFR_002,CAT_001,TM_005,BRAND_008,18713.9864,3515.097,2340.8526,5.3239,10.9774,11.7868,127.0583,23.8657,15.8932
MARKET_004,1 w/e 11/02/24,MFR_001,CAT_001,TM_001,BRAND_001,169.5601,30.0,17.1094,5.652,8.8509,9.8014,11.03,1.9515,1.113
MARKET_004,1 w/e 11/02/24,MFR_001,CAT_001,TM_002,BRAND_003,7635.5401,1789.0001,446.0677,4.268,77.8361,114.8005,56.4806,13.2334,3.2996
MARKET_004,1 w/e 11/02/24,MFR_001,CAT_001,TM_003,BRAND_004,2165.59,471.0001,216.5417,4.5979,34.1027,41.7357,36.5618,7.9519,3.6559
MARKET_004,1 w/e 11/02/24,MFR_001,CAT_001,TM_003,BRAND_005,644.67,103.0001,77.2501,6.2589,15.7906,15.7906,23.5061,3.7556,2.8167
MARKET_004,1 w/e 11/02/24,MFR_002,CAT_001,TM_004,BRAND_007,483.98,79.0,59.25,6.1263,3.9277,3.9277,70.9471,11.5807,8.6855
MARKET_004,1 w/e 11/02/24,MFR_002,CAT_001,TM_005,BRAND_008,1008.78,150.0001,111.8543,6.7252,5.0214,5.0214,115.6672,17.1991,12.8253
MARKET_005,1 w/e 11/02/24,MFR_001,CAT_001,TM_001,BRAND_001,588.96,92.0,53.6926,6.4017,8.9025,9.7462,7.9963,1.2491,0.729
MARKET_005,1 w/e 11/02/24,MFR_001,CAT_001,TM_002,BRAND_002,4.5601,2.0,0.2083,2.28,0.2958,0.2958,1.8633,0.8172,0.0851
MARKET_005,1 w/e 11/02/24,MFR_001,CAT_001,TM_002,BRAND_003,37684.0601,9581.0001,2251.5676,3.9332,82.8812,139.8772,54.9568,13.9725,3.2836
MARKET_005,1 w/e 11/02/24,MFR_001,CAT_001,TM_003,BRAND_004,13242.48,3914.0,1011.8386,3.3834,50.9317,66.839,31.4268,9.2886,2.4013
MARKET_005,1 w/e 11/02/24,MFR_001,CAT_001,TM_003,BRAND_005,3395.01,494.0,370.5,6.8725,17.9113,17.9113,22.9105,3.3337,2.5002
MARKET_005,1 w/e 11/02/24,MFR_002,CAT_001,TM_004,BRAND_007,9742.6901,1298.0,973.5001,7.5059,11.3291,11.3291,103.9448,13.8484,10.3863
MARKET_005,1 w/e 11/02/24,MFR_002,CAT_001,TM_005,BRAND_008,6756.3601,1077.0001,747.6875,6.2733,9.936,11.3718,82.1903,13.1016,9.0955
MARKET_001,1 w/e 11/08/25,MFR_001,CAT_001,TM_001,BRAND_011,30943.6986,4815.6989,3157.547,6.4256,50.9806,51.9194,20.4225,3.1783,2.084
MARKET_001,1 w/e 11/08/25,MFR_001,CAT_001,TM_001,BRAND_001,2123.9137,666.262,161.9155,3.1878,0.4175,0.4806,171.155,53.6905,13.0479
MARKET_001,1 w/e 11/08/25,MFR_001,CAT_001,TM_001,BRAND_016,442622.4134,120129.2901,32226.5041,3.6846,67.3045,138.2641,221.275,60.0548,16.1106
MARKET_001,1 w/e 11/08/25,MFR_001,CAT_001,TM_002,BRAND_012,14623.431,2577.2216,1499.2698,5.6741,21.5737,21.5774,22.807,4.0195,2.3383
MARKET_001,1 w/e 11/08/25,MFR_001,CAT_001,TM_002,BRAND_002,554.7435,240.1731,24.6223,2.3098,0.1727,0.186,108.076,46.7909,4.7969
MARKET_001,1 w/e 11/08/25,MFR_001,CAT_001,TM_002,BRAND_003,495.6952,177.881,22.903,2.7867,0.1456,0.2477,114.564,41.1114,5.2933
MARKET_001,1 w/e 11/08/25,MFR_001,CAT_001,TM_002,BRAND_017,466233.1292,107142.0194,37075.742,4.3515,62.9541,111.7387,249.1851,57.2636,19.8157
MARKET_001,1 w/e 11/08/25,MFR_001,CAT_001,TM_003,BRAND_015,12436.1518,2086.5729,1117.8108,5.9601,18.9725,19.1158,22.0548,3.7004,1.9824
MARKET_001,1 w/e 11/08/25,MFR_001,CAT_001,TM_003,BRAND_004,147326.302,41488.5718,10077.4108,3.551,68.0137,89.0227,72.8831,20.5246,4.9853
MARKET_001,1 w/e 11/08/25,MFR_001,CAT_001,TM_003,BRAND_013,6.97,1.0001,0.75,6.97,0.0303,0.0303,7.7462,1.1114,0.8335
MARKET_001,1 w/e 11/08/25,MFR_001,CAT_001,TM_003,BRAND_005,56259.8683,8225.4016,6169.0512,6.8398,52.6612,52.6612,35.946,5.2554,3.9416
MARKET_001,1 w/e 11/08/25,MFR_001,CAT_001,TM_003,BRAND_014,710.6685,86.947,65.2103,8.1736,1.2642,1.2642,18.914,2.314,1.7355
MARKET_001,1 w/e 11/08/25,MFR_002,CAT_001,TM_004,BRAND_007,67340.2952,10032.7221,7064.5035,6.7121,11.4895,11.525,197.2043,29.3806,20.6882
MARKET_001,1 w/e 11/08/25,MFR_002,CAT_001,TM_004,BRAND_009,97913.9626,11550.6974,8624.233,8.4769,63.6511,63.6511,51.7585,6.1058,4.5589
MARKET_001,1 w/e 11/08/25,MFR_002,CAT_001,TM_005,BRAND_010,160073.7018,45419.3508,11037.1688,3.5244,76.11,119.7019,70.7654,20.079,4.8793
MARKET_001,1 w/e 11/08/25,MFR_002,CAT_001,TM_005,BRAND_008,61645.2742,9604.5354,5871.0397,6.4184,19.5081,19.6939,106.3233,16.5655,10.1261
MARKET_002,1 w/e 11/08/25,MFR_001,CAT_001,TM_001,BRAND_011,2165.9437,630.7681,107.6383,3.4338,3.8438,3.8438,162.1956,47.2347,8.0604
MARKET_002,1 w/e 11/08/25,MFR_001,CAT_001,TM_001,BRAND_001,1911.2029,630.7511,135.2822,3.03,2.698,3.2371,203.9008,67.293,14.4329
MARKET_002,1 w/e 11/08/25,MFR_001,CAT_001,TM_001,BRAND_016,68304.7219,26196.6031,2831.1027,2.6074,39.3782,40.5495,499.2853,191.4886,20.6944
MARKET_002,1 w/e 11/08/25,MFR_001,CAT_001,TM_002,BRAND_012,1701.725,597.896,62.885,2.8462,1.8694,1.9012,262.0296,92.0633,9.683
MARKET_002,1 w/e 11/08/25,MFR_001,CAT_001,TM_002,BRAND_002,554.7435,240.1731,24.6223,2.3098,1.4775,1.5912,108.076,46.7909,4.7969
MARKET_002,1 w/e 11/08/25,MFR_001,CAT_001,TM_002,BRAND_003,58.9101,24.0001,2.25,2.4546,0.3715,0.3715,45.6419,18.5946,1.7432
MARKET_002,1 w/e 11/08/25,MFR_001,CAT_001,TM_002,BRAND_017,47882.1869,19296.8481,2015.2551,2.4813,28.1765,28.2361,489.1488,197.1303,20.5872
MARKET_002,1 w/e 11/08/25,MFR_001,CAT_001,TM_003,BRAND_015,1647.0221,574.109,70.7823,2.8688,2.9442,2.9546,161.0197,56.1273,6.92
MARKET_002,1 w/e 11/08/25,MFR_001,CAT_001,TM_003,BRAND_004,55127.7286,20593.086,2158.4256,2.677,49.6769,51.4161,319.426,119.3223,12.5065
MARKET_002,1 w/e 11/08/25,MFR_002,CAT_001,TM_004,BRAND_007,1677.7156,646.8251,67.3777,2.5938,0.8969,0.8969,538.4024,207.5752,21.6224
MARKET_002,1 w/e 11/08/25,MFR_002,CAT_001,TM_004,BRAND_009,105.3001,12.0,7.0625,8.775,0.1204,0.1204,251.673,28.6807,16.8798
MARKET_002,1 w/e 11/08/25,MFR_002,CAT_001,TM_005,BRAND_010,48607.1702,18128.265,1945.1485,2.6813,54.6946,54.8956,255.8059,95.404,10.2368
MARKET_002,1 w/e 11/08/25,MFR_002,CAT_001,TM_005,BRAND_008,5114.9217,1873.438,202.2541,2.7302,4.2061,4.2061,350.035,128.207,13.8411
MARKET_003,1 w/e 11/08/25,MFR_001,CAT_001,TM_001,BRAND_011,18617.935,2674.9308,1983.0806,6.9602,56.4924,56.7631,24.4493,3.5128,2.6042
MARKET_003,1 w/e 11/08/25,MFR_001,CAT_001,TM_001,BRAND_001,212.7108,35.511,26.6332,5.99,0.2252,0.2252,70.0606,11.6963,8.7722
MARKET_003,1 w/e 11/08/25,MFR_001,CAT_001,TM_001,BRAND_016,190737.1915,46440.6871,13682.4994,4.1071,66.8938,119.4316,211.5312,51.5036,15.1742
MARKET_003,1 w/e 11/08/25,MFR_001,CAT_001,TM_002,BRAND_012,8357.186,1329.3257,958.5724,6.2868,25.3571,25.3571,24.4503,3.8892,2.8045
MARKET_003,1 w/e 11/08/25,MFR_001,CAT_001,TM_002,BRAND_003,436.7852,153.881,20.653,2.8385,0.2252,0.4505,143.8639,50.6838,6.8025
MARKET_003,1 w/e 11/08/25,MFR_001,CAT_001,TM_002,BRAND_017,237976.4224,49430.1714,19220.7994,4.8144,63.0478,114.9268,280.0198,58.163,22.6165
MARKET_003,1 w/e 11/08/25,MFR_001,CAT_001,TM_003,BRAND_015,6017.5098,858.1319,585.9881,7.0123,16.6877,17.001,26.7512,3.8149,2.605
MARKET_003,1 w/e 11/08/25,MFR_001,CAT_001,TM_003,BRAND_004,47336.6034,8605.4858,4521.0893,5.5007,72.2803,85.1278,48.585,8.8324,4.6403
MARKET_003,1 w/e 11/08/25,MFR_001,CAT_001,TM_003,BRAND_005,38239.9682,5631.4017,4223.5513,6.7905,65.2915,65.2915,43.4496,6.3986,4.7989
MARKET_003,1 w/e 11/08/25,MFR_001,CAT_001,TM_003,BRAND_014,413.1485,50.9481,38.2111,8.1092,1.258,1.2579,24.3648,3.0046,2.2534
MARKET_003,1 w/e 11/08/25,MFR_002,CAT_001,TM_004,BRAND_007,52641.8296,7608.897,5668.8966,6.9185,15.1591,15.2374,257.6212,37.2368,27.7427
MARKET_003,1 w/e 11/08/25,MFR_002,CAT_001,TM_004,BRAND_009,61439.3526,6910.8932,5146.9633,8.8902,75.4544,75.4542,60.407,6.7948,5.0605
MARKET_003,1 w/e 11/08/25,MFR_002,CAT_001,TM_005,BRAND_010,64339.2717,15260.0858,5341.9994,4.2162,80.8759,136.0777,59.0176,13.9979,4.9001
MARKET_003,1 w/e 11/08/25,MFR_002,CAT_001,TM_005,BRAND_008,39890.4626,5447.0974,3959.0148,7.3233,25.1919,25.5461,117.4719,16.0409,11.6587
MARKET_004,1 w/e 11/08/25,MFR_001,CAT_001,TM_001,BRAND_011,1010.03,128.0,92.7657,7.8909,47.2319,49.8954,12.156,1.5405,1.1165
MARKET_004,1 w/e 11/08/25,MFR_001,CAT_001,TM_001,BRAND_016,26633.38,4935.0,2137.6875,5.3968,86.4294,136.6822,175.1692,32.4578,14.0597
MARKET_004,1 w/e 11/08/25,MFR_001,CAT_001,TM_002,BRAND_012,872.1201,109.0,81.75,8.0011,27.4575,27.4575,18.0554,2.2566,1.6925
MARKET_004,1 w/e 11/08/25,MFR_001,CAT_001,TM_002,BRAND_017,35731.24,5796.0,3033.3751,6.1648,85.4022,133.6544,237.833,38.5791,20.1906
MARKET_004,1 w/e 11/08/25,MFR_001,CAT_001,TM_003,BRAND_015,395.02,49.0,35.4582,8.0616,19.1157,19.1157,11.7469,1.4571,1.0544
MARKET_004,1 w/e 11/08/25,MFR_001,CAT_001,TM_003,BRAND_004,546.02,104.0001,43.7709,5.2502,15.7863,16.5497,19.6617,3.7449,1.5761
MARKET_004,1 w/e 11/08/25,MFR_001,CAT_001,TM_003,BRAND_005,350.79,44.0001,33.0001,7.9725,10.3626,10.3626,19.243,2.4137,1.8103
MARKET_004,1 w/e 11/08/25,MFR_001,CAT_001,TM_003,BRAND_014,121.3301,16.0,12.0,7.5831,3.0592,3.0592,22.5453,2.9731,2.2298
MARKET_004,1 w/e 11/08/25,MFR_002,CAT_001,TM_004,BRAND_007,1369.51,208.0,156.0,6.5842,3.515,3.515,221.4817,33.6385,25.2288
MARKET_004,1 w/e 11/08/25,MFR_002,CAT_001,TM_004,BRAND_009,4728.09,565.8248,424.3687,8.3561,93.8976,93.8976,28.6236,3.4255,2.5691
MARKET_004,1 w/e 11/08/25,MFR_002,CAT_001,TM_005,BRAND_010,2864.0801,549.0001,294.2083,5.2169,80.8033,91.4854,20.1488,3.8622,2.0698
MARKET_004,1 w/e 11/08/25,MFR_002,CAT_001,TM_005,BRAND_008,1033.83,147.0001,110.25,7.0329,7.3333,7.3333,80.1381,11.3948,8.5461
MARKET_005,1 w/e 11/08/25,MFR_001,CAT_001,TM_001,BRAND_011,9954.32,1669.0,1037.0365,5.9642,87.001,96.3952,13.7992,2.3137,1.4376
MARKET_005,1 w/e 11/08/25,MFR_001,CAT_001,TM_001,BRAND_016,147624.6401,38736.0001,13406.6584,3.811,93.1738,259.72,191.0876,50.1405,17.3538
MARKET_005,1 w/e 11/08/25,MFR_001,CAT_001,TM_002,BRAND_012,5038.46,775.0,544.4375,6.5012,36.0077,38.0292,16.876,2.5958,1.8236
MARKET_005,1 w/e 11/08/25,MFR_001,CAT_001,TM_002,BRAND_017,138522.4301,30552.0,12521.8958,4.534,90.186,172.0874,185.246,40.8572,16.7455
MARKET_005,1 w/e 11/08/25,MFR_001,CAT_001,TM_003,BRAND_015,4339.95,570.0001,426.2083,7.6139,39.0631,39.0631,13.3994,1.7598,1.3159
MARKET_005,1 w/e 11/08/25,MFR_001,CAT_001,TM_003,BRAND_004,33622.7501,8154.0,2695.8125,4.1235,99.0003,158.8826,40.9604,9.9335,3.2841
MARKET_005,1 w/e 11/08/25,MFR_001,CAT_001,TM_003,BRAND_013,15.8401,2.0,1.5001,7.92,0.1638,0.1638,11.6634,1.4726,1.1045
MARKET_005,1 w/e 11/08/25,MFR_001,CAT_001,TM_003,BRAND_005,18742.5701,2543.0,1907.25,7.3703,91.1025,91.1025,24.8123,3.3665,2.5249
MARKET_005,1 w/e 11/08/25,MFR_001,CAT_001,TM_003,BRAND_014,110.7101,14.0,10.5,7.9079,2.426,2.426,5.5039,0.696,0.522
MARKET_005,1 w/e 11/08/25,MFR_002,CAT_001,TM_004,BRAND_007,10997.16,1460.0001,1094.3543,7.5323,15.1528,15.4296,87.5296,11.6206,8.7103
MARKET_005,1 w/e 11/08/25,MFR_002,CAT_001,TM_004,BRAND_009,35601.67,4594.9812,3446.236,7.7479,96.4513,96.4513,44.5174,5.7457,4.3093
MARKET_005,1 w/e 11/08/25,MFR_002,CAT_001,TM_005,BRAND_010,38345.2001,9318.0001,3140.625,4.1152,96.9813,166.285,47.6859,11.5878,3.9057
MARKET_005,1 w/e 11/08/25,MFR_002,CAT_001,TM_005,BRAND_008,14303.74,1918.0,1437.8543,7.4576,25.6713,25.6713,67.1999,9.0109,6.7551
MARKET_001,1 w/e 11/09/24,MFR_001,CAT_001,TM_001,BRAND_001,4529.9748,1565.4091,340.0073,2.8938,2.5599,3.1687,59.1871,20.4531,4.4424
MARKET_001,1 w/e 11/09/24,MFR_001,CAT_001,TM_002,BRAND_002,1686.1868,675.636,85.3018,2.4957,0.8247,0.8927,68.3868,27.4018,3.4596
MARKET_001,1 w/e 11/09/24,MFR_001,CAT_001,TM_002,BRAND_003,136589.884,49072.6466,6551.4233,2.7834,63.8652,93.5462,71.5345,25.7002,3.4311
MARKET_001,1 w/e 11/09/24,MFR_001,CAT_001,TM_003,BRAND_004,112328.5902,32438.9835,7400.8485,3.4628,48.3903,57.346,77.6414,22.4218,5.1155
MARKET_001,1 w/e 11/09/24,MFR_001,CAT_001,TM_003,BRAND_005,29004.5661,3971.9238,2960.368,7.3024,24.1797,24.1797,40.1215,5.4943,4.095
MARKET_001,1 w/e 11/09/24,MFR_002,CAT_001,TM_004,BRAND_007,32153.2016,5656.6466,3700.6915,5.6841,5.8443,5.9002,184.016,32.3736,21.1794
MARKET_001,1 w/e 11/09/24,MFR_002,CAT_001,TM_005,BRAND_008,23086.6495,4683.0729,2209.6017,4.9298,7.2361,7.4931,106.7134,21.6466,10.2134
MARKET_002,1 w/e 11/09/24,MFR_001,CAT_001,TM_001,BRAND_001,2813.2651,1130.059,152.7382,2.4895,6.5147,7.8201,124.0182,49.8168,6.7332
MARKET_002,1 w/e 11/09/24,MFR_001,CAT_001,TM_002,BRAND_002,1323.0438,549.31,50.7942,2.4086,3.0897,3.2072,122.9777,51.0587,4.7214
MARKET_002,1 w/e 11/09/24,MFR_001,CAT_001,TM_002,BRAND_003,59090.8655,25207.502,2455.3626,2.3442,51.6067,64.9999,328.8392,140.2791,13.664
MARKET_002,1 w/e 11/09/24,MFR_001,CAT_001,TM_003,BRAND_004,42535.8185,16596.87,1713.3985,2.5629,41.2107,44.5324,296.4245,115.6606,11.9404
MARKET_002,1 w/e 11/09/24,MFR_001,CAT_001,TM_003,BRAND_005,19.98,2.0,1.5001,9.99,0.0355,0.0355,161.7814,16.1943,12.1457
MARKET_002,1 w/e 11/09/24,MFR_002,CAT_001,TM_004,BRAND_007,1592.9747,613.5421,64.5565,2.5964,0.837,0.837,546.6063,210.5281,22.1516
MARKET_002,1 w/e 11/09/24,MFR_002,CAT_001,TM_005,BRAND_008,4011.0711,1560.7681,167.0593,2.5699,3.703,3.718,311.078,121.0451,12.9563
MARKET_003,1 w/e 11/09/24,MFR_001,CAT_001,TM_001,BRAND_001,1300.7399,372.0161,153.1392,3.4965,2.421,3.3313,40.0436,11.4526,4.7144
MARKET_003,1 w/e 11/09/24,MFR_001,CAT_001,TM_002,BRAND_002,331.723,117.326,32.9243,2.8274,0.7981,0.9193,30.9767,10.956,3.0745
MARKET_003,1 w/e 11/09/24,MFR_001,CAT_001,TM_002,BRAND_003,30586.3585,10794.1446,1399.7743,2.8336,62.2054,91.5353,36.6466,12.9329,1.6771
MARKET_003,1 w/e 11/09/24,MFR_001,CAT_001,TM_003,BRAND_004,46254.0618,8740.1135,4059.1479,5.2922,61.0973,71.4314,56.4238,10.6618,4.9516
MARKET_003,1 w/e 11/09/24,MFR_001,CAT_001,TM_003,BRAND_005,24307.9661,3318.9238,2470.618,7.3241,43.3332,43.3333,41.8082,5.7083,4.2493
MARKET_003,1 w/e 11/09/24,MFR_002,CAT_001,TM_004,BRAND_007,22026.637,3901.4441,2791.5147,5.6458,6.7006,6.8218,245.0015,43.3956,31.0499
MARKET_003,1 w/e 11/09/24,MFR_002,CAT_001,TM_005,BRAND_008,11512.2685,1944.3057,1187.4596,5.921,9.3085,9.6172,92.1756,15.5675,9.5077
MARKET_004,1 w/e 11/09/24,MFR_001,CAT_001,TM_001,BRAND_001,64.4,11.0,4.6875,5.8545,4.4802,4.4802,8.2763,1.4136,0.6024
MARKET_004,1 w/e 11/09/24,MFR_001,CAT_001,TM_002,BRAND_003,5041.3601,1228.0001,292.8281,4.1053,69.578,96.2181,41.7173,10.1617,2.4232
MARKET_004,1 w/e 11/09/24,MFR_001,CAT_001,TM_003,BRAND_004,1988.13,364.0,170.6459,5.4619,28.5531,35.9281,40.0897,7.3399,3.441
MARKET_004,1 w/e 11/09/24,MFR_001,CAT_001,TM_003,BRAND_005,639.8101,83.0,62.25,7.7086,14.1375,14.1375,26.0567,3.3802,2.5352
MARKET_004,1 w/e 11/09/24,MFR_002,CAT_001,TM_004,BRAND_007,280.3101,45.0,33.7501,6.2291,2.6884,2.6884,60.0338,9.6376,7.2282
MARKET_004,1 w/e 11/09/24,MFR_002,CAT_001,TM_005,BRAND_008,747.22,106.0,79.5001,7.0492,2.6528,2.6528,162.1782,23.0065,17.2549
MARKET_005,1 w/e 11/09/24,MFR_001,CAT_001,TM_001,BRAND_001,371.7401,57.0,35.9948,6.5218,4.1709,4.7748,10.7728,1.6518,1.0431
MARKET_005,1 w/e 11/09/24,MFR_001,CAT_001,TM_002,BRAND_002,2.28,1.0001,0.1043,2.28,0.2958,0.2958,0.9316,0.4086,0.0426
MARKET_005,1 w/e 11/09/24,MFR_001,CAT_001,TM_002,BRAND_003,32658.92,8042.0,2021.5573,4.061,80.0938,127.045,49.2859,12.1363,3.0507
MARKET_005,1 w/e 11/09/24,MFR_001,CAT_001,TM_003,BRAND_004,14626.05,4172.0,1148.2968,3.5058,48.1079,64.4753,36.7477,10.4821,2.8851
MARKET_005,1 w/e 11/09/24,MFR_001,CAT_001,TM_003,BRAND_005,3359.5701,489.0001,366.75,6.8703,18.1612,18.1612,22.3594,3.2545,2.4409
MARKET_005,1 w/e 11/09/24,MFR_002,CAT_001,TM_004,BRAND_007,7563.5601,1008.0001,756.0,7.5035,9.3744,9.3744,97.5216,12.9968,9.7476
MARKET_005,1 w/e 11/09/24,MFR_002,CAT_001,TM_005,BRAND_008,6724.76,1040.0,770.9582,6.4661,8.8039,9.532,92.3259,14.2784,10.5847
MARKET_001,1 w/e 11/15/25,MFR_001,CAT_001,TM_001,BRAND_011,29654.6249,4583.5897,2978.0012,6.4697,49.4928,49.9306,20.1587,3.1158,2.0244
MARKET_001,1 w/e 11/15/25,MFR_001,CAT_001,TM_001,BRAND_001,2115.9736,677.262,163.8927,3.1243,0.4114,0.4785,173.0377,55.3844,13.4026
MARKET_001,1 w/e 11/15/25,MFR_001,CAT_001,TM_001,BRAND_016,615304.3385,172726.0829,44439.735,3.5623,77.7683,157.8461,266.1954,74.7255,19.2257
MARKET_001,1 w/e 11/15/25,MFR_001,CAT_001,TM_002,BRAND_012,9506.7994,1605.1242,954.3333,5.9228,15.1447,15.1447,21.1196,3.5658,2.1201
MARKET_001,1 w/e 11/15/25,MFR_001,CAT_001,TM_002,BRAND_002,570.7877,244.2041,25.6878,2.3373,0.1766,0.1919,108.7463,46.5257,4.8941
MARKET_001,1 w/e 11/15/25,MFR_001,CAT_001,TM_002,BRAND_003,494.4952,177.881,22.9448,2.7799,0.1539,0.2561,108.0935,38.8836,5.0156
MARKET_001,1 w/e 11/15/25,MFR_001,CAT_001,TM_002,BRAND_017,617760.0181,146074.5098,49890.4733,4.2291,72.6796,128.123,285.9699,67.62,23.095
MARKET_001,1 w/e 11/15/25,MFR_001,CAT_001,TM_003,BRAND_015,11672.507,1923.7337,1075.496,6.0676,15.7478,15.7809,24.9377,4.11,2.2977
MARKET_001,1 w/e 11/15/25,MFR_001,CAT_001,TM_003,BRAND_004,157538.1949,43624.9525,10946.9027,3.6112,67.5047,88.4057,78.5172,21.7427,5.4559
MARKET_001,1 w/e 11/15/25,MFR_001,CAT_001,TM_003,BRAND_013,27.8801,4.0,3.0,6.97,0.0303,0.0303,30.9847,4.4454,3.3341
MARKET_001,1 w/e 11/15/25,MFR_001,CAT_001,TM_003,BRAND_005,58708.8639,8587.8406,6440.8805,6.8363,52.2696,52.2696,37.7892,5.5277,4.1458
MARKET_001,1 w/e 11/15/25,MFR_001,CAT_001,TM_003,BRAND_014,419.0109,57.9231,43.4423,7.2339,0.7529,0.7529,18.7236,2.5883,1.9412
MARKET_001,1 w/e 11/15/25,MFR_002,CAT_001,TM_004,BRAND_007,72867.3152,10949.1074,7711.1508,6.6551,10.3583,10.4257,236.6789,35.5636,25.0464
MARKET_001,1 w/e 11/15/25,MFR_002,CAT_001,TM_004,BRAND_009,97316.5834,11908.4614,8893.2019,8.1721,63.9791,64.002,51.1755,6.2623,4.6766
MARKET_001,1 w/e 11/15/25,MFR_002,CAT_001,TM_005,BRAND_010,163290.402,46406.3812,11456.5625,3.5187,78.0087,121.8091,70.4256,20.0146,4.9411
MARKET_001,1 w/e 11/15/25,MFR_002,CAT_001,TM_005,BRAND_008,67626.0164,10557.5825,6704.3754,6.4054,18.265,18.4829,124.568,19.4472,12.3495
MARKET_002,1 w/e 11/15/25,MFR_001,CAT_001,TM_001,BRAND_011,1711.2236,646.207,67.9591,2.6481,3.0363,3.0363,162.2228,61.26,6.4425
MARKET_002,1 w/e 11/15/25,MFR_001,CAT_001,TM_001,BRAND_001,1903.2628,641.751,137.2594,2.9657,2.6459,3.2199,207.0497,69.814,14.932
MARKET_002,1 w/e 11/15/25,MFR_001,CAT_001,TM_001,BRAND_016,118068.2062,45183.3381,4714.3479,2.6131,55.5582,55.674,611.6928,234.0878,24.4243
MARKET_002,1 w/e 11/15/25,MFR_001,CAT_001,TM_002,BRAND_012,866.9987,321.846,34.1715,2.6938,2.0788,2.0788,120.0463,44.5634,4.7315
MARKET_002,1 w/e 11/15/25,MFR_001,CAT_001,TM_002,BRAND_002,570.7877,244.2041,25.6878,2.3373,1.5108,1.6416,108.7463,46.5257,4.8941
MARKET_002,1 w/e 11/15/25,MFR_001,CAT_001,TM_002,BRAND_003,55.7101,23.0,2.1875,2.4222,0.3263,0.3263,49.14,20.2876,1.9295
MARKET_002,1 w/e 11/15/25,MFR_001,CAT_001,TM_002,BRAND_017,72029.8288,28699.238,2997.8998,2.5098,41.5356,41.6461,499.1606,198.8833,20.7752
MARKET_002,1 w/e 11/15/25,MFR_001,CAT_001,TM_003,BRAND_015,1265.8441,464.525,53.5546,2.725,2.3357,2.3357,155.9978,57.2463,6.5999
MARKET_002,1 w/e 11/15/25,MFR_001,CAT_001,TM_003,BRAND_004,56632.2479,20839.327,2232.2935,2.7176,49.0855,51.2123,332.0924,122.2021,13.0902
MARKET_002,1 w/e 11/15/25,MFR_001,CAT_001,TM_003,BRAND_005,9.99,1.0001,0.75,9.99,0.0222,0.0222,129.572,12.9702,9.7276
MARKET_002,1 w/e 11/15/25,MFR_001,CAT_001,TM_003,BRAND_014,10.9901,1.0001,0.75,10.99,0.0116,0.0116,273.3831,24.8756,18.6567
MARKET_002,1 w/e 11/15/25,MFR_002,CAT_001,TM_004,BRAND_007,1799.4437,708.754,73.8285,2.5389,1.0623,1.0623,487.5748,192.043,20.0045
MARKET_002,1 w/e 11/15/25,MFR_002,CAT_001,TM_004,BRAND_009,138.1201,14.0,9.2082,9.8657,0.1426,0.1426,278.6925,28.2486,18.5801
MARKET_002,1 w/e 11/15/25,MFR_002,CAT_001,TM_005,BRAND_010,45571.5262,17361.04,1828.4626,2.6249,56.2718,56.605,233.1048,88.8042,9.3528
MARKET_002,1 w/e 11/15/25,MFR_002,CAT_001,TM_005,BRAND_008,4652.7316,1695.876,190.862,2.7436,3.3088,3.3088,404.7437,147.5252,16.6032
MARKET_003,1 w/e 11/15/25,MFR_001,CAT_001,TM_001,BRAND_011,17765.6211,2453.3826,1835.5163,7.2413,55.8069,55.9725,23.6166,3.2614,2.44
MARKET_003,1 w/e 11/15/25,MFR_001,CAT_001,TM_001,BRAND_001,212.7108,35.511,26.6332,5.99,0.2252,0.2252,70.0606,11.6963,8.7722
MARKET_003,1 w/e 11/15/25,MFR_001,CAT_001,TM_001,BRAND_016,287097.1122,70742.4115,21649.2162,4.0583,81.1777,149.0771,262.3716,64.6499,19.7847
MARKET_003,1 w/e 11/15/25,MFR_001,CAT_001,TM_002,BRAND_012,5180.3906,796.2783,558.7868,6.5058,16.0748,16.0748,23.9079,3.6749,2.5788
MARKET_003,1 w/e 11/15/25,MFR_001,CAT_001,TM_002,BRAND_003,436.7852,153.881,20.653,2.8385,0.2252,0.4505,143.8639,50.6838,6.8025
MARKET_003,1 w/e 11/15/25,MFR_001,CAT_001,TM_002,BRAND_017,348334.3392,74331.2718,29679.4483,4.6862,76.9734,142.3216,335.7226,71.64,28.6049
MARKET_003,1 w/e 11/15/25,MFR_001,CAT_001,TM_003,BRAND_015,5688.013,789.2104,537.526,7.2072,14.1592,14.2322,29.802,4.135,2.8163
MARKET_003,1 w/e 11/15/25,MFR_001,CAT_001,TM_003,BRAND_004,50465.1769,9036.6256,4819.2133,5.5845,72.2222,84.6598,51.8377,9.2824,4.9503
MARKET_003,1 w/e 11/15/25,MFR_001,CAT_001,TM_003,BRAND_005,39787.5538,5768.8407,4326.6305,6.897,65.0233,65.0232,45.3945,6.5818,4.9363
MARKET_003,1 w/e 11/15/25,MFR_001,CAT_001,TM_003,BRAND_014,153.1008,23.9251,17.9438,6.3992,0.6805,0.6805,16.6902,2.6082,1.9561
MARKET_003,1 w/e 11/15/25,MFR_002,CAT_001,TM_004,BRAND_007,58107.8817,8342.3534,6218.343,6.9654,14.1563,14.305,304.5159,43.7183,32.5874
MARKET_003,1 w/e 11/15/25,MFR_002,CAT_001,TM_004,BRAND_009,61687.1234,7262.8227,5410.2644,8.4935,75.6304,75.681,60.5094,7.1242,5.307
MARKET_003,1 w/e 11/15/25,MFR_002,CAT_001,TM_005,BRAND_010,66987.2258,16182.3413,5440.7249,4.1395,82.8338,137.8069,59.9942,14.493,4.8727
MARKET_003,1 w/e 11/15/25,MFR_002,CAT_001,TM_005,BRAND_008,47411.7648,6596.7065,4821.8675,7.1872,24.4039,24.7581,144.1289,20.0536,14.6582
MARKET_004,1 w/e 11/15/25,MFR_001,CAT_001,TM_001,BRAND_011,951.53,120.0001,87.1251,7.9294,42.9208,44.3861,12.6022,1.5893,1.1539
MARKET_004,1 w/e 11/15/25,MFR_001,CAT_001,TM_001,BRAND_016,26877.1901,5253.0,2079.1042,5.1165,90.7221,151.7832,168.4085,32.9145,13.0274
MARKET_004,1 w/e 11/15/25,MFR_001,CAT_001,TM_002,BRAND_012,596.7001,74.0,55.5,8.0635,19.4822,19.4822,17.4105,2.1592,1.6194
MARKET_004,1 w/e 11/15/25,MFR_001,CAT_001,TM_002,BRAND_017,31785.4,5532.0001,2598.3542,5.7457,90.2121,142.4828,200.2885,34.8586,16.3729
MARKET_004,1 w/e 11/15/25,MFR_001,CAT_001,TM_003,BRAND_015,234.12,28.0,21.0,8.3614,12.528,12.528,10.6231,1.2705,0.9529
MARKET_004,1 w/e 11/15/25,MFR_001,CAT_001,TM_003,BRAND_004,436.67,78.0001,35.8959,5.5983,13.0012,13.9432,19.0926,3.4104,1.5695
MARKET_004,1 w/e 11/15/25,MFR_001,CAT_001,TM_003,BRAND_005,322.3301,41.0,30.7501,7.8617,11.4043,11.4043,16.0667,2.0437,1.5327
MARKET_004,1 w/e 11/15/25,MFR_001,CAT_001,TM_003,BRAND_014,24.7501,3.0,2.25,8.25,0.5765,0.5765,24.4059,2.9583,2.2187
MARKET_004,1 w/e 11/15/25,MFR_002,CAT_001,TM_004,BRAND_007,957.14,142.0,106.5001,6.7404,3.9447,3.9447,137.9284,20.4629,15.3471
MARKET_004,1 w/e 11/15/25,MFR_002,CAT_001,TM_004,BRAND_009,4087.23,483.9919,362.9938,8.4448,91.2129,91.2129,25.4722,3.0163,2.2622
MARKET_004,1 w/e 11/15/25,MFR_002,CAT_001,TM_005,BRAND_010,2923.4501,542.0,305.1042,5.3938,83.5123,93.2983,19.8993,3.6893,2.0768
MARKET_004,1 w/e 11/15/25,MFR_002,CAT_001,TM_005,BRAND_008,1157.1601,166.0,124.5001,6.9708,6.7617,6.7617,97.282,13.9556,10.4667
MARKET_005,1 w/e 11/15/25,MFR_001,CAT_001,TM_001,BRAND_011,10366.53,1694.0,1075.9478,6.1196,85.0482,93.7741,14.7006,2.4022,1.5258
MARKET_005,1 w/e 11/15/25,MFR_001,CAT_001,TM_001,BRAND_016,166763.57,45243.0001,15600.725,3.686,97.8927,269.9458,205.4557,55.7402,19.2204
MARKET_005,1 w/e 11/15/25,MFR_001,CAT_001,TM_002,BRAND_012,4286.6701,675.0,459.75,6.3506,29.4648,31.6608,17.5462,2.7629,1.8819
MARKET_005,1 w/e 11/15/25,MFR_001,CAT_001,TM_002,BRAND_017,154435.6501,33948.0,14016.8334,4.5492,93.1083,174.0841,200.0445,43.9737,18.1564
MARKET_005,1 w/e 11/15/25,MFR_001,CAT_001,TM_003,BRAND_015,4187.0001,581.0001,435.7501,7.2065,33.7517,33.7517,14.9615,2.0761,1.5571
MARKET_005,1 w/e 11/15/25,MFR_001,CAT_001,TM_003,BRAND_004,40104.08,9708.0,3343.3542,4.131,98.5011,159.946,49.1038,11.8866,4.0936
MARKET_005,1 w/e 11/15/25,MFR_001,CAT_001,TM_003,BRAND_013,7.92,1.0001,0.75,7.92,0.1027,0.1027,9.3045,1.1748,0.8811
MARKET_005,1 w/e 11/15/25,MFR_001,CAT_001,TM_003,BRAND_005,19631.9701,2776.0001,2082.0,7.072,90.1575,90.1575,26.2621,3.7135,2.7851
MARKET_005,1 w/e 11/15/25,MFR_001,CAT_001,TM_003,BRAND_014,102.6301,14.0,10.5,7.3307,2.054,2.054,6.0261,0.822,0.6165
MARKET_005,1 w/e 11/15/25,MFR_002,CAT_001,TM_004,BRAND_007,11192.34,1603.0,1200.9583,6.9821,12.5694,12.8462,107.3921,15.381,11.5234
MARKET_005,1 w/e 11/15/25,MFR_002,CAT_001,TM_004,BRAND_009,36089.44,4791.6502,3593.7376,7.5317,97.6844,97.6844,44.5577,5.916,4.437
MARKET_005,1 w/e 11/15/25,MFR_002,CAT_001,TM_005,BRAND_010,41006.02,9969.0001,3426.0834,4.1134,99.2093,169.4759,49.8497,12.119,4.165
MARKET_005,1 w/e 11/15/25,MFR_002,CAT_001,TM_005,BRAND_008,13043.79,1871.0,1397.4375,6.9716,22.8686,23.074,68.7912,9.8674,7.3699
MARKET_001,1 w/e 11/16/24,MFR_001,CAT_001,TM_001,BRAND_001,3762.818,1353.934,226.056,2.7792,1.967,2.4543,63.9846,23.0229,3.844
MARKET_001,1 w/e 11/16/24,MFR_001,CAT_001,TM_002,BRAND_002,1012.483,421.9411,42.6814,2.3996,0.6588,0.6722,51.4071,21.4233,2.1671
MARKET_001,1 w/e 11/16/24,MFR_001,CAT_001,TM_002,BRAND_003,116424.4068,42226.7168,5584.1398,2.7571,58.9206,82.4968,66.0905,23.9708,3.1699
MARKET_001,1 w/e 11/16/24,MFR_001,CAT_001,TM_003,BRAND_004,119297.0455,34971.9258,8260.31,3.4112,48.8904,57.5468,81.6146,23.9253,5.6511
MARKET_001,1 w/e 11/16/24,MFR_001,CAT_001,TM_003,BRAND_005,36338.9237,5421.4545,4028.9411,6.7028,25.9768,25.9768,46.7895,6.9806,5.1876
MARKET_001,1 w/e 11/16/24,MFR_002,CAT_001,TM_004,BRAND_007,32746.4767,4857.3503,3241.0073,6.7416,4.6756,4.6756,234.2543,34.7474,23.1848
MARKET_001,1 w/e 11/16/24,MFR_002,CAT_001,TM_005,BRAND_008,23720.7419,4719.8353,2268.6756,5.0258,6.3081,6.6001,125.7742,25.0259,12.0292
MARKET_002,1 w/e 11/16/24,MFR_001,CAT_001,TM_001,BRAND_001,2806.3676,1127.594,149.887,2.4888,5.6882,6.9016,141.6942,56.9325,7.5678
MARKET_002,1 w/e 11/16/24,MFR_001,CAT_001,TM_002,BRAND_002,925.1331,389.941,39.348,2.3725,2.9206,3.0356,90.974,38.3453,3.8693
MARKET_002,1 w/e 11/16/24,MFR_001,CAT_001,TM_002,BRAND_003,55021.3485,24073.4001,2302.5109,2.2856,47.4086,58.0064,333.3148,145.8347,13.9484
MARKET_002,1 w/e 11/16/24,MFR_001,CAT_001,TM_003,BRAND_004,46278.0247,18260.1881,1907.7843,2.5344,40.8536,44.1116,325.3311,128.3678,13.4116
MARKET_002,1 w/e 11/16/24,MFR_001,CAT_001,TM_003,BRAND_005,16.5,2.0,1.5001,8.25,0.0392,0.0392,120.7906,14.6413,10.981
MARKET_002,1 w/e 11/16/24,MFR_002,CAT_001,TM_004,BRAND_007,1585.686,613.46,63.902,2.5848,0.8629,0.8629,527.7704,204.1804,21.2688
MARKET_002,1 w/e 11/16/24,MFR_002,CAT_001,TM_005,BRAND_008,4541.1433,1706.651,182.9428,2.6609,4.5496,4.5496,286.6612,107.7329,11.5483
MARKET_003,1 w/e 11/16/24,MFR_001,CAT_001,TM_001,BRAND_001,701.2404,187.34,54.9609,3.7431,1.7087,2.3768,30.5862,8.1713,2.3972
MARKET_003,1 w/e 11/16/24,MFR_001,CAT_001,TM_002,BRAND_002,75.3301,27.0,2.8125,2.79,0.4491,0.4491,12.5017,4.4809,0.4668
MARKET_003,1 w/e 11/16/24,MFR_001,CAT_001,TM_002,BRAND_003,21349.5983,7378.1671,983.7786,2.8936,53.8805,76.7316,29.5319,10.2059,1.3608
MARKET_003,1 w/e 11/16/24,MFR_001,CAT_001,TM_003,BRAND_004,51019.2008,10015.7352,4827.8632,5.0939,61.662,71.3632,61.6666,12.106,5.8354
MARKET_003,1 w/e 11/16/24,MFR_001,CAT_001,TM_003,BRAND_005,31524.7136,4753.4545,3527.941,6.632,47.0311,47.0312,49.9574,7.5328,5.5908
MARKET_003,1 w/e 11/16/24,MFR_002,CAT_001,TM_004,BRAND_007,25195.0505,3459.2331,2594.4248,7.2834,5.6401,5.6401,332.9398,45.712,34.284
MARKET_003,1 w/e 11/16/24,MFR_002,CAT_001,TM_005,BRAND_008,12052.3387,1941.1843,1291.4202,6.2088,7.9633,8.511,112.8012,18.1681,12.0868
MARKET_004,1 w/e 11/16/24,MFR_001,CAT_001,TM_001,BRAND_001,26.2301,4.0,1.9219,6.5575,1.0338,1.0338,14.6087,2.2278,1.0704
MARKET_004,1 w/e 11/16/24,MFR_001,CAT_001,TM_002,BRAND_003,4344.63,1006.0001,258.4844,4.3187,65.1595,90.7934,38.3898,8.8892,2.284
MARKET_004,1 w/e 11/16/24,MFR_001,CAT_001,TM_003,BRAND_004,1958.12,368.0,168.776,5.321,30.1454,36.5557,37.3989,7.0286,3.2235
MARKET_004,1 w/e 11/16/24,MFR_001,CAT_001,TM_003,BRAND_005,1075.77,136.0,102.0,7.9101,18.4804,18.4804,33.5158,4.2371,3.1778
MARKET_004,1 w/e 11/16/24,MFR_002,CAT_001,TM_004,BRAND_007,290.59,49.0,36.75,5.9304,2.2306,2.2306,75.0065,12.6478,9.4858
MARKET_004,1 w/e 11/16/24,MFR_002,CAT_001,TM_005,BRAND_008,828.57,120.0001,90.0,6.9048,2.6247,2.6247,181.7598,26.3239,19.7429
MARKET_005,1 w/e 11/16/24,MFR_001,CAT_001,TM_001,BRAND_001,250.89,39.0,25.0832,6.4331,3.7723,4.543,8.0388,1.2496,0.8037
MARKET_005,1 w/e 11/16/24,MFR_001,CAT_001,TM_002,BRAND_002,2.28,1.0001,0.1043,2.28,0.3369,0.3369,0.818,0.3588,0.0374
MARKET_005,1 w/e 11/16/24,MFR_001,CAT_001,TM_002,BRAND_003,27705.8001,6682.0,1705.9478,4.1463,79.4468,116.2167,42.1516,10.166,2.5954
MARKET_005,1 w/e 11/16/24,MFR_001,CAT_001,TM_003,BRAND_004,14901.7001,4230.0001,1175.4322,3.5229,49.886,66.6877,36.1058,10.249,2.848
MARKET_005,1 w/e 11/16/24,MFR_001,CAT_001,TM_003,BRAND_005,3316.5601,482.0001,361.5,6.8808,17.2332,17.2332,23.2617,3.3807,2.5355
MARKET_005,1 w/e 11/16/24,MFR_002,CAT_001,TM_004,BRAND_007,4729.49,624.0,468.0,7.5793,6.9608,6.9608,82.1252,10.8354,8.1266
MARKET_005,1 w/e 11/16/24,MFR_002,CAT_001,TM_005,BRAND_008,6226.2601,920.0001,686.7708,6.7677,7.2849,7.7615,103.3054,15.2645,11.3948
MARKET_001,1 w/e 11/22/25,MFR_001,CAT_001,TM_001,BRAND_011,30691.8824,5145.9249,3256.0124,5.9643,48.5165,48.8704,21.312,3.5732,2.2609
MARKET_001,1 w/e 11/22/25,MFR_001,CAT_001,TM_001,BRAND_001,2081.027,652.124,157.6163,3.1912,0.4016,0.468,174.5784,54.707,13.2225
MARKET_001,1 w/e 11/22/25,MFR_001,CAT_001,TM_001,BRAND_016,618976.1354,176243.5962,46942.7126,3.512,81.3165,162.7911,256.4389,73.0169,19.4481
MARKET_001,1 w/e 11/22/25,MFR_001,CAT_001,TM_002,BRAND_012,6325.9746,1081.4038,646.9295,5.8498,10.9613,10.9613,19.4426,3.3236,1.9883
MARKET_001,1 w/e 11/22/25,MFR_001,CAT_001,TM_002,BRAND_002,527.8235,232.173,23.3514,2.2734,0.1611,0.1725,110.3864,48.5555,4.8836
MARKET_001,1 w/e 11/22/25,MFR_001,CAT_001,TM_002,BRAND_003,483.1078,171.283,22.2395,2.8205,0.1269,0.2288,128.2065,45.4549,5.9019
MARKET_001,1 w/e 11/22/25,MFR_001,CAT_001,TM_002,BRAND_017,628130.9494,149847.6892,53899.4491,4.1918,75.6018,132.4093,279.9026,66.7739,24.0182
MARKET_001,1 w/e 11/22/25,MFR_001,CAT_001,TM_003,BRAND_015,10017.8917,1486.9048,1001.3803,6.7374,15.3635,15.4479,21.9672,3.2605,2.1958
MARKET_001,1 w/e 11/22/25,MFR_001,CAT_001,TM_003,BRAND_004,153647.9416,42804.228,11537.5132,3.5896,67.4176,88.1641,76.779,21.3896,5.7654
MARKET_001,1 w/e 11/22/25,MFR_001,CAT_001,TM_003,BRAND_013,34.8501,5.0,3.7501,6.97,0.0303,0.0303,38.7308,5.5568,4.1676
MARKET_001,1 w/e 11/22/25,MFR_001,CAT_001,TM_003,BRAND_005,63717.2301,9985.4094,7489.057,6.381,53.0781,53.0781,40.4418,6.3378,4.7534
MARKET_001,1 w/e 11/22/25,MFR_001,CAT_001,TM_003,BRAND_006,1.87,2.0,0.8543,0.935,0.0433,0.0433,1.4537,1.5547,0.664
MARKET_001,1 w/e 11/22/25,MFR_001,CAT_001,TM_003,BRAND_014,201.2701,24.0001,18.0,8.3863,0.4115,0.4115,16.4789,1.965,1.4737
MARKET_001,1 w/e 11/22/25,MFR_002,CAT_001,TM_004,BRAND_007,61881.0166,9720.3336,6871.8632,6.3661,8.8833,8.8833,234.6774,36.8634,26.0608
MARKET_001,1 w/e 11/22/25,MFR_002,CAT_001,TM_004,BRAND_009,100223.5672,11400.4658,8517.3278,8.7912,64.4983,64.4983,52.3492,5.9547,4.4488
MARKET_001,1 w/e 11/22/25,MFR_002,CAT_001,TM_005,BRAND_010,164201.0062,47616.851,12042.3985,3.4484,77.2195,121.1437,71.637,20.7741,5.2538
MARKET_001,1 w/e 11/22/25,MFR_002,CAT_001,TM_005,BRAND_008,72812.4685,11648.2716,7636.1223,6.2509,17.6584,17.837,138.9134,22.2229,14.5684
MARKET_002,1 w/e 11/22/25,MFR_001,CAT_001,TM_001,BRAND_011,2319.6505,887.45,93.0885,2.6138,3.1128,3.1128,214.5024,82.0642,8.6081
MARKET_002,1 w/e 11/22/25,MFR_001,CAT_001,TM_001,BRAND_001,1869.1428,616.7511,131.0864,3.0306,2.5607,3.1286,210.1081,69.3282,14.7353
MARKET_002,1 w/e 11/22/25,MFR_001,CAT_001,TM_001,BRAND_016,139076.082,53371.839,5599.5923,2.6058,64.8321,65.7993,617.4896,236.9678,24.8619
MARKET_002,1 w/e 11/22/25,MFR_001,CAT_001,TM_002,BRAND_012,649.9168,244.062,25.3815,2.6629,1.2232,1.2232,152.936,57.4318,5.9727
MARKET_002,1 w/e 11/22/25,MFR_001,CAT_001,TM_002,BRAND_002,527.8235,232.173,23.3514,2.2734,1.3764,1.4739,110.3864,48.5555,4.8836
MARKET_002,1 w/e 11/22/25,MFR_001,CAT_001,TM_002,BRAND_003,48.02,18.0,1.6666,2.6678,0.2141,0.2141,64.5517,24.1968,2.2405
MARKET_002,1 w/e 11/22/25,MFR_001,CAT_001,TM_002,BRAND_017,90238.2695,35386.1401,3692.5146,2.5501,48.5084,48.5773,535.478,209.983,21.9116
MARKET_002,1 w/e 11/22/25,MFR_001,CAT_001,TM_003,BRAND_015,1299.0257,241.09,81.2274,5.3881,1.2626,1.2626,296.1687,54.9668,18.5193
MARKET_002,1 w/e 11/22/25,MFR_001,CAT_001,TM_003,BRAND_004,52902.7701,20112.951,2094.0575,2.6303,45.4192,46.4099,335.2788,127.4687,13.2714
MARKET_002,1 w/e 11/22/25,MFR_002,CAT_001,TM_004,BRAND_007,1671.8256,644.825,67.1692,2.5927,0.9045,0.9045,532.0219,205.2014,21.3752
MARKET_002,1 w/e 11/22/25,MFR_002,CAT_001,TM_004,BRAND_009,1037.353,87.886,65.9145,11.8034,0.5239,0.5239,569.9116,48.2837,36.2128
MARKET_002,1 w/e 11/22/25,MFR_002,CAT_001,TM_005,BRAND_010,48753.2282,18764.541,1964.3273,2.5982,58.2806,58.4176,240.7946,92.679,9.7019
MARKET_002,1 w/e 11/22/25,MFR_002,CAT_001,TM_005,BRAND_008,4281.6137,1590.4421,172.1294,2.6921,3.1321,3.1321,393.4981,146.1682,15.8194
MARKET_003,1 w/e 11/22/25,MFR_001,CAT_001,TM_001,BRAND_011,18824.3918,2825.4749,2112.0021,6.6624,56.0515,56.2274,24.9878,3.7506,2.8035
MARKET_003,1 w/e 11/22/25,MFR_001,CAT_001,TM_001,BRAND_001,211.8842,35.373,26.5299,5.99,0.225,0.225,70.0629,11.6966,8.7725
MARKET_003,1 w/e 11/22/25,MFR_001,CAT_001,TM_001,BRAND_016,288227.8933,68553.7573,24837.4558,4.2044,84.4027,155.7138,254.0823,60.4324,21.895
MARKET_003,1 w/e 11/22/25,MFR_001,CAT_001,TM_002,BRAND_012,3457.1378,506.6752,378.7146,6.8232,11.1525,11.1525,23.0643,3.3803,2.5266
MARKET_003,1 w/e 11/22/25,MFR_001,CAT_001,TM_002,BRAND_003,435.0878,153.2831,20.5728,2.8385,0.225,0.45,143.8688,50.6855,6.8027
MARKET_003,1 w/e 11/22/25,MFR_001,CAT_001,TM_002,BRAND_017,345144.1698,71669.5493,32667.4342,4.8158,80.397,148.1601,319.4149,66.3268,30.2322
MARKET_003,1 w/e 11/22/25,MFR_001,CAT_001,TM_003,BRAND_015,4789.256,656.8149,491.3195,7.2916,14.2084,14.2084,25.0794,3.4395,2.5728
MARKET_003,1 w/e 11/22/25,MFR_001,CAT_001,TM_003,BRAND_004,53447.8017,9867.277,5755.4975,5.4167,72.5864,85.8038,54.7859,10.1143,5.8996
MARKET_003,1 w/e 11/22/25,MFR_001,CAT_001,TM_003,BRAND_005,44548.0201,7041.4094,5281.057,6.3266,66.2776,66.2776,50.0099,7.9047,5.9286
MARKET_003,1 w/e 11/22/25,MFR_001,CAT_001,TM_003,BRAND_006,0.0,1.0001,0.75,0.0,0.0677,0.0677,0.0,1.0988,0.8241
MARKET_003,1 w/e 11/22/25,MFR_001,CAT_001,TM_003,BRAND_014,131.8801,14.0,10.5,9.42,0.4875,0.4875,20.1294,2.1369,1.6027
MARKET_003,1 w/e 11/22/25,MFR_002,CAT_001,TM_004,BRAND_007,49991.7509,7576.5086,5681.7356,6.5983,12.9138,12.9137,288.0303,43.6525,32.7356
MARKET_003,1 w/e 11/22/25,MFR_002,CAT_001,TM_004,BRAND_009,66556.1141,7262.784,5416.65,9.164,76.6806,76.6805,64.5798,7.0471,5.2558
MARKET_003,1 w/e 11/22/25,MFR_002,CAT_001,TM_005,BRAND_010,69457.4078,16982.31,6329.967,4.09,82.0308,138.0534,62.9994,15.4033,5.7414
MARKET_003,1 w/e 11/22/25,MFR_002,CAT_001,TM_005,BRAND_008,52857.805,7602.8296,5624.0347,6.9524,25.1075,25.4462,156.6394,22.5303,16.6663
MARKET_004,1 w/e 11/22/25,MFR_001,CAT_001,TM_001,BRAND_011,1126.12,168.0,124.9218,6.7031,51.2564,51.2564,12.489,1.8632,1.3854
MARKET_004,1 w/e 11/22/25,MFR_001,CAT_001,TM_001,BRAND_016,22940.9601,4959.0,2008.4375,4.6261,91.3511,146.5686,142.7548,30.8584,12.4979
MARKET_004,1 w/e 11/22/25,MFR_001,CAT_001,TM_002,BRAND_012,473.18,69.6666,52.25,6.7921,19.8887,19.8887,13.5243,1.9912,1.4934
MARKET_004,1 w/e 11/22/25,MFR_001,CAT_001,TM_002,BRAND_017,33588.14,6299.0001,3268.5417,5.3323,87.4248,141.3449,218.3958,40.9572,21.2526
MARKET_004,1 w/e 11/22/25,MFR_001,CAT_001,TM_003,BRAND_015,227.04,34.0,25.5001,6.6776,11.5414,11.5414,11.1825,1.6746,1.256
MARKET_004,1 w/e 11/22/25,MFR_001,CAT_001,TM_003,BRAND_004,826.02,150.0001,86.0208,5.5068,17.8239,19.2279,26.344,4.7839,2.7434
MARKET_004,1 w/e 11/22/25,MFR_001,CAT_001,TM_003,BRAND_005,526.72,83.0,62.25,6.346,13.1265,13.1265,22.8098,3.5943,2.6958
MARKET_004,1 w/e 11/22/25,MFR_001,CAT_001,TM_003,BRAND_014,24.51,4.0,3.0,6.1275,1.9889,1.9889,7.0053,1.1432,0.8574
MARKET_004,1 w/e 11/22/25,MFR_002,CAT_001,TM_004,BRAND_007,1299.6001,201.0001,150.75,6.4657,3.4008,3.4008,217.23,33.5974,25.1981
MARKET_004,1 w/e 11/22/25,MFR_002,CAT_001,TM_004,BRAND_009,4044.1001,453.4901,340.1176,8.9177,90.7285,90.7285,25.3379,2.8413,2.131
MARKET_004,1 w/e 11/22/25,MFR_002,CAT_001,TM_005,BRAND_010,2388.86,445.0,243.3332,5.3682,73.1436,79.1076,18.5655,3.4584,1.8911
MARKET_004,1 w/e 11/22/25,MFR_002,CAT_001,TM_005,BRAND_008,811.63,112.0,84.0,7.2467,5.3884,5.3884,85.6231,11.8155,8.8616
MARKET_005,1 w/e 11/22/25,MFR_001,CAT_001,TM_001,BRAND_011,9738.62,1648.0,1029.6875,5.9094,78.8113,86.7643,14.9031,2.5219,1.5757
MARKET_005,1 w/e 11/22/25,MFR_001,CAT_001,TM_001,BRAND_016,147063.56,40916.0,13878.0438,3.5943,98.4222,266.0319,180.2104,50.1381,17.006
MARKET_005,1 w/e 11/22/25,MFR_001,CAT_001,TM_002,BRAND_012,2826.5201,484.0001,308.75,5.8399,21.4131,23.2994,15.9199,2.726,1.739
MARKET_005,1 w/e 11/22/25,MFR_001,CAT_001,TM_002,BRAND_017,142946.64,31334.0,13152.9584,4.562,91.7765,170.0088,187.8494,41.1767,17.2846
MARKET_005,1 w/e 11/22/25,MFR_001,CAT_001,TM_003,BRAND_015,3595.62,506.0,378.8543,7.106,31.7033,32.0056,13.6785,1.9249,1.4412
MARKET_005,1 w/e 11/22/25,MFR_001,CAT_001,TM_003,BRAND_004,38618.8801,9427.0001,3261.7708,4.0966,98.487,158.7641,47.2921,11.5442,3.9943
MARKET_005,1 w/e 11/22/25,MFR_001,CAT_001,TM_003,BRAND_013,7.92,1.0001,0.75,7.92,0.1027,0.1027,9.3045,1.1748,0.8811
MARKET_005,1 w/e 11/22/25,MFR_001,CAT_001,TM_003,BRAND_005,19905.06,2864.0,2148.0,6.9501,90.4115,90.4115,26.5526,3.8205,2.8654
MARKET_005,1 w/e 11/22/25,MFR_001,CAT_001,TM_003,BRAND_014,55.86,7.0001,5.25,7.98,0.8494,0.8494,7.9313,0.9939,0.7454
MARKET_005,1 w/e 11/22/25,MFR_002,CAT_001,TM_004,BRAND_007,8129.3,1132.0,848.3543,7.1814,9.5931,9.8699,102.2021,14.2316,10.6656
MARKET_005,1 w/e 11/22/25,MFR_002,CAT_001,TM_004,BRAND_009,32359.88,4098.6418,3073.9814,7.8953,97.6123,97.6123,39.9825,5.0641,3.7981
MARKET_005,1 w/e 11/22/25,MFR_002,CAT_001,TM_005,BRAND_010,37929.89,9401.0,3118.2708,4.0347,98.8906,169.3703,46.2588,11.4653,3.803
MARKET_005,1 w/e 11/22/25,MFR_002,CAT_001,TM_005,BRAND_008,13533.2801,2060.0001,1544.3543,6.5696,19.9166,19.9166,81.951,12.4744,9.3519
MARKET_001,1 w/e 11/23/24,MFR_001,CAT_001,TM_001,BRAND_001,3203.2167,1220.1533,192.5281,2.6253,1.4246,1.8589,75.1669,28.6322,4.5179
MARKET_001,1 w/e 11/23/24,MFR_001,CAT_001,TM_002,BRAND_002,1131.3477,473.0321,48.8159,2.3917,0.7378,0.75,51.2627,21.4336,2.2119
MARKET_001,1 w/e 11/23/24,MFR_001,CAT_001,TM_002,BRAND_003,85711.5348,30969.54,4270.4149,2.7676,52.0332,68.5315,55.0681,19.8973,2.7437
MARKET_001,1 w/e 11/23/24,MFR_001,CAT_001,TM_003,BRAND_004,131480.0212,38004.76,11608.8172,3.4596,50.4234,60.0779,87.1704,25.1969,7.6966
MARKET_001,1 w/e 11/23/24,MFR_001,CAT_001,TM_003,BRAND_005,44770.4292,8155.423,6097.9925,5.4897,26.7056,26.7056,56.0441,10.2091,7.6335
MARKET_001,1 w/e 11/23/24,MFR_001,CAT_001,TM_003,BRAND_006,4749.65,513.8256,357.5984,9.2437,2.8461,3.1046,55.7896,6.0354,4.2004
MARKET_001,1 w/e 11/23/24,MFR_002,CAT_001,TM_004,BRAND_007,23165.771,3954.614,2559.4343,5.8579,3.4647,3.4647,223.5224,38.1574,24.6955
MARKET_001,1 w/e 11/23/24,MFR_002,CAT_001,TM_005,BRAND_008,15996.9912,3442.6572,1578.2763,4.6467,4.7624,4.9514,112.2922,24.166,11.0788
MARKET_002,1 w/e 11/23/24,MFR_001,CAT_001,TM_001,BRAND_001,2529.1047,1021.401,145.9248,2.4761,5.7097,6.8451,127.2019,51.3716,7.3393
MARKET_002,1 w/e 11/23/24,MFR_001,CAT_001,TM_002,BRAND_002,1007.2309,428.155,43.4953,2.3525,3.2823,3.3867,88.124,37.4599,3.8055
MARKET_002,1 w/e 11/23/24,MFR_001,CAT_001,TM_002,BRAND_003,39249.2776,17734.9191,1711.0304,2.2131,45.6365,52.936,246.9807,111.599,10.7669
MARKET_002,1 w/e 11/23/24,MFR_001,CAT_001,TM_003,BRAND_004,43498.4835,17024.033,1788.12,2.5551,37.2359,40.0862,335.4718,131.2938,13.7905
MARKET_002,1 w/e 11/23/24,MFR_001,CAT_001,TM_003,BRAND_005,8.5,1.0001,0.75,8.5,0.0109,0.0109,223.6842,26.3158,19.7368
MARKET_002,1 w/e 11/23/24,MFR_002,CAT_001,TM_004,BRAND_007,1592.9861,613.46,64.5478,2.5967,0.8474,0.8474,539.8489,207.8962,21.8747
MARKET_002,1 w/e 11/23/24,MFR_002,CAT_001,TM_005,BRAND_008,3741.8312,1354.061,164.6248,2.7634,3.6192,3.6192,296.9071,107.4421,13.0627
MARKET_003,1 w/e 11/23/24,MFR_001,CAT_001,TM_001,BRAND_001,513.2721,170.7523,34.552,3.0059,1.0848,1.7575,35.2241,11.7182,2.3712
MARKET_003,1 w/e 11/23/24,MFR_001,CAT_001,TM_002,BRAND_002,99.3069,35.8771,3.7372,2.768,0.5549,0.5549,13.3233,4.8134,0.5014
MARKET_003,1 w/e 11/23/24,MFR_001,CAT_001,TM_002,BRAND_003,14414.4573,4875.4353,694.9463,2.9565,43.2004,55.6505,24.8399,8.4017,1.1976
MARKET_003,1 w/e 11/23/24,MFR_001,CAT_001,TM_003,BRAND_004,65506.6379,13660.7271,8118.5722,4.7953,62.987,73.1277,77.4238,16.1459,9.5955
MARKET_003,1 w/e 11/23/24,MFR_001,CAT_001,TM_003,BRAND_005,39713.3393,7416.423,5543.7425,5.3548,47.9061,47.9061,61.7142,11.5251,8.6149
MARKET_003,1 w/e 11/23/24,MFR_001,CAT_001,TM_003,BRAND_006,4749.65,513.8256,357.5984,9.2437,6.3379,6.9137,55.7896,6.0354,4.2004
MARKET_003,1 w/e 11/23/24,MFR_002,CAT_001,TM_004,BRAND_007,10546.1948,1799.154,1349.3655,5.8618,4.0894,4.0895,191.9871,32.7525,24.5644
MARKET_003,1 w/e 11/23/24,MFR_002,CAT_001,TM_005,BRAND_008,8762.2699,1519.9297,998.7764,5.7649,5.8854,6.2034,110.8354,19.2258,12.6337
MARKET_004,1 w/e 11/23/24,MFR_001,CAT_001,TM_001,BRAND_001,29.85,5.0,1.953,5.97,1.4943,1.4943,11.5011,1.9265,0.7525
MARKET_004,1 w/e 11/23/24,MFR_001,CAT_001,TM_002,BRAND_003,3461.7301,804.0,207.9949,4.3056,58.1714,74.6865,34.263,7.9577,2.0587
MARKET_004,1 w/e 11/23/24,MFR_001,CAT_001,TM_003,BRAND_004,2842.79,592.0001,300.3543,4.802,32.8058,39.7795,49.8926,10.3899,5.2714
MARKET_004,1 w/e 11/23/24,MFR_001,CAT_001,TM_003,BRAND_005,1011.11,165.0001,123.75,6.1279,19.4919,19.4919,29.8666,4.8738,3.6554
MARKET_004,1 w/e 11/23/24,MFR_002,CAT_001,TM_004,BRAND_007,100.0901,19.0,14.25,5.2679,0.6842,0.6842,84.2296,15.9892,11.9919
MARKET_004,1 w/e 11/23/24,MFR_002,CAT_001,TM_005,BRAND_008,377.18,61.0001,45.75,6.1833,1.9686,1.9686,110.3156,17.841,13.3807
MARKET_005,1 w/e 11/23/24,MFR_001,CAT_001,TM_001,BRAND_001,97.23,16.0,9.2708,6.0769,1.9078,2.5116,6.1602,1.0137,0.5874
MARKET_005,1 w/e 11/23/24,MFR_001,CAT_001,TM_002,BRAND_002,2.28,1.0001,0.1043,2.28,0.3369,0.3369,0.818,0.3588,0.0374
MARKET_005,1 w/e 11/23/24,MFR_001,CAT_001,TM_002,BRAND_003,22225.94,5139.0,1390.3751,4.325,76.2896,107.6415,35.2139,8.142,2.2029
MARKET_005,1 w/e 11/23/24,MFR_001,CAT_001,TM_003,BRAND_004,14667.5801,4284.0,1133.1978,3.4238,54.1946,73.2828,32.7131,9.5546,2.5274
MARKET_005,1 w/e 11/23/24,MFR_001,CAT_001,TM_003,BRAND_005,3359.23,489.0001,366.75,6.8696,18.3648,18.3648,22.1092,3.2184,2.4138
MARKET_005,1 w/e 11/23/24,MFR_002,CAT_001,TM_004,BRAND_007,10195.63,1336.0,1002.0,7.6315,4.9625,4.9625,248.3317,32.5405,24.4054
MARKET_005,1 w/e 11/23/24,MFR_002,CAT_001,TM_005,BRAND_008,3314.62,496.0001,368.7708,6.6827,5.612,6.0886,71.3898,10.6828,7.9425
MARKET_001,1 w/e 11/29/25,MFR_001,CAT_001,TM_001,BRAND_011,36271.5176,5776.1803,4086.2911,6.2795,48.4037,48.5443,25.2421,4.0198,2.8437
MARKET_001,1 w/e 11/29/25,MFR_001,CAT_001,TM_001,BRAND_001,2252.114,692.453,177.4048,3.2524,0.4699,0.5353,161.4442,49.6389,12.7174
MARKET_001,1 w/e 11/29/25,MFR_001,CAT_001,TM_001,BRAND_016,635309.7308,174804.9485,51168.5762,3.6344,81.8281,161.223,261.53,71.9598,21.0639
MARKET_001,1 w/e 11/29/25,MFR_001,CAT_001,TM_002,BRAND_012,3964.9939,667.6418,451.0022,5.9388,7.117,7.117,18.7665,3.16,2.1346
MARKET_001,1 w/e 11/29/25,MFR_001,CAT_001,TM_002,BRAND_002,545.3687,237.33,24.4926,2.2979,0.165,0.1782,111.3156,48.4416,4.9992
MARKET_001,1 w/e 11/29/25,MFR_001,CAT_001,TM_002,BRAND_003,465.2979,165.283,21.7812,2.8152,0.1257,0.2275,124.7314,44.307,5.8388
MARKET_001,1 w/e 11/29/25,MFR_001,CAT_001,TM_002,BRAND_017,552732.8739,134411.9376,48308.7792,4.1122,75.7477,127.6375,245.8013,59.7732,21.483
MARKET_001,1 w/e 11/29/25,MFR_001,CAT_001,TM_003,BRAND_015,15789.0007,2497.3336,1728.4686,6.3223,18.9535,18.9535,28.061,4.4384,3.0719
MARKET_001,1 w/e 11/29/25,MFR_001,CAT_001,TM_003,BRAND_004,176923.6845,45641.4332,15003.6826,3.8764,68.4534,89.0833,87.062,22.4596,7.3831
MARKET_001,1 w/e 11/29/25,MFR_001,CAT_001,TM_003,BRAND_013,34.8501,5.0,3.7501,6.97,0.0303,0.0303,38.7308,5.5568,4.1676
MARKET_001,1 w/e 11/29/25,MFR_001,CAT_001,TM_003,BRAND_005,79648.9988,12674.7696,9506.0772,6.2841,54.1933,54.1933,49.5077,7.8783,5.9087
MARKET_001,1 w/e 11/29/25,MFR_001,CAT_001,TM_003,BRAND_006,7475.2801,1003.8327,579.7913,7.4467,4.6921,6.1563,53.6658,7.2066,4.1624
MARKET_001,1 w/e 11/29/25,MFR_001,CAT_001,TM_003,BRAND_014,131.6001,18.6661,13.9996,7.0502,0.2438,0.2438,18.1796,2.5786,1.9339
MARKET_001,1 w/e 11/29/25,MFR_002,CAT_001,TM_004,BRAND_007,68759.0262,11959.053,8553.5314,5.7495,7.9086,7.9085,292.8671,50.9375,36.4323
MARKET_001,1 w/e 11/29/25,MFR_002,CAT_001,TM_004,BRAND_009,121503.2652,13832.0222,10343.5785,8.7842,64.9026,64.9026,63.0614,7.179,5.3684
MARKET_001,1 w/e 11/29/25,MFR_002,CAT_001,TM_005,BRAND_010,180779.2501,48938.0654,14623.5698,3.694,76.9594,121.5442,79.1271,21.4202,6.4007
MARKET_001,1 w/e 11/29/25,MFR_002,CAT_001,TM_005,BRAND_008,94723.8846,15688.7856,10653.3986,6.0377,17.3523,17.4621,183.8831,30.4559,20.681
MARKET_002,1 w/e 11/29/25,MFR_001,CAT_001,TM_001,BRAND_011,947.4545,349.549,37.0573,2.7105,2.0433,2.0563,133.3523,49.1983,5.2157
MARKET_002,1 w/e 11/29/25,MFR_001,CAT_001,TM_001,BRAND_001,2040.2296,656.0801,150.125,3.1097,3.0619,3.6205,191.6356,61.6246,14.101
MARKET_002,1 w/e 11/29/25,MFR_001,CAT_001,TM_001,BRAND_016,135223.8827,52259.652,5521.684,2.5875,63.7746,65.2035,609.8,235.668,24.9004
MARKET_002,1 w/e 11/29/25,MFR_001,CAT_001,TM_002,BRAND_012,176.04,68.0001,7.7293,2.5888,0.8669,0.8669,58.4036,22.5599,2.5643
MARKET_002,1 w/e 11/29/25,MFR_001,CAT_001,TM_002,BRAND_002,545.3687,237.33,24.4926,2.2979,1.409,1.5215,111.3156,48.4416,4.9992
MARKET_002,1 w/e 11/29/25,MFR_001,CAT_001,TM_002,BRAND_003,30.2101,12.0,1.2082,2.5175,0.2031,0.2031,42.7782,16.9924,1.711
MARKET_002,1 w/e 11/29/25,MFR_001,CAT_001,TM_002,BRAND_017,84594.3797,33141.5081,3492.1065,2.5525,50.2379,51.1342,484.2748,189.7242,19.9912
MARKET_002,1 w/e 11/29/25,MFR_001,CAT_001,TM_003,BRAND_015,1564.7608,310.9,98.9766,5.033,1.6408,1.6408,274.2692,54.4941,17.3485
MARKET_002,1 w/e 11/29/25,MFR_001,CAT_001,TM_003,BRAND_004,49695.7515,18449.534,2006.3879,2.6936,47.4907,48.4353,300.9487,111.7271,12.1503
MARKET_002,1 w/e 11/29/25,MFR_001,CAT_001,TM_003,BRAND_014,10.9901,1.0001,0.75,10.99,0.0201,0.0201,157.2246,14.3062,10.7296
MARKET_002,1 w/e 11/29/25,MFR_002,CAT_001,TM_004,BRAND_007,1667.7358,642.755,66.9537,2.5947,0.875,0.875,548.1645,211.2658,22.0068
MARKET_002,1 w/e 11/29/25,MFR_002,CAT_001,TM_004,BRAND_009,110.9001,10.0,7.5001,11.09,0.0998,0.0998,319.5045,28.8101,21.6076
MARKET_002,1 w/e 11/29/25,MFR_002,CAT_001,TM_005,BRAND_010,45469.1219,17318.522,1825.3252,2.6255,54.5567,54.7743,239.69,91.2944,9.6222
MARKET_002,1 w/e 11/29/25,MFR_002,CAT_001,TM_005,BRAND_008,4356.181,1615.74,176.7021,2.6961,3.2492,3.2492,385.5812,143.0149,15.6405
MARKET_003,1 w/e 11/29/25,MFR_001,CAT_001,TM_001,BRAND_011,25564.3733,3935.5481,2949.7235,6.4958,57.3402,57.4312,33.1719,5.1067,3.8275
MARKET_003,1 w/e 11/29/25,MFR_001,CAT_001,TM_001,BRAND_001,211.8842,36.373,27.2799,5.8253,0.2458,0.2458,64.1413,11.0108,8.2581
MARKET_003,1 w/e 11/29/25,MFR_001,CAT_001,TM_001,BRAND_016,316115.0782,70321.9633,29353.1608,4.4953,85.4901,157.2816,275.1213,61.2026,25.5466
MARKET_003,1 w/e 11/29/25,MFR_001,CAT_001,TM_002,BRAND_012,2294.8239,374.6419,280.9814,6.1254,7.8119,7.8119,21.8569,3.5683,2.6762
MARKET_003,1 w/e 11/29/25,MFR_001,CAT_001,TM_002,BRAND_003,435.0878,153.2831,20.5728,2.8385,0.225,0.45,143.8688,50.6855,6.8027
MARKET_003,1 w/e 11/29/25,MFR_001,CAT_001,TM_002,BRAND_017,323825.1442,67753.4297,32186.506,4.7795,82.289,146.2092,292.7948,61.261,29.1022
MARKET_003,1 w/e 11/29/25,MFR_001,CAT_001,TM_003,BRAND_015,8888.1998,1383.1016,1035.3888,6.4263,19.708,19.708,33.5557,5.2216,3.9089
MARKET_003,1 w/e 11/29/25,MFR_001,CAT_001,TM_003,BRAND_004,73630.7331,13370.8993,8321.3362,5.5068,74.0314,86.8504,74.001,13.4381,8.3632
MARKET_003,1 w/e 11/29/25,MFR_001,CAT_001,TM_003,BRAND_005,58107.6888,9297.7696,6973.3272,6.2496,68.3679,68.3679,63.2377,10.1186,7.589
MARKET_003,1 w/e 11/29/25,MFR_001,CAT_001,TM_003,BRAND_006,7469.7501,1001.8326,579.5828,7.4561,10.3359,13.5701,53.7714,7.2117,4.1722
MARKET_003,1 w/e 11/29/25,MFR_001,CAT_001,TM_003,BRAND_014,43.8001,10.0,7.5001,4.38,0.2888,0.2888,11.2855,2.5766,1.9324
MARKET_003,1 w/e 11/29/25,MFR_002,CAT_001,TM_004,BRAND_007,59321.7205,10146.9671,7610.2252,5.8463,11.3417,11.3416,389.1602,66.5658,49.9243
MARKET_003,1 w/e 11/29/25,MFR_002,CAT_001,TM_004,BRAND_009,90306.6452,10019.0588,7483.8561,9.0135,78.7044,78.7044,85.3719,9.4716,7.0749
MARKET_003,1 w/e 11/29/25,MFR_002,CAT_001,TM_005,BRAND_010,89332.2783,19899.5434,8951.4528,4.4892,82.723,140.2847,80.3483,17.8983,8.0512
MARKET_003,1 w/e 11/29/25,MFR_002,CAT_001,TM_005,BRAND_008,73799.7135,11539.048,8577.49,6.3957,25.2902,25.5151,217.1182,33.9478,25.2349
MARKET_004,1 w/e 11/29/25,MFR_001,CAT_001,TM_001,BRAND_011,980.56,132.0832,98.4166,7.4238,41.2103,41.2103,13.5257,1.8219,1.3575
MARKET_004,1 w/e 11/29/25,MFR_001,CAT_001,TM_001,BRAND_016,18791.12,4103.0001,1470.4166,4.5798,90.3007,137.5774,118.2918,25.8287,9.2564
MARKET_004,1 w/e 11/29/25,MFR_001,CAT_001,TM_002,BRAND_012,288.01,42.0,31.5001,6.8574,11.5665,11.5665,14.1546,2.0641,1.5481
MARKET_004,1 w/e 11/29/25,MFR_001,CAT_001,TM_002,BRAND_017,19611.36,3649.0,1680.1666,5.3744,81.1937,116.3604,137.3025,25.5473,11.7631
MARKET_004,1 w/e 11/29/25,MFR_001,CAT_001,TM_003,BRAND_015,226.8601,30.0,21.8542,7.562,11.7681,11.7681,10.9583,1.4491,1.0557
MARKET_004,1 w/e 11/29/25,MFR_001,CAT_001,TM_003,BRAND_004,777.9201,139.0,72.6042,5.5965,17.2635,17.7256,25.6153,4.577,2.3907
MARKET_004,1 w/e 11/29/25,MFR_001,CAT_001,TM_003,BRAND_005,545.8701,74.0,55.5,7.3766,12.7376,12.7376,24.3609,3.3025,2.4768
MARKET_004,1 w/e 11/29/25,MFR_002,CAT_001,TM_004,BRAND_007,743.2601,102.0,76.5001,7.2869,3.4008,3.4008,124.237,17.0494,12.7871
MARKET_004,1 w/e 11/29/25,MFR_002,CAT_001,TM_004,BRAND_009,3490.6601,469.9996,352.4997,7.4269,86.2515,86.2515,23.0056,3.0976,2.3232
MARKET_004,1 w/e 11/29/25,MFR_002,CAT_001,TM_005,BRAND_010,2279.3201,384.0001,211.1459,5.9357,72.0318,77.9709,17.9876,3.0304,1.6663
MARKET_004,1 w/e 11/29/25,MFR_002,CAT_001,TM_005,BRAND_008,544.7901,71.0,53.25,7.6731,5.3884,5.3884,57.4728,7.4902,5.6176
MARKET_005,1 w/e 11/29/25,MFR_001,CAT_001,TM_001,BRAND_011,9557.36,1631.0001,1040.5469,5.8598,80.358,87.3649,14.3442,2.4479,1.5617
MARKET_005,1 w/e 11/29/25,MFR_001,CAT_001,TM_001,BRAND_016,141329.2,39489.0001,13793.5438,3.579,97.1444,254.0239,175.4615,49.0259,17.1248
MARKET_005,1 w/e 11/29/25,MFR_001,CAT_001,TM_002,BRAND_012,2260.67,386.0001,239.1251,5.8567,16.353,19.1948,16.6728,2.8468,1.7636
MARKET_005,1 w/e 11/29/25,MFR_001,CAT_001,TM_002,BRAND_017,110042.15,25115.0,10023.2084,4.3815,86.8724,157.7264,152.7723,34.8673,13.9153
MARKET_005,1 w/e 11/29/25,MFR_001,CAT_001,TM_003,BRAND_015,4709.74,666.0,499.5,7.0717,35.5134,35.5134,15.9946,2.2618,1.6963
MARKET_005,1 w/e 11/29/25,MFR_001,CAT_001,TM_003,BRAND_004,42933.22,10009.0001,3851.9792,4.2895,98.7201,158.0601,52.4512,12.2279,4.7059
MARKET_005,1 w/e 11/29/25,MFR_001,CAT_001,TM_003,BRAND_005,22715.1501,3355.0001,2516.25,6.7705,91.0218,91.0218,30.098,4.4454,3.3341
MARKET_005,1 w/e 11/29/25,MFR_001,CAT_001,TM_003,BRAND_014,30.9101,4.0,3.0,7.7275,0.9578,0.9578,3.8922,0.5037,0.3778
MARKET_005,1 w/e 11/29/25,MFR_002,CAT_001,TM_004,BRAND_007,6431.2401,970.0,726.8543,6.6301,9.0694,9.3462,85.5233,12.8992,9.6658
MARKET_005,1 w/e 11/29/25,MFR_002,CAT_001,TM_004,BRAND_009,31032.65,3811.3014,2858.476,8.1423,97.2575,97.2575,38.4825,4.7263,3.5447
MARKET_005,1 w/e 11/29/25,MFR_002,CAT_001,TM_005,BRAND_010,37671.43,9260.0001,3168.1666,4.0682,99.1206,170.4689,45.837,11.2672,3.8549
MARKET_005,1 w/e 11/29/25,MFR_002,CAT_001,TM_005,BRAND_008,14652.4201,2216.0,1662.0,6.6121,18.7855,18.7855,94.0705,14.227,10.6703
MARKET_001,1 w/e 11/30/24,MFR_001,CAT_001,TM_001,BRAND_001,3388.4285,1252.7948,227.5034,2.7047,1.5948,2.0261,71.0438,26.2669,4.77
MARKET_001,1 w/e 11/30/24,MFR_001,CAT_001,TM_002,BRAND_002,1061.6575,442.1361,45.3267,2.4012,0.8094,0.8215,43.8587,18.2653,1.8725
MARKET_001,1 w/e 11/30/24,MFR_001,CAT_001,TM_002,BRAND_003,65290.9564,22365.2378,3215.6103,2.9193,46.5993,58.5997,46.8494,16.0481,2.3074
MARKET_001,1 w/e 11/30/24,MFR_001,CAT_001,TM_003,BRAND_004,152619.2855,41952.3254,14832.1144,3.6379,50.9626,60.0135,100.1354,27.5254,9.7315
MARKET_001,1 w/e 11/30/24,MFR_001,CAT_001,TM_003,BRAND_005,50340.5028,9639.1022,7204.5602,5.2225,25.7019,25.7019,65.4912,12.5401,9.3729
MARKET_001,1 w/e 11/30/24,MFR_001,CAT_001,TM_003,BRAND_006,104252.0101,13482.4858,7422.6144,7.7324,17.5713,23.3873,198.3854,25.6564,14.1248
MARKET_001,1 w/e 11/30/24,MFR_002,CAT_001,TM_004,BRAND_007,23686.6501,4669.7579,3100.6469,5.0724,3.0388,3.0388,260.6331,51.3831,34.1176
MARKET_001,1 w/e 11/30/24,MFR_002,CAT_001,TM_005,BRAND_008,11744.4504,2904.638,1315.9642,4.0433,4.3315,4.4448,90.661,22.4223,10.1586
MARKET_002,1 w/e 11/30/24,MFR_001,CAT_001,TM_001,BRAND_001,2513.1724,1014.135,151.9248,2.4781,5.4194,6.5204,133.4182,53.838,8.0653
MARKET_002,1 w/e 11/30/24,MFR_001,CAT_001,TM_002,BRAND_002,943.6706,401.259,40.4228,2.3518,3.0703,3.1748,88.4282,37.6006,3.7879
MARKET_002,1 w/e 11/30/24,MFR_001,CAT_001,TM_002,BRAND_003,27628.7065,12141.9936,1127.8431,2.2755,35.567,41.0752,223.4904,98.2174,9.1232
MARKET_002,1 w/e 11/30/24,MFR_001,CAT_001,TM_003,BRAND_004,43034.0527,16778.2701,1787.1033,2.5649,37.7654,40.1254,327.8418,127.8201,13.6145
MARKET_002,1 w/e 11/30/24,MFR_001,CAT_001,TM_003,BRAND_005,19.48,2.0,1.5001,9.74,0.0339,0.0339,165.5055,16.9924,12.7443
MARKET_002,1 w/e 11/30/24,MFR_002,CAT_001,TM_004,BRAND_007,1584.715,612.9431,63.8483,2.5854,0.8434,0.8434,540.5632,209.0814,21.7793
MARKET_002,1 w/e 11/30/24,MFR_002,CAT_001,TM_005,BRAND_008,2702.6151,1052.931,110.326,2.5668,2.2961,2.2962,338.6354,131.9314,13.8238
MARKET_003,1 w/e 11/30/24,MFR_001,CAT_001,TM_001,BRAND_001,657.2361,200.66,56.8068,3.2754,1.446,2.1186,33.8372,10.3308,2.9246
MARKET_003,1 w/e 11/30/24,MFR_001,CAT_001,TM_002,BRAND_002,97.3069,34.877,3.6331,2.79,0.51,0.51,14.2045,5.0912,0.5303
MARKET_003,1 w/e 11/30/24,MFR_001,CAT_001,TM_002,BRAND_003,12362.3498,3943.8484,603.2421,3.1346,37.716,46.8064,24.4014,7.7846,1.1907
MARKET_003,1 w/e 11/30/24,MFR_001,CAT_001,TM_003,BRAND_004,85269.8528,17918.0554,11160.5372,4.7589,63.6007,73.5033,99.8098,20.9734,13.0636
MARKET_003,1 w/e 11/30/24,MFR_001,CAT_001,TM_003,BRAND_005,45890.6129,9005.1023,6729.0603,5.0961,46.6885,46.6886,73.1734,14.3588,10.7296
MARKET_003,1 w/e 11/30/24,MFR_001,CAT_001,TM_003,BRAND_006,104252.0101,13482.4858,7422.6144,7.7324,39.1214,52.0704,198.3854,25.6564,14.1248
MARKET_003,1 w/e 11/30/24,MFR_002,CAT_001,TM_004,BRAND_007,11492.785,2610.8148,1958.1112,4.402,4.0107,4.0107,213.3287,48.4619,36.3464
MARKET_003,1 w/e 11/30/24,MFR_002,CAT_001,TM_005,BRAND_008,6543.3854,1437.707,903.5338,4.5513,5.8945,6.1467,82.6408,18.1578,11.4113
MARKET_004,1 w/e 11/30/24,MFR_001,CAT_001,TM_001,BRAND_001,5.5,1.0001,0.3906,5.5,0.7366,0.7366,4.2992,0.7817,0.3053
MARKET_004,1 w/e 11/30/24,MFR_001,CAT_001,TM_002,BRAND_002,7.9901,1.0001,0.75,7.99,0.4783,0.4783,9.6184,1.2038,0.9029
MARKET_004,1 w/e 11/30/24,MFR_001,CAT_001,TM_002,BRAND_003,2447.07,555.4,146.6823,4.406,58.2709,68.3543,24.1789,5.4878,1.4493
MARKET_004,1 w/e 11/30/24,MFR_001,CAT_001,TM_003,BRAND_004,2728.9901,498.0,258.9166,5.4799,32.4121,39.8745,48.4769,8.8463,4.5993
MARKET_004,1 w/e 11/30/24,MFR_001,CAT_001,TM_003,BRAND_005,802.9001,110.0001,82.5,7.2991,16.6331,16.6331,27.7926,3.8077,2.8558
MARKET_004,1 w/e 11/30/24,MFR_002,CAT_001,TM_005,BRAND_008,225.9101,31.0001,23.2501,7.2874,1.9686,1.9686,66.0729,9.0667,6.8
MARKET_005,1 w/e 11/30/24,MFR_001,CAT_001,TM_001,BRAND_001,107.75,16.0,11.2812,6.7344,2.1943,2.4426,5.9353,0.8813,0.6214
MARKET_005,1 w/e 11/30/24,MFR_001,CAT_001,TM_002,BRAND_002,4.5601,2.0,0.2083,2.28,0.6607,0.6607,0.8343,0.3659,0.0381
MARKET_005,1 w/e 11/30/24,MFR_001,CAT_001,TM_002,BRAND_003,18195.58,3927.0,1143.7813,4.6335,72.6166,96.649,30.2865,6.5365,1.9038
MARKET_005,1 w/e 11/30/24,MFR_001,CAT_001,TM_003,BRAND_004,17569.7901,4937.0,1413.3332,3.5588,56.216,73.1767,37.7769,10.6151,3.0388
MARKET_005,1 w/e 11/30/24,MFR_001,CAT_001,TM_003,BRAND_005,3218.5801,468.0,351.0,6.8773,17.1644,17.1644,22.665,3.2956,2.4717
MARKET_005,1 w/e 11/30/24,MFR_002,CAT_001,TM_004,BRAND_007,10115.0,1325.0,993.75,7.634,4.1427,4.1427,295.1208,38.6589,28.9942
MARKET_005,1 w/e 11/30/24,MFR_002,CAT_001,TM_005,BRAND_008,2037.4601,322.0,239.5625,6.3275,4.4025,4.4025,55.9388,8.8406,6.5772
MARKET_001,1 w/e 12/06/25,MFR_001,CAT_001,TM_001,BRAND_011,23768.7478,3486.6686,2329.4318,6.817,42.8531,42.9373,18.6819,2.7405,1.8309
MARKET_001,1 w/e 12/06/25,MFR_001,CAT_001,TM_001,BRAND_001,2029.8754,658.739,154.2815,3.0815,0.3985,0.4666,171.5595,55.6748,13.0395
MARKET_001,1 w/e 12/06/25,MFR_001,CAT_001,TM_001,BRAND_016,488494.0698,143367.627,33241.8264,3.4073,82.2443,154.4679,200.056,58.7142,13.6137
MARKET_001,1 w/e 12/06/25,MFR_001,CAT_001,TM_002,BRAND_012,2322.9468,494.255,207.3041,4.6999,3.9196,3.9196,19.9615,4.2472,1.7814
MARKET_001,1 w/e 12/06/25,MFR_001,CAT_001,TM_002,BRAND_002,548.5128,240.3611,24.1626,2.282,0.1684,0.1823,109.6872,48.0655,4.8318
MARKET_001,1 w/e 12/06/25,MFR_001,CAT_001,TM_002,BRAND_003,475.5379,168.2831,22.0521,2.8258,0.1238,0.2257,129.3734,45.7826,5.9994
MARKET_001,1 w/e 12/06/25,MFR_001,CAT_001,TM_002,BRAND_017,359547.8532,100093.0889,24660.1143,3.5921,73.1321,111.2275,165.5946,46.0992,11.3575
MARKET_001,1 w/e 12/06/25,MFR_001,CAT_001,TM_003,BRAND_015,13397.1265,2052.8019,1368.1604,6.5263,17.3737,17.3769,25.9727,3.9797,2.6524
MARKET_001,1 w/e 12/06/25,MFR_001,CAT_001,TM_003,BRAND_004,145864.3906,40506.1732,10004.3905,3.601,67.1978,88.5391,73.1125,20.3032,5.0146
MARKET_001,1 w/e 12/06/25,MFR_001,CAT_001,TM_003,BRAND_013,13.94,2.0,1.5001,6.97,0.0344,0.0344,13.6399,1.9569,1.4677
MARKET_001,1 w/e 12/06/25,MFR_001,CAT_001,TM_003,BRAND_005,59523.2515,8216.4442,6162.3333,7.2444,52.7433,52.7433,38.0117,5.247,3.9353
MARKET_001,1 w/e 12/06/25,MFR_001,CAT_001,TM_003,BRAND_006,74165.3601,19267.9993,4908.812,3.8491,18.1287,33.5328,137.7945,35.7987,9.1203
MARKET_001,1 w/e 12/06/25,MFR_001,CAT_001,TM_003,BRAND_014,231.7368,23.7907,17.8431,9.7406,0.3628,0.3628,21.5163,2.2089,1.6567
MARKET_001,1 w/e 12/06/25,MFR_002,CAT_001,TM_004,BRAND_007,29806.2335,4704.0359,3070.7496,6.3363,4.5087,4.5087,222.6656,35.1412,22.9398
MARKET_001,1 w/e 12/06/25,MFR_002,CAT_001,TM_004,BRAND_009,84337.4949,10091.7233,7537.7085,8.3571,62.6163,62.6163,45.3661,5.4284,4.0546
MARKET_001,1 w/e 12/06/25,MFR_002,CAT_001,TM_005,BRAND_010,149932.7167,42538.3577,10082.3716,3.5246,74.7061,116.2278,67.5987,19.1789,4.5457
MARKET_001,1 w/e 12/06/25,MFR_002,CAT_001,TM_005,BRAND_008,60692.4776,9656.26,6092.6602,6.2853,16.4466,16.5484,124.296,19.7757,12.4775
MARKET_002,1 w/e 12/06/25,MFR_001,CAT_001,TM_001,BRAND_011,1118.9981,405.503,42.2399,2.7595,2.0634,2.0634,155.8797,56.4878,5.8841
MARKET_002,1 w/e 12/06/25,MFR_001,CAT_001,TM_001,BRAND_001,1817.991,623.3661,127.7516,2.9164,2.5316,3.1122,206.4116,70.7759,14.5047
MARKET_002,1 w/e 12/06/25,MFR_001,CAT_001,TM_001,BRAND_016,134271.2112,51478.584,5394.6442,2.6083,67.3577,67.9581,572.9792,219.676,23.0207
MARKET_002,1 w/e 12/06/25,MFR_001,CAT_001,TM_002,BRAND_012,620.3269,248.9221,25.8876,2.4921,1.0074,1.0074,176.9985,71.0252,7.3866
MARKET_002,1 w/e 12/06/25,MFR_001,CAT_001,TM_002,BRAND_002,548.5128,240.3611,24.1626,2.282,1.4374,1.5555,109.6872,48.0655,4.8318
MARKET_002,1 w/e 12/06/25,MFR_001,CAT_001,TM_002,BRAND_003,40.4501,15.0,1.4792,2.6967,0.1872,0.1872,62.097,23.0273,2.2708
MARKET_002,1 w/e 12/06/25,MFR_001,CAT_001,TM_002,BRAND_017,83545.8191,32191.831,3393.1818,2.5952,47.4284,48.3791,506.3251,195.0969,20.5642
MARKET_002,1 w/e 12/06/25,MFR_001,CAT_001,TM_003,BRAND_015,766.4793,263.457,32.6101,2.9093,1.0944,1.1216,201.3025,69.1924,8.5645
MARKET_002,1 w/e 12/06/25,MFR_001,CAT_001,TM_003,BRAND_004,52275.5641,19814.56,2091.3826,2.6382,49.439,51.3432,303.9291,115.2015,12.1593
MARKET_002,1 w/e 12/06/25,MFR_002,CAT_001,TM_004,BRAND_007,1794.02,706.042,73.5461,2.541,1.0598,1.0598,486.5931,191.5002,19.9479
MARKET_002,1 w/e 12/06/25,MFR_002,CAT_001,TM_004,BRAND_009,98.4101,9.0,6.75,10.9344,0.0744,0.0744,380.402,34.7893,26.092
MARKET_002,1 w/e 12/06/25,MFR_002,CAT_001,TM_005,BRAND_010,45070.6448,17061.832,1787.6076,2.6416,50.6018,50.7638,256.0183,96.9177,10.1543
MARKET_002,1 w/e 12/06/25,MFR_002,CAT_001,TM_005,BRAND_008,4558.6466,1676.0151,183.6266,2.7199,3.2675,3.2675,401.0175,147.4366,16.1534
MARKET_003,1 w/e 12/06/25,MFR_001,CAT_001,TM_001,BRAND_011,14181.0699,1828.1657,1369.1868,7.757,45.9467,46.0244,22.9641,2.9604,2.2172
MARKET_003,1 w/e 12/06/25,MFR_001,CAT_001,TM_001,BRAND_001,211.8842,35.373,26.5299,5.99,0.225,0.225,70.0629,11.6966,8.7725
MARKET_003,1 w/e 12/06/25,MFR_001,CAT_001,TM_001,BRAND_016,211761.6786,49703.8762,16126.584,4.2605,86.1295,155.139,182.9322,42.9371,13.9311
MARKET_003,1 w/e 12/06/25,MFR_001,CAT_001,TM_002,BRAND_012,872.9601,124.3331,93.2499,7.0211,3.5862,3.5862,18.1114,2.5796,1.9347
MARKET_003,1 w/e 12/06/25,MFR_001,CAT_001,TM_002,BRAND_003,435.0878,153.2831,20.5728,2.8385,0.225,0.45,143.8688,50.6855,6.8027
MARKET_003,1 w/e 12/06/25,MFR_001,CAT_001,TM_002,BRAND_017,182548.0842,41388.5915,14427.5992,4.4106,80.0472,132.5413,169.678,38.4706,13.4104
MARKET_003,1 w/e 12/06/25,MFR_001,CAT_001,TM_003,BRAND_015,7621.9272,1045.2662,782.0123,7.2919,16.3519,16.3519,34.681,4.7561,3.5583
MARKET_003,1 w/e 12/06/25,MFR_001,CAT_001,TM_003,BRAND_004,45694.0067,7642.6133,4149.9453,5.9788,71.1907,83.8186,47.7563,7.9875,4.3372
MARKET_003,1 w/e 12/06/25,MFR_001,CAT_001,TM_003,BRAND_005,37680.4715,4904.4443,3678.3333,7.6829,65.3499,65.3499,42.9009,5.5839,4.1879
MARKET_003,1 w/e 12/06/25,MFR_001,CAT_001,TM_003,BRAND_006,74145.78,19260.9993,4908.0829,3.8495,40.0184,74.0462,137.8545,35.8107,9.1253
MARKET_003,1 w/e 12/06/25,MFR_001,CAT_001,TM_003,BRAND_014,189.7068,18.7911,14.0932,10.0956,0.4337,0.4337,32.5453,3.2237,2.4178
MARKET_003,1 w/e 12/06/25,MFR_002,CAT_001,TM_004,BRAND_007,23523.0033,3363.2462,2522.4347,6.9941,5.7457,5.7457,304.6086,43.552,32.664
MARKET_003,1 w/e 12/06/25,MFR_002,CAT_001,TM_004,BRAND_009,52930.0849,6177.078,4602.3705,8.5688,74.9383,74.9382,52.5525,6.133,4.5695
MARKET_003,1 w/e 12/06/25,MFR_002,CAT_001,TM_005,BRAND_010,61532.1616,14244.5257,4994.1598,4.3197,80.8639,133.0555,56.6164,13.1065,4.5952
MARKET_003,1 w/e 12/06/25,MFR_002,CAT_001,TM_005,BRAND_008,41590.771,5909.5844,4356.0381,7.0379,22.9858,23.2107,134.627,19.129,14.1003
MARKET_004,1 w/e 12/06/25,MFR_001,CAT_001,TM_001,BRAND_011,1243.93,172.0,128.2813,7.2322,52.8567,53.3433,13.3779,1.8498,1.3796
MARKET_004,1 w/e 12/06/25,MFR_001,CAT_001,TM_001,BRAND_016,16158.85,3698.0,1255.7916,4.3696,84.7657,121.495,108.3636,24.7993,8.4215
MARKET_004,1 w/e 12/06/25,MFR_001,CAT_001,TM_002,BRAND_012,225.21,32.0,24.0001,7.0378,9.8741,9.8741,12.9653,1.8422,1.3817
MARKET_004,1 w/e 12/06/25,MFR_001,CAT_001,TM_002,BRAND_017,11795.26,2874.0001,893.5416,4.1041,70.6918,95.1085,94.8488,23.1106,7.1852
MARKET_004,1 w/e 12/06/25,MFR_001,CAT_001,TM_003,BRAND_015,375.7601,52.0,39.0,7.2262,11.4339,11.4339,18.6813,2.5852,1.9389
MARKET_004,1 w/e 12/06/25,MFR_001,CAT_001,TM_003,BRAND_004,737.29,133.0,73.9167,5.5435,17.8432,18.3053,23.4887,4.2371,2.3548
MARKET_004,1 w/e 12/06/25,MFR_001,CAT_001,TM_003,BRAND_005,667.02,93.0,69.7501,7.1723,10.8307,10.8307,35.0087,4.8811,3.6608
MARKET_004,1 w/e 12/06/25,MFR_002,CAT_001,TM_004,BRAND_007,534.77,67.0,50.25,7.9816,2.8254,2.8254,107.5909,13.4798,10.1099
MARKET_004,1 w/e 12/06/25,MFR_002,CAT_001,TM_004,BRAND_009,3131.3,379.9998,284.9998,8.2403,81.7365,81.7365,21.7772,2.6428,1.9821
MARKET_004,1 w/e 12/06/25,MFR_002,CAT_001,TM_005,BRAND_010,2025.6901,341.0001,171.1458,5.9404,64.0494,68.8064,17.9784,3.0264,1.519
MARKET_004,1 w/e 12/06/25,MFR_002,CAT_001,TM_005,BRAND_008,965.59,115.0001,86.25,8.3964,6.6904,6.6904,82.041,9.7709,7.3282
MARKET_005,1 w/e 12/06/25,MFR_001,CAT_001,TM_001,BRAND_011,8153.22,1368.0,843.6563,5.96,76.186,82.4092,12.9069,2.1656,1.3355
MARKET_005,1 w/e 12/06/25,MFR_001,CAT_001,TM_001,BRAND_016,100237.7001,29368.0,9340.0001,3.4132,95.6801,231.9057,126.3505,37.0186,11.7731
MARKET_005,1 w/e 12/06/25,MFR_001,CAT_001,TM_002,BRAND_012,1896.6601,329.0001,198.9582,5.7649,12.326,14.6234,18.5582,3.2191,1.9467
MARKET_005,1 w/e 12/06/25,MFR_001,CAT_001,TM_002,BRAND_017,66193.0101,18593.0,5082.6251,3.5601,83.6384,125.6995,95.4496,26.8109,7.3291
MARKET_005,1 w/e 12/06/25,MFR_001,CAT_001,TM_003,BRAND_015,4245.3101,601.0001,450.75,7.0637,35.0013,35.0013,14.6283,2.0709,1.5532
MARKET_005,1 w/e 12/06/25,MFR_001,CAT_001,TM_003,BRAND_004,38742.28,9607.0,3197.8542,4.0327,97.647,159.7249,47.8513,11.8658,3.9497
MARKET_005,1 w/e 12/06/25,MFR_001,CAT_001,TM_003,BRAND_013,13.94,2.0,1.5001,6.97,0.1233,0.1233,13.6399,1.9569,1.4677
MARKET_005,1 w/e 12/06/25,MFR_001,CAT_001,TM_003,BRAND_005,21880.5801,3108.0,2331.0,7.0401,91.3682,91.3682,28.8823,4.1025,3.0769
MARKET_005,1 w/e 12/06/25,MFR_001,CAT_001,TM_003,BRAND_014,14.95,2.0,1.5001,7.475,0.5058,0.5058,3.565,0.4769,0.3577
MARKET_005,1 w/e 12/06/25,MFR_002,CAT_001,TM_004,BRAND_007,3667.96,512.0001,384.0001,7.164,6.0458,6.0458,73.1704,10.2136,7.6602
MARKET_005,1 w/e 12/06/25,MFR_002,CAT_001,TM_004,BRAND_009,31711.7801,4016.9834,3012.7376,7.8944,95.8649,95.8649,39.8959,5.0537,3.7903
MARKET_005,1 w/e 12/06/25,MFR_002,CAT_001,TM_005,BRAND_010,35670.81,8847.0,2848.0834,4.032,98.0447,166.9046,43.879,10.8828,3.5035
MARKET_005,1 w/e 12/06/25,MFR_002,CAT_001,TM_005,BRAND_008,12368.75,1768.0001,1326.0,6.9959,18.6585,18.6585,79.9497,11.4281,8.5711
MARKET_001,1 w/e 12/07/24,MFR_001,CAT_001,TM_001,BRAND_001,2947.2243,1107.713,184.4525,2.6606,1.1595,1.6049,84.9802,31.9398,5.3185
MARKET_001,1 w/e 12/07/24,MFR_001,CAT_001,TM_002,BRAND_002,1113.9104,451.583,49.8316,2.4667,0.568,0.5793,65.5654,26.5804,2.9331
MARKET_001,1 w/e 12/07/24,MFR_001,CAT_001,TM_002,BRAND_003,53561.295,18212.6442,2694.8618,2.9409,42.1333,51.7347,42.5013,14.4519,2.1384
MARKET_001,1 w/e 12/07/24,MFR_001,CAT_001,TM_003,BRAND_004,114668.1028,32670.7301,8275.1668,3.5098,50.2583,59.0793,76.2803,21.7334,5.5049
MARKET_001,1 w/e 12/07/24,MFR_001,CAT_001,TM_003,BRAND_005,30383.7062,4370.2248,3228.1247,6.9524,23.9991,23.9991,42.3276,6.0882,4.4971
MARKET_001,1 w/e 12/07/24,MFR_001,CAT_001,TM_003,BRAND_006,136043.5701,36086.9998,9514.0832,3.7699,18.2548,32.0756,249.1607,66.0925,17.4248
MARKET_001,1 w/e 12/07/24,MFR_002,CAT_001,TM_004,BRAND_007,12360.7552,2546.7041,1510.9482,4.8536,1.7288,1.7288,239.0404,49.2498,29.2197
MARKET_001,1 w/e 12/07/24,MFR_002,CAT_001,TM_005,BRAND_008,9883.0196,2370.133,918.3379,4.1698,3.6727,3.8237,89.9664,21.5756,8.3597
MARKET_002,1 w/e 12/07/24,MFR_001,CAT_001,TM_001,BRAND_001,2297.3332,912.58,137.2539,2.5174,4.2325,5.465,156.0095,61.9723,9.3208
MARKET_002,1 w/e 12/07/24,MFR_001,CAT_001,TM_002,BRAND_002,1008.3545,415.373,44.1223,2.4276,3.0305,3.1279,95.6348,39.395,4.1847
MARKET_002,1 w/e 12/07/24,MFR_001,CAT_001,TM_002,BRAND_003,22960.6745,10201.633,940.6893,2.2507,32.4897,36.7853,203.123,90.2493,8.3219
MARKET_002,1 w/e 12/07/24,MFR_001,CAT_001,TM_003,BRAND_004,41120.3872,16353.6471,1724.5658,2.5144,34.566,37.0191,341.9228,135.9833,14.34
MARKET_002,1 w/e 12/07/24,MFR_001,CAT_001,TM_003,BRAND_005,9.99,1.0001,0.75,9.99,0.0212,0.0212,135.7337,13.587,10.1902
MARKET_002,1 w/e 12/07/24,MFR_002,CAT_001,TM_004,BRAND_007,1607.2666,613.93,65.8885,2.618,0.857,0.857,539.0437,205.8993,22.0976
MARKET_002,1 w/e 12/07/24,MFR_002,CAT_001,TM_005,BRAND_008,2710.5228,1046.13,112.201,2.591,2.3098,2.3098,337.2807,130.174,13.9616
MARKET_003,1 w/e 12/07/24,MFR_001,CAT_001,TM_001,BRAND_001,494.271,170.133,35.5578,2.9052,0.8498,1.5223,43.2975,14.9034,3.1148
MARKET_003,1 w/e 12/07/24,MFR_001,CAT_001,TM_002,BRAND_002,75.9158,27.2101,2.8344,2.79,0.4521,0.4521,12.5018,4.4809,0.4668
MARKET_003,1 w/e 12/07/24,MFR_001,CAT_001,TM_002,BRAND_003,9079.3605,2838.3493,437.9757,3.1988,31.072,37.2505,21.7525,6.8002,1.0493
MARKET_003,1 w/e 12/07/24,MFR_001,CAT_001,TM_003,BRAND_004,49881.8256,8900.083,4928.0959,5.6046,61.1425,69.9194,60.7328,10.8362,6.0001
MARKET_003,1 w/e 12/07/24,MFR_001,CAT_001,TM_003,BRAND_005,26058.4062,3759.2248,2769.8747,6.9319,43.0106,43.0106,45.1021,6.5065,4.7941
MARKET_003,1 w/e 12/07/24,MFR_001,CAT_001,TM_003,BRAND_006,136043.5701,36086.9998,9514.0832,3.7699,40.6465,71.4202,249.1607,66.0925,17.4248
MARKET_003,1 w/e 12/07/24,MFR_002,CAT_001,TM_004,BRAND_007,8729.7187,1653.774,1240.3305,5.2787,1.889,1.889,344.0324,65.1741,48.8806
MARKET_003,1 w/e 12/07/24,MFR_002,CAT_001,TM_005,BRAND_008,4907.1768,973.003,549.3453,5.0433,5.0711,5.4055,72.0366,14.2835,8.0643
MARKET_004,1 w/e 12/07/24,MFR_001,CAT_001,TM_001,BRAND_001,22.5701,4.0,1.5625,5.6425,1.6996,1.6996,7.6457,1.355,0.5293
MARKET_004,1 w/e 12/07/24,MFR_001,CAT_001,TM_002,BRAND_003,2260.7001,467.0,140.9479,4.8409,56.2296,65.0796,23.1483,4.7818,1.4432
MARKET_004,1 w/e 12/07/24,MFR_001,CAT_001,TM_003,BRAND_004,2873.3301,561.0,277.1875,5.1218,31.4296,37.948,52.6367,10.277,5.0778
MARKET_004,1 w/e 12/07/24,MFR_001,CAT_001,TM_003,BRAND_005,848.01,122.0001,91.5,6.9509,16.5115,16.5115,29.5704,4.2542,3.1906
MARKET_004,1 w/e 12/07/24,MFR_002,CAT_001,TM_005,BRAND_008,23.0701,3.0,2.25,7.69,0.6115,0.6115,21.7211,2.8246,2.1184
MARKET_005,1 w/e 12/07/24,MFR_001,CAT_001,TM_001,BRAND_001,59.98,9.0,6.0312,6.6644,1.1426,1.3909,6.3453,0.9521,0.6381
MARKET_005,1 w/e 12/07/24,MFR_001,CAT_001,TM_002,BRAND_003,14921.14,3158.0,956.3698,4.7249,69.4906,90.651,25.9535,5.493,1.6635
MARKET_005,1 w/e 12/07/24,MFR_001,CAT_001,TM_003,BRAND_004,16020.81,4990.0001,1140.6927,3.2106,57.6918,76.4504,33.5653,10.4546,2.3899
MARKET_005,1 w/e 12/07/24,MFR_001,CAT_001,TM_003,BRAND_005,2681.27,374.0,280.5,7.1692,16.229,16.229,19.9696,2.7855,2.0891
MARKET_005,1 w/e 12/07/24,MFR_002,CAT_001,TM_004,BRAND_007,1676.23,220.0001,165.0001,7.6192,2.4544,2.4544,82.5469,10.834,8.1255
MARKET_005,1 w/e 12/07/24,MFR_002,CAT_001,TM_005,BRAND_008,1888.14,288.0,216.0,6.556,3.647,3.647,62.5778,9.5451,7.1588
MARKET_001,1 w/e 12/13/25,MFR_001,CAT_001,TM_001,BRAND_011,25759.7494,4015.5404,2670.8236,6.415,42.2585,42.4354,20.5311,3.2005,2.1287
MARKET_001,1 w/e 12/13/25,MFR_001,CAT_001,TM_001,BRAND_001,2097.2552,666.1901,158.8962,3.1481,0.4222,0.491,167.3053,53.1443,12.6757
MARKET_001,1 w/e 12/13/25,MFR_001,CAT_001,TM_001,BRAND_016,424755.6016,125862.7102,30109.0753,3.3748,80.2687,142.9307,178.2283,52.8123,12.6338
MARKET_001,1 w/e 12/13/25,MFR_001,CAT_001,TM_002,BRAND_012,1850.9408,522.209,133.3392,3.5444,1.968,1.968,31.6769,8.9371,2.282
MARKET_001,1 w/e 12/13/25,MFR_001,CAT_001,TM_002,BRAND_002,545.8846,240.299,24.0728,2.2717,0.1729,0.1843,106.3418,46.8118,4.6895
MARKET_001,1 w/e 12/13/25,MFR_001,CAT_001,TM_002,BRAND_003,498.2878,181.283,23.1562,2.7487,0.1466,0.2512,114.5095,41.6599,5.3214
MARKET_001,1 w/e 12/13/25,MFR_001,CAT_001,TM_002,BRAND_017,319262.8816,99496.3009,20627.7045,3.2088,69.6947,97.6106,154.288,48.0829,9.9686
MARKET_001,1 w/e 12/13/25,MFR_001,CAT_001,TM_003,BRAND_015,25094.2407,4037.7616,2776.2325,6.2149,20.1865,20.2753,41.8695,6.737,4.6321
MARKET_001,1 w/e 12/13/25,MFR_001,CAT_001,TM_003,BRAND_004,171770.0295,48018.4303,12420.4246,3.5772,68.4034,90.0019,84.5773,23.6436,6.1157
MARKET_001,1 w/e 12/13/25,MFR_001,CAT_001,TM_003,BRAND_013,6.97,1.0001,0.75,6.97,0.0344,0.0344,6.82,0.9785,0.7339
MARKET_001,1 w/e 12/13/25,MFR_001,CAT_001,TM_003,BRAND_005,72419.4287,10733.1557,8049.8669,6.7473,54.5476,54.5475,44.7161,6.6273,4.9705
MARKET_001,1 w/e 12/13/25,MFR_001,CAT_001,TM_003,BRAND_006,119122.44,29046.3328,8000.7288,4.1011,18.5645,35.6928,216.1192,52.6976,14.5154
MARKET_001,1 w/e 12/13/25,MFR_001,CAT_001,TM_003,BRAND_014,84.41,14.0,10.5,6.0293,0.1841,0.1841,15.4419,2.5611,1.9209
MARKET_001,1 w/e 12/13/25,MFR_002,CAT_001,TM_004,BRAND_007,26371.4352,4316.9336,2824.0859,6.1088,3.4691,3.4691,256.0334,41.912,27.4183
MARKET_001,1 w/e 12/13/25,MFR_002,CAT_001,TM_004,BRAND_009,92963.4711,11095.2454,8290.9959,8.3787,62.7686,62.7686,49.8831,5.9536,4.4489
MARKET_001,1 w/e 12/13/25,MFR_002,CAT_001,TM_005,BRAND_010,157967.4124,44513.4983,10821.8223,3.5488,75.3254,118.2553,70.6334,19.9037,4.8389
MARKET_001,1 w/e 12/13/25,MFR_002,CAT_001,TM_005,BRAND_008,60768.6414,9743.5368,6109.4632,6.2368,16.4122,16.514,124.7085,19.9955,12.5377
MARKET_002,1 w/e 12/13/25,MFR_001,CAT_001,TM_001,BRAND_011,1329.051,492.957,51.9955,2.6961,2.5285,2.5392,151.0577,56.0287,5.9097
MARKET_002,1 w/e 12/13/25,MFR_001,CAT_001,TM_001,BRAND_001,1867.4008,627.817,130.782,2.9744,2.6434,3.2305,203.0225,68.2558,14.2185
MARKET_002,1 w/e 12/13/25,MFR_001,CAT_001,TM_001,BRAND_016,121942.8291,47030.145,4968.5143,2.5929,65.5578,66.4949,534.5605,206.166,21.7805
MARKET_002,1 w/e 12/13/25,MFR_001,CAT_001,TM_002,BRAND_012,1008.0498,396.911,41.3033,2.5397,1.0345,1.0345,280.0294,110.2592,11.4737
MARKET_002,1 w/e 12/13/25,MFR_001,CAT_001,TM_002,BRAND_002,545.8846,240.299,24.0728,2.2717,1.4752,1.5726,106.3418,46.8118,4.6895
MARKET_002,1 w/e 12/13/25,MFR_001,CAT_001,TM_002,BRAND_003,63.2,28.0,2.5833,2.2571,0.3814,0.4053,47.619,21.097,1.9464
MARKET_002,1 w/e 12/13/25,MFR_001,CAT_001,TM_002,BRAND_017,88549.4551,34812.6111,3634.0639,2.5436,48.4537,48.5727,525.1997,206.4787,21.5542
MARKET_002,1 w/e 12/13/25,MFR_001,CAT_001,TM_003,BRAND_015,1144.2467,386.331,44.1178,2.9618,0.8574,0.8574,383.5506,129.4979,14.7883
MARKET_002,1 w/e 12/13/25,MFR_001,CAT_001,TM_003,BRAND_004,58925.8594,22826.907,2374.0947,2.5814,49.8561,50.8102,339.6669,131.5814,13.685
MARKET_002,1 w/e 12/13/25,MFR_001,CAT_001,TM_003,BRAND_005,18.6501,2.0,1.5001,9.325,0.0311,0.0311,172.366,18.4843,13.8632
MARKET_002,1 w/e 12/13/25,MFR_001,CAT_001,TM_003,BRAND_014,10.9901,1.0001,0.75,10.99,0.0176,0.0176,179.8691,16.3666,12.275
MARKET_002,1 w/e 12/13/25,MFR_002,CAT_001,TM_004,BRAND_007,1657.8825,639.435,66.6078,2.5927,0.8611,0.8611,553.2914,213.4011,22.2293
MARKET_002,1 w/e 12/13/25,MFR_002,CAT_001,TM_004,BRAND_009,902.5782,75.778,56.8335,11.9108,0.3913,0.3913,662.8806,55.6536,41.7402
MARKET_002,1 w/e 12/13/25,MFR_002,CAT_001,TM_005,BRAND_010,44682.6743,16680.7321,1745.972,2.6787,54.5901,54.6773,235.2288,87.8145,9.1915
MARKET_002,1 w/e 12/13/25,MFR_002,CAT_001,TM_005,BRAND_008,4792.6239,1747.6011,189.3074,2.7424,3.1364,3.1364,439.1423,160.1306,17.346
MARKET_003,1 w/e 12/13/25,MFR_001,CAT_001,TM_001,BRAND_011,15368.7784,2201.5834,1649.8958,6.9808,46.5969,46.751,24.5401,3.5154,2.6345
MARKET_003,1 w/e 12/13/25,MFR_001,CAT_001,TM_001,BRAND_001,229.8542,38.3731,28.1141,5.99,0.2483,0.2483,68.8702,11.4975,8.4237
MARKET_003,1 w/e 12/13/25,MFR_001,CAT_001,TM_001,BRAND_016,182010.2026,43136.5656,14835.605,4.2194,83.5054,145.6318,162.1719,38.4349,13.2186
MARKET_003,1 w/e 12/13/25,MFR_001,CAT_001,TM_002,BRAND_012,503.8911,70.2981,52.7235,7.1679,1.9388,1.9388,19.3373,2.6978,2.0233
MARKET_003,1 w/e 12/13/25,MFR_001,CAT_001,TM_002,BRAND_003,435.0878,153.2831,20.5728,2.8385,0.225,0.45,143.8688,50.6855,6.8027
MARKET_003,1 w/e 12/13/25,MFR_001,CAT_001,TM_002,BRAND_017,148456.7267,38369.6901,11679.3908,3.8691,75.8803,117.3272,145.5678,37.623,11.4521
MARKET_003,1 w/e 12/13/25,MFR_001,CAT_001,TM_003,BRAND_015,18362.9341,2812.4338,2107.3878,6.5292,21.3964,21.3964,63.855,9.7799,7.3282
MARKET_003,1 w/e 12/13/25,MFR_001,CAT_001,TM_003,BRAND_004,56572.0901,10144.5232,5523.6008,5.5766,73.2365,85.6242,57.4737,10.3062,5.6116
MARKET_003,1 w/e 12/13/25,MFR_001,CAT_001,TM_003,BRAND_005,47314.9987,6964.1556,5223.1169,6.7941,68.552,68.552,51.3539,7.5586,5.669
MARKET_003,1 w/e 12/13/25,MFR_001,CAT_001,TM_003,BRAND_006,119093.52,29037.3328,7999.7912,4.1014,40.9577,78.7953,216.3454,52.7492,14.5324
MARKET_003,1 w/e 12/13/25,MFR_001,CAT_001,TM_003,BRAND_014,10.49,2.0,1.5001,5.245,0.1247,0.1247,6.2567,1.1929,0.8947
MARKET_003,1 w/e 12/13/25,MFR_002,CAT_001,TM_004,BRAND_007,21962.9726,3312.4986,2484.374,6.6303,4.956,4.956,329.7258,49.7299,37.2974
MARKET_003,1 w/e 12/13/25,MFR_002,CAT_001,TM_004,BRAND_009,59990.8528,6768.1412,5045.6678,8.8637,76.3897,76.3896,58.4312,6.5922,4.9145
MARKET_003,1 w/e 12/13/25,MFR_002,CAT_001,TM_005,BRAND_010,66287.688,15671.7662,5495.7042,4.2298,80.7698,134.7337,61.063,14.4366,5.0625
MARKET_003,1 w/e 12/13/25,MFR_002,CAT_001,TM_005,BRAND_008,41117.2476,5882.9417,4336.056,6.9892,22.3741,22.599,136.7328,19.5634,14.4193
MARKET_004,1 w/e 12/13/25,MFR_001,CAT_001,TM_001,BRAND_011,1404.3,199.0,148.1718,7.0568,53.1448,53.7142,15.0179,2.1281,1.5846
MARKET_004,1 w/e 12/13/25,MFR_001,CAT_001,TM_001,BRAND_016,14025.43,3304.0,1119.1666,4.245,77.4285,109.0191,102.9494,24.252,8.2149
MARKET_004,1 w/e 12/13/25,MFR_001,CAT_001,TM_002,BRAND_012,87.0901,12.0,9.0,7.2575,4.7411,4.7411,10.4399,1.4385,1.0789
MARKET_004,1 w/e 12/13/25,MFR_001,CAT_001,TM_002,BRAND_017,8228.41,2618.0,496.8125,3.143,64.5223,76.0204,72.4794,23.0605,4.3761
MARKET_004,1 w/e 12/13/25,MFR_001,CAT_001,TM_003,BRAND_015,364.0101,55.0,41.2501,6.6184,14.6097,14.6097,14.1606,2.1396,1.6047
MARKET_004,1 w/e 12/13/25,MFR_001,CAT_001,TM_003,BRAND_004,1088.4401,189.0,110.75,5.7589,19.1032,19.5652,32.3823,5.623,3.2949
MARKET_004,1 w/e 12/13/25,MFR_001,CAT_001,TM_003,BRAND_005,797.09,119.0,89.25,6.6982,13.0163,13.0163,34.8039,5.196,3.897
MARKET_004,1 w/e 12/13/25,MFR_002,CAT_001,TM_004,BRAND_007,919.18,116.0,87.0,7.924,3.775,3.775,138.3849,17.4641,13.0981
MARKET_004,1 w/e 12/13/25,MFR_002,CAT_001,TM_004,BRAND_009,3102.16,383.9997,287.9998,8.0785,74.5024,74.5024,23.6648,2.9293,2.197
MARKET_004,1 w/e 12/13/25,MFR_002,CAT_001,TM_005,BRAND_010,2332.41,426.0001,194.8542,5.4751,71.014,77.2339,18.6668,3.4094,1.5595
MARKET_004,1 w/e 12/13/25,MFR_002,CAT_001,TM_005,BRAND_008,1428.1,177.0,132.75,8.0684,5.5793,5.5793,145.4751,18.0303,13.5227
MARKET_005,1 w/e 12/13/25,MFR_001,CAT_001,TM_001,BRAND_011,8990.7101,1480.0,927.1562,6.0748,71.9185,77.9566,15.0772,2.4819,1.5548
MARKET_005,1 w/e 12/13/25,MFR_001,CAT_001,TM_001,BRAND_016,80608.7,23387.0,7892.7251,3.4467,94.6243,206.3054,102.7417,29.8084,10.0599
MARKET_005,1 w/e 12/13/25,MFR_001,CAT_001,TM_002,BRAND_012,1412.8001,238.0,144.9166,5.9361,8.1712,9.4618,20.8527,3.5128,2.139
MARKET_005,1 w/e 12/13/25,MFR_001,CAT_001,TM_002,BRAND_017,58327.6901,18618.0,3934.3543,3.1329,78.758,105.2547,89.3198,28.5106,6.0249
MARKET_005,1 w/e 12/13/25,MFR_001,CAT_001,TM_003,BRAND_015,5009.8901,706.0,528.8543,7.0962,37.2024,37.5206,16.2414,2.2888,1.7145
MARKET_005,1 w/e 12/13/25,MFR_001,CAT_001,TM_003,BRAND_004,45690.62,11045.0001,3811.3543,4.1368,98.0001,161.969,56.23,13.5927,4.6905
MARKET_005,1 w/e 12/13/25,MFR_001,CAT_001,TM_003,BRAND_013,6.97,1.0001,0.75,6.97,0.1233,0.1233,6.82,0.9785,0.7339
MARKET_005,1 w/e 12/13/25,MFR_001,CAT_001,TM_003,BRAND_005,25058.7001,3543.0001,2657.2501,7.0727,91.6942,91.6942,32.9598,4.6601,3.4951
MARKET_005,1 w/e 12/13/25,MFR_001,CAT_001,TM_003,BRAND_014,30.9101,4.0,3.0,7.7275,0.5946,0.5946,6.2693,0.8113,0.6085
MARKET_005,1 w/e 12/13/25,MFR_002,CAT_001,TM_004,BRAND_007,1443.03,177.0,132.75,8.1527,3.7174,3.7174,46.8173,5.7425,4.3069
MARKET_005,1 w/e 12/13/25,MFR_002,CAT_001,TM_004,BRAND_009,31866.14,4259.6643,3194.7482,7.4809,95.3043,95.3043,40.326,5.3905,4.0429
MARKET_005,1 w/e 12/13/25,MFR_002,CAT_001,TM_005,BRAND_010,38367.07,9548.0,2988.2708,4.0183,96.857,167.629,47.7744,11.8891,3.721
MARKET_005,1 w/e 12/13/25,MFR_002,CAT_001,TM_005,BRAND_008,11475.1,1601.0001,1200.7501,7.1675,19.6348,19.6348,70.485,9.834,7.3755
MARKET_001,1 w/e 12/14/24,MFR_001,CAT_001,TM_001,BRAND_001,3176.0779,1169.0321,203.8561,2.7168,1.0426,1.4759,101.9006,37.507,6.5405
MARKET_001,1 w/e 12/14/24,MFR_001,CAT_001,TM_002,BRAND_002,1099.845,459.504,46.4067,2.3935,0.7884,0.8028,46.6645,19.496,1.969
MARKET_001,1 w/e 12/14/24,MFR_001,CAT_001,TM_002,BRAND_003,46289.0033,15274.534,2453.8556,3.0305,37.7302,43.9217,41.0397,13.5423,2.1756
MARKET_001,1 w/e 12/14/24,MFR_001,CAT_001,TM_003,BRAND_004,121254.426,33798.4831,8508.7518,3.5876,51.1192,60.1881,79.3467,22.1171,5.568
MARKET_001,1 w/e 12/14/24,MFR_001,CAT_001,TM_003,BRAND_005,34970.1679,4962.8125,3722.1094,7.0464,24.8399,24.8399,47.0937,6.6833,5.0125
MARKET_001,1 w/e 12/14/24,MFR_001,CAT_001,TM_003,BRAND_006,162859.6175,45800.7496,11259.5989,3.5558,18.4513,33.7622,295.2582,83.035,20.4132
MARKET_001,1 w/e 12/14/24,MFR_002,CAT_001,TM_004,BRAND_007,8997.3572,1742.9204,910.5434,5.1622,1.3086,1.3086,230.0044,44.5552,23.2767
MARKET_001,1 w/e 12/14/24,MFR_002,CAT_001,TM_005,BRAND_008,9958.9243,2398.223,947.3256,4.1526,3.3656,3.4664,98.985,23.8367,9.4158
MARKET_002,1 w/e 12/14/24,MFR_001,CAT_001,TM_001,BRAND_001,2362.2642,946.649,134.9231,2.4954,5.1244,6.2512,132.535,53.1118,7.5699
MARKET_002,1 w/e 12/14/24,MFR_001,CAT_001,TM_002,BRAND_002,1004.869,424.294,42.739,2.3683,2.9888,3.1126,96.6629,40.8148,4.1113
MARKET_002,1 w/e 12/14/24,MFR_001,CAT_001,TM_002,BRAND_003,18113.9598,8465.4821,770.7438,2.1397,27.2609,30.7391,191.0382,89.2809,8.1286
MARKET_002,1 w/e 12/14/24,MFR_001,CAT_001,TM_003,BRAND_004,40356.7905,15418.7511,1641.357,2.6174,36.4835,38.2305,318.0297,121.5067,12.9346
MARKET_002,1 w/e 12/14/24,MFR_002,CAT_001,TM_004,BRAND_007,1579.4705,611.163,63.6628,2.5844,0.8227,0.8227,551.9922,213.5888,22.2488
MARKET_002,1 w/e 12/14/24,MFR_002,CAT_001,TM_005,BRAND_008,3066.5761,1175.0521,124.297,2.6097,2.3019,2.3019,383.0108,146.7623,15.5245
MARKET_003,1 w/e 12/14/24,MFR_001,CAT_001,TM_001,BRAND_001,714.6435,205.3831,61.7091,3.4796,0.8908,1.5633,59.7188,17.1627,5.1567
MARKET_003,1 w/e 12/14/24,MFR_001,CAT_001,TM_002,BRAND_002,75.9158,27.2101,2.8344,2.79,0.4521,0.4521,12.5018,4.4809,0.4668
MARKET_003,1 w/e 12/14/24,MFR_001,CAT_001,TM_002,BRAND_003,7778.8234,2439.7226,376.0294,3.1884,26.9831,31.3423,21.4608,6.7309,1.0374
MARKET_003,1 w/e 12/14/24,MFR_001,CAT_001,TM_003,BRAND_004,52883.4557,9317.732,4971.8949,5.6756,61.2058,69.0919,64.3208,11.3329,6.0472
MARKET_003,1 w/e 12/14/24,MFR_001,CAT_001,TM_003,BRAND_005,30301.5978,4335.8125,3251.8594,6.9887,45.5003,45.5004,49.5765,7.0938,5.3204
MARKET_003,1 w/e 12/14/24,MFR_001,CAT_001,TM_003,BRAND_006,162859.6175,45800.7496,11259.5989,3.5558,41.0616,75.1346,295.2582,83.035,20.4132
MARKET_003,1 w/e 12/14/24,MFR_002,CAT_001,TM_004,BRAND_007,2918.0068,537.09,402.8175,5.433,1.7027,1.7028,127.5737,23.4813,17.611
MARKET_003,1 w/e 12/14/24,MFR_002,CAT_001,TM_005,BRAND_008,5057.6981,950.1711,618.9244,5.3229,4.4925,4.7169,83.8079,15.7447,10.2558
MARKET_004,1 w/e 12/14/24,MFR_001,CAT_001,TM_002,BRAND_003,2478.1301,453.0,160.6718,5.4705,55.6747,60.5823,25.6276,4.6847,1.6616
MARKET_004,1 w/e 12/14/24,MFR_001,CAT_001,TM_003,BRAND_004,3323.79,696.0,301.2082,4.7756,34.4458,42.0733,55.5569,11.6336,5.0347
MARKET_004,1 w/e 12/14/24,MFR_001,CAT_001,TM_003,BRAND_005,1142.37,165.0001,123.75,6.9235,16.196,16.196,40.6107,5.8657,4.3992
MARKET_004,1 w/e 12/14/24,MFR_002,CAT_001,TM_005,BRAND_008,14.84,2.0,1.5001,7.42,0.6115,0.6115,13.9723,1.8831,1.4123
MARKET_005,1 w/e 12/14/24,MFR_001,CAT_001,TM_001,BRAND_001,6.86,1.0001,0.75,6.86,0.2483,0.2483,3.339,0.4867,0.3651
MARKET_005,1 w/e 12/14/24,MFR_001,CAT_001,TM_002,BRAND_002,9.12,4.0,0.4167,2.28,0.8316,0.8316,1.3256,0.5814,0.0606
MARKET_005,1 w/e 12/14/24,MFR_001,CAT_001,TM_002,BRAND_003,14664.2601,2807.0,959.276,5.2242,63.6524,76.6763,27.8461,5.3302,1.8216
MARKET_005,1 w/e 12/14/24,MFR_001,CAT_001,TM_003,BRAND_004,19448.03,6101.0001,1319.3073,3.1877,59.8403,81.2954,39.2827,12.3233,2.6648
MARKET_005,1 w/e 12/14/24,MFR_001,CAT_001,TM_003,BRAND_005,2924.7001,389.0,291.7501,7.5185,16.1887,16.1887,21.8368,2.9044,2.1783
MARKET_005,1 w/e 12/14/24,MFR_002,CAT_001,TM_004,BRAND_007,4298.52,563.0,422.2501,7.635,1.3734,1.3734,378.2909,49.5468,37.1601
MARKET_005,1 w/e 12/14/24,MFR_002,CAT_001,TM_005,BRAND_008,1645.1401,238.0,178.5001,6.9124,3.4921,3.4921,56.943,8.2379,6.1784
MARKET_001,1 w/e 12/20/25,MFR_001,CAT_001,TM_001,BRAND_011,26151.348,3975.715,2735.197,6.5778,41.9761,42.2209,20.9881,3.1908,2.1952
MARKET_001,1 w/e 12/20/25,MFR_001,CAT_001,TM_001,BRAND_001,2049.2948,655.6341,154.2386,3.1257,0.3992,0.4689,172.9596,55.3352,13.0177
MARKET_001,1 w/e 12/20/25,MFR_001,CAT_001,TM_001,BRAND_016,335863.1985,98534.0007,24323.7656,3.4086,75.2084,122.8605,150.4452,44.1369,10.8955
MARKET_001,1 w/e 12/20/25,MFR_001,CAT_001,TM_002,BRAND_012,1092.436,295.6825,73.8141,3.6946,1.1146,1.1162,33.0196,8.9372,2.2311
MARKET_001,1 w/e 12/20/25,MFR_001,CAT_001,TM_002,BRAND_002,551.5705,241.2681,24.1321,2.2861,0.1736,0.1851,107.0055,46.8063,4.6817
MARKET_001,1 w/e 12/20/25,MFR_001,CAT_001,TM_002,BRAND_003,482.8191,174.207,22.5602,2.7715,0.154,0.2572,105.6289,38.1122,4.9356
MARKET_001,1 w/e 12/20/25,MFR_001,CAT_001,TM_002,BRAND_017,241341.7042,84828.5958,13346.9242,2.8451,63.3876,78.4954,128.2656,45.0837,7.0935
MARKET_001,1 w/e 12/20/25,MFR_001,CAT_001,TM_003,BRAND_015,27931.4022,4472.8961,3156.2127,6.2446,19.1274,19.131,49.1948,7.878,5.5589
MARKET_001,1 w/e 12/20/25,MFR_001,CAT_001,TM_003,BRAND_004,184640.6455,51976.6762,13755.5176,3.5524,68.5068,90.4792,90.7979,25.5598,6.7643
MARKET_001,1 w/e 12/20/25,MFR_001,CAT_001,TM_003,BRAND_013,6.97,1.0001,0.75,6.97,0.0344,0.0344,6.82,0.9785,0.7339
MARKET_001,1 w/e 12/20/25,MFR_001,CAT_001,TM_003,BRAND_005,82190.172,12432.1686,9324.1264,6.6111,55.3585,55.3585,50.017,7.5656,5.6742
MARKET_001,1 w/e 12/20/25,MFR_001,CAT_001,TM_003,BRAND_006,126710.2,27573.3246,8030.7018,4.5954,18.6836,35.839,228.4726,49.7178,14.4802
MARKET_001,1 w/e 12/20/25,MFR_001,CAT_001,TM_003,BRAND_014,160.7701,17.996,13.497,8.9337,0.1843,0.1843,29.3853,3.2893,2.467
MARKET_001,1 w/e 12/20/25,MFR_002,CAT_001,TM_004,BRAND_007,28072.2872,4756.2503,3152.9275,5.9022,2.1147,2.1147,447.2125,75.7706,50.2285
MARKET_001,1 w/e 12/20/25,MFR_002,CAT_001,TM_004,BRAND_009,100491.5195,11349.432,8479.7865,8.8543,63.1094,63.1638,53.6435,6.0585,4.5266
MARKET_001,1 w/e 12/20/25,MFR_002,CAT_001,TM_005,BRAND_010,161901.1929,45412.336,11668.7382,3.5651,76.2276,119.3701,71.5517,20.0698,5.157
MARKET_001,1 w/e 12/20/25,MFR_002,CAT_001,TM_005,BRAND_008,70323.0128,11751.7272,7567.7594,5.9841,15.3891,15.4923,153.9449,25.7258,16.5667
MARKET_002,1 w/e 12/20/25,MFR_001,CAT_001,TM_001,BRAND_011,1007.392,359.59,38.749,2.8015,1.9278,1.9278,150.1576,53.599,5.7758
MARKET_002,1 w/e 12/20/25,MFR_001,CAT_001,TM_001,BRAND_001,1834.7509,619.817,127.3758,2.9601,2.5247,3.1195,208.8243,70.5452,14.4974
MARKET_002,1 w/e 12/20/25,MFR_001,CAT_001,TM_001,BRAND_016,94531.0546,35545.456,3818.5879,2.6594,59.0264,60.6436,460.1928,173.0412,18.5895
MARKET_002,1 w/e 12/20/25,MFR_001,CAT_001,TM_002,BRAND_012,627.366,225.016,23.3975,2.7881,0.956,0.956,188.5737,67.6353,7.0328
MARKET_002,1 w/e 12/20/25,MFR_001,CAT_001,TM_002,BRAND_002,551.5705,241.2681,24.1321,2.2861,1.4812,1.5785,107.0055,46.8063,4.6817
MARKET_002,1 w/e 12/20/25,MFR_001,CAT_001,TM_002,BRAND_003,40.27,18.0,1.625,2.2372,0.3172,0.3172,36.4864,16.3088,1.4723
MARKET_002,1 w/e 12/20/25,MFR_001,CAT_001,TM_002,BRAND_017,84193.9948,32677.474,3414.2371,2.5765,45.5905,45.8019,530.6627,205.9615,21.5194
MARKET_002,1 w/e 12/20/25,MFR_001,CAT_001,TM_003,BRAND_015,905.6176,308.292,37.2804,2.9375,0.8584,0.8888,303.1559,103.2009,12.4796
MARKET_002,1 w/e 12/20/25,MFR_001,CAT_001,TM_003,BRAND_004,62215.8298,24359.332,2565.211,2.5541,49.313,51.0167,362.5361,141.9436,14.9477
MARKET_002,1 w/e 12/20/25,MFR_001,CAT_001,TM_003,BRAND_014,10.9901,1.0001,0.75,10.99,0.0142,0.0142,223.374,20.3252,15.2439
MARKET_002,1 w/e 12/20/25,MFR_002,CAT_001,TM_004,BRAND_007,1657.8825,639.435,66.6078,2.5927,0.861,0.861,553.2914,213.4011,22.2293
MARKET_002,1 w/e 12/20/25,MFR_002,CAT_001,TM_004,BRAND_009,120.8901,12.0,8.3542,10.0742,0.1481,0.1481,234.6012,23.2874,16.2123
MARKET_002,1 w/e 12/20/25,MFR_002,CAT_001,TM_005,BRAND_010,42627.7683,16038.03,1676.4406,2.6579,53.3436,53.424,229.6266,86.3934,9.0306
MARKET_002,1 w/e 12/20/25,MFR_002,CAT_001,TM_005,BRAND_008,5035.7803,1820.956,197.4328,2.7655,3.2015,3.2015,451.9922,163.442,17.7208
MARKET_003,1 w/e 12/20/25,MFR_001,CAT_001,TM_001,BRAND_011,16341.3061,2336.1252,1750.1564,6.995,47.788,47.858,25.4569,3.6393,2.7264
MARKET_003,1 w/e 12/20/25,MFR_001,CAT_001,TM_001,BRAND_001,214.5438,35.817,26.8629,5.99,0.228,0.228,70.0597,11.6961,8.7721
MARKET_003,1 w/e 12/20/25,MFR_001,CAT_001,TM_001,BRAND_016,145647.2938,33219.2124,12564.4846,4.3844,78.3204,127.7504,138.441,31.5756,11.9428
MARKET_003,1 w/e 12/20/25,MFR_001,CAT_001,TM_002,BRAND_012,208.9901,32.6665,23.854,6.3977,0.9869,0.9869,15.7652,2.4642,1.7994
MARKET_003,1 w/e 12/20/25,MFR_001,CAT_001,TM_002,BRAND_003,440.5491,155.2071,20.8311,2.8385,0.228,0.4559,143.8622,50.6831,6.8024
MARKET_003,1 w/e 12/20/25,MFR_001,CAT_001,TM_002,BRAND_017,94542.6894,29078.3725,6668.3959,3.2513,67.8498,92.0491,103.733,31.905,7.3166
MARKET_003,1 w/e 12/20/25,MFR_001,CAT_001,TM_003,BRAND_015,22138.2046,3456.6044,2592.4532,6.4046,21.0794,21.0794,78.1847,12.2076,9.1557
MARKET_003,1 w/e 12/20/25,MFR_001,CAT_001,TM_003,BRAND_004,62677.0056,11577.3442,6540.244,5.4138,73.1024,85.2686,63.8284,11.79,6.6604
MARKET_003,1 w/e 12/20/25,MFR_001,CAT_001,TM_003,BRAND_005,54580.982,8300.1686,6225.1264,6.5759,69.2473,69.2473,58.678,8.9232,6.6924
MARKET_003,1 w/e 12/20/25,MFR_001,CAT_001,TM_003,BRAND_006,126701.6801,27570.3247,8030.3893,4.5956,41.2343,79.1447,228.75,49.7761,14.4982
MARKET_003,1 w/e 12/20/25,MFR_001,CAT_001,TM_003,BRAND_014,120.8401,12.996,9.747,9.2982,0.2961,0.2961,30.3778,3.2671,2.4503
MARKET_003,1 w/e 12/20/25,MFR_002,CAT_001,TM_004,BRAND_007,24134.6548,3823.8152,2867.8614,6.3117,3.4857,3.4857,515.451,81.6664,61.2498
MARKET_003,1 w/e 12/20/25,MFR_002,CAT_001,TM_004,BRAND_009,67936.8895,7133.1078,5318.1892,9.5242,75.6982,75.8185,66.8124,7.015,5.2302
MARKET_003,1 w/e 12/20/25,MFR_002,CAT_001,TM_005,BRAND_010,71970.9046,17072.9731,6450.9226,4.2155,81.4184,135.7226,65.8069,15.6108,5.8984
MARKET_003,1 w/e 12/20/25,MFR_002,CAT_001,TM_005,BRAND_008,50689.9527,7835.7712,5799.0765,6.469,21.4032,21.6312,176.3112,27.2546,20.1705
MARKET_004,1 w/e 12/20/25,MFR_001,CAT_001,TM_001,BRAND_011,1349.6501,187.0,140.25,7.2174,54.8073,54.8073,13.9956,1.9392,1.4544
MARKET_004,1 w/e 12/20/25,MFR_001,CAT_001,TM_001,BRAND_016,10166.5101,2394.3332,788.25,4.2461,65.8906,86.4095,87.6914,20.6524,6.7991
MARKET_004,1 w/e 12/20/25,MFR_001,CAT_001,TM_002,BRAND_012,63.56,9.0,6.75,7.0622,2.1127,2.1127,17.0984,2.4211,1.8158
MARKET_004,1 w/e 12/20/25,MFR_001,CAT_001,TM_002,BRAND_017,5606.65,2072.0001,260.3958,2.7059,51.0197,54.8884,62.456,23.0813,2.9007
MARKET_004,1 w/e 12/20/25,MFR_001,CAT_001,TM_003,BRAND_015,284.18,38.0,28.5001,7.4784,10.8025,10.8025,14.9513,1.9993,1.4994
MARKET_004,1 w/e 12/20/25,MFR_001,CAT_001,TM_003,BRAND_004,1270.93,206.0001,124.7917,6.1696,20.6064,21.0685,35.0532,5.6816,3.4418
MARKET_004,1 w/e 12/20/25,MFR_001,CAT_001,TM_003,BRAND_005,804.13,112.0,84.0,7.1797,15.2359,15.2359,29.9962,4.1779,3.1334
MARKET_004,1 w/e 12/20/25,MFR_002,CAT_001,TM_004,BRAND_007,727.21,89.0001,66.75,8.1709,1.0422,1.0422,396.5807,48.5357,36.4018
MARKET_004,1 w/e 12/20/25,MFR_002,CAT_001,TM_004,BRAND_009,3639.5801,445.0,333.75,8.1788,84.6439,84.6439,24.4379,2.9879,2.241
MARKET_004,1 w/e 12/20/25,MFR_002,CAT_001,TM_005,BRAND_010,2874.55,471.0001,244.1042,6.1031,79.184,86.2969,20.632,3.3806,1.752
MARKET_004,1 w/e 12/20/25,MFR_002,CAT_001,TM_005,BRAND_008,1006.1801,127.0,95.2501,7.9227,5.4468,5.4468,104.9887,13.2517,9.9388
MARKET_005,1 w/e 12/20/25,MFR_001,CAT_001,TM_001,BRAND_011,8581.2501,1422.0,891.9792,6.0346,67.835,74.2329,15.2568,2.5282,1.5859
MARKET_005,1 w/e 12/20/25,MFR_001,CAT_001,TM_001,BRAND_016,61753.37,19468.0,6031.1667,3.172,87.5411,167.54,85.0778,26.8211,8.3092
MARKET_005,1 w/e 12/20/25,MFR_001,CAT_001,TM_002,BRAND_012,1392.3701,222.0,147.7708,6.2719,7.2312,8.6103,23.2227,3.7026,2.4646
MARKET_005,1 w/e 12/20/25,MFR_001,CAT_001,TM_002,BRAND_017,41172.48,15649.0,2172.6042,2.631,72.0766,83.7493,68.8938,26.1854,3.6354
MARKET_005,1 w/e 12/20/25,MFR_001,CAT_001,TM_003,BRAND_015,4489.88,635.0,476.2501,7.0707,34.6195,34.6195,15.6416,2.2122,1.6591
MARKET_005,1 w/e 12/20/25,MFR_001,CAT_001,TM_003,BRAND_004,49136.65,12205.0001,4047.7916,4.0259,98.9869,163.7175,59.8681,14.8706,4.9318
MARKET_005,1 w/e 12/20/25,MFR_001,CAT_001,TM_003,BRAND_013,6.97,1.0001,0.75,6.97,0.1233,0.1233,6.82,0.9785,0.7339
MARKET_005,1 w/e 12/20/25,MFR_001,CAT_001,TM_003,BRAND_005,28378.0,4049.0001,3036.75,7.0086,93.6838,93.6838,36.533,5.2126,3.9094
MARKET_005,1 w/e 12/20/25,MFR_001,CAT_001,TM_003,BRAND_014,31.92,4.0,3.0,7.98,0.5255,0.5255,7.3263,0.9181,0.6886
MARKET_005,1 w/e 12/20/25,MFR_002,CAT_001,TM_004,BRAND_007,1596.1301,203.0001,152.25,7.8627,1.9067,1.9067,100.9602,12.8404,9.6303
MARKET_005,1 w/e 12/20/25,MFR_002,CAT_001,TM_004,BRAND_009,31668.33,4156.661,3117.4958,7.6187,95.8493,95.8493,39.8478,5.2303,3.9227
MARKET_005,1 w/e 12/20/25,MFR_002,CAT_001,TM_005,BRAND_010,38534.45,9743.0,2965.9584,3.9551,97.3694,168.2271,47.7303,12.0681,3.6738
MARKET_005,1 w/e 12/20/25,MFR_002,CAT_001,TM_005,BRAND_008,12282.73,1739.0,1304.2501,7.0631,17.7327,17.7327,83.5386,11.8275,8.8706
MARKET_001,1 w/e 12/21/24,MFR_001,CAT_001,TM_001,BRAND_001,2787.821,1091.226,166.7074,2.5548,0.8521,1.2987,109.3559,42.8048,6.5393
MARKET_001,1 w/e 12/21/24,MFR_001,CAT_001,TM_002,BRAND_002,951.1999,392.1821,39.5606,2.4254,0.6009,0.6151,52.9165,21.8176,2.2008
MARKET_001,1 w/e 12/21/24,MFR_001,CAT_001,TM_002,BRAND_003,34304.6482,10545.7031,1845.5814,3.253,30.6841,33.5745,37.3703,11.4881,2.0105
MARKET_001,1 w/e 12/21/24,MFR_001,CAT_001,TM_003,BRAND_004,156211.1488,45691.35,13202.9355,3.4188,51.7684,62.074,100.8633,29.5023,8.5249
MARKET_001,1 w/e 12/21/24,MFR_001,CAT_001,TM_003,BRAND_005,35393.9427,5976.0477,4482.0357,5.9226,24.5267,24.5268,48.2365,8.1444,6.1083
MARKET_001,1 w/e 12/21/24,MFR_001,CAT_001,TM_003,BRAND_006,144721.9558,36184.8418,8849.1573,3.9995,18.3862,33.698,263.1045,65.784,16.0878
MARKET_001,1 w/e 12/21/24,MFR_002,CAT_001,TM_004,BRAND_007,5329.6898,1290.613,571.3129,4.1296,1.2793,1.2793,139.2604,33.7226,14.9279
MARKET_001,1 w/e 12/21/24,MFR_002,CAT_001,TM_005,BRAND_008,9726.5804,2575.8838,981.6036,3.776,3.1469,3.248,103.3164,27.3612,10.4267
MARKET_002,1 w/e 12/21/24,MFR_001,CAT_001,TM_001,BRAND_001,2337.4938,925.944,137.6711,2.5244,4.652,5.8973,144.4636,57.2259,8.5085
MARKET_002,1 w/e 12/21/24,MFR_001,CAT_001,TM_002,BRAND_002,870.7041,362.99,36.5199,2.3987,2.612,2.7348,95.8397,39.9549,4.0198
MARKET_002,1 w/e 12/21/24,MFR_001,CAT_001,TM_002,BRAND_003,11793.7427,5460.166,474.1011,2.16,22.1349,24.588,153.1868,70.9211,6.158
MARKET_002,1 w/e 12/21/24,MFR_001,CAT_001,TM_003,BRAND_004,51365.8641,19871.5371,2106.2384,2.5849,34.3783,37.408,429.5739,166.1861,17.6145
MARKET_002,1 w/e 12/21/24,MFR_002,CAT_001,TM_004,BRAND_007,1582.3605,612.163,63.7671,2.5849,0.8405,0.8405,541.2925,209.4082,21.8134
MARKET_002,1 w/e 12/21/24,MFR_002,CAT_001,TM_005,BRAND_008,3394.3439,1291.82,139.6897,2.6276,2.7267,2.7267,357.9097,136.2133,14.7293
MARKET_003,1 w/e 12/21/24,MFR_001,CAT_001,TM_001,BRAND_001,406.8073,157.2821,26.0521,2.5865,0.5925,1.2633,51.025,19.7276,3.2677
MARKET_003,1 w/e 12/21/24,MFR_001,CAT_001,TM_002,BRAND_002,75.8656,27.1921,2.8325,2.79,0.451,0.451,12.5014,4.4808,0.4667
MARKET_003,1 w/e 12/21/24,MFR_001,CAT_001,TM_002,BRAND_003,5552.4456,1675.2059,254.111,3.3145,18.9979,21.0484,21.7192,6.5528,0.994
MARKET_003,1 w/e 12/21/24,MFR_001,CAT_001,TM_003,BRAND_004,70898.205,14283.8131,8909.8743,4.9635,61.1194,69.9171,86.2029,17.3672,10.8332
MARKET_003,1 w/e 12/21/24,MFR_001,CAT_001,TM_003,BRAND_005,30871.9526,5366.0476,4024.5357,5.7532,44.8523,44.8523,51.1499,8.8907,6.668
MARKET_003,1 w/e 12/21/24,MFR_001,CAT_001,TM_003,BRAND_006,144721.9558,36184.8418,8849.1573,3.9995,40.8763,74.9174,263.1045,65.784,16.0878
MARKET_003,1 w/e 12/21/24,MFR_002,CAT_001,TM_004,BRAND_007,2978.2092,572.4501,429.3375,5.2026,1.7077,1.7077,129.5978,24.9104,18.6828
MARKET_003,1 w/e 12/21/24,MFR_002,CAT_001,TM_005,BRAND_008,4901.2266,1053.0641,673.8309,4.6543,4.0499,4.2748,89.9336,19.3229,12.3643
MARKET_004,1 w/e 12/21/24,MFR_001,CAT_001,TM_001,BRAND_001,10.44,2.0,0.7813,5.22,0.5161,0.5161,11.6466,2.2311,0.8716
MARKET_004,1 w/e 12/21/24,MFR_001,CAT_001,TM_002,BRAND_003,2420.9301,435.0,155.1822,5.5654,49.656,51.7138,28.0706,5.0438,1.7993
MARKET_004,1 w/e 12/21/24,MFR_001,CAT_001,TM_003,BRAND_004,4402.4401,1020.0001,371.6043,4.3161,37.8599,45.9068,66.9506,15.5118,5.6512
MARKET_004,1 w/e 12/21/24,MFR_001,CAT_001,TM_003,BRAND_005,947.92,136.0,102.0,6.97,14.4894,14.4894,37.6671,5.4042,4.0531
MARKET_005,1 w/e 12/21/24,MFR_001,CAT_001,TM_001,BRAND_001,19.7,3.0,1.8906,6.5667,0.2483,0.4967,9.5887,1.4602,0.9202
MARKET_005,1 w/e 12/21/24,MFR_001,CAT_001,TM_002,BRAND_002,2.28,1.0001,0.1043,2.28,0.3369,0.3369,0.818,0.3588,0.0374
MARKET_005,1 w/e 12/21/24,MFR_001,CAT_001,TM_002,BRAND_003,12215.92,2250.0,832.3176,5.4293,57.2245,63.3978,25.8026,4.7525,1.758
MARKET_005,1 w/e 12/21/24,MFR_001,CAT_001,TM_003,BRAND_004,24902.3901,8355.0,1586.8854,2.9805,62.1566,87.0469,48.4254,16.2472,3.0859
MARKET_005,1 w/e 12/21/24,MFR_001,CAT_001,TM_003,BRAND_005,2912.32,386.0001,289.5001,7.5449,15.6279,15.6279,22.5246,2.9854,2.2391
MARKET_005,1 w/e 12/21/24,MFR_002,CAT_001,TM_004,BRAND_007,690.84,91.0,68.25,7.5916,1.3734,1.3734,60.7973,8.0084,6.0063
MARKET_005,1 w/e 12/21/24,MFR_002,CAT_001,TM_005,BRAND_008,1254.4801,185.0001,138.7501,6.781,3.03,3.03,50.0427,7.3799,5.5349
MARKET_001,1 w/e 12/27/25,MFR_001,CAT_001,TM_001,BRAND_011,26876.562,4415.7095,3043.3712,6.0866,38.3364,38.5738,23.6214,3.8809,2.6748
MARKET_001,1 w/e 12/27/25,MFR_001,CAT_001,TM_001,BRAND_001,2377.0344,708.188,183.4939,3.3565,0.4918,0.5678,162.8507,48.518,12.5712
MARKET_001,1 w/e 12/27/25,MFR_001,CAT_001,TM_001,BRAND_016,258224.094,77709.7524,18903.9613,3.3229,66.2826,96.3722,131.2623,39.502,9.6094
MARKET_001,1 w/e 12/27/25,MFR_001,CAT_001,TM_002,BRAND_012,1139.8621,336.8321,79.4012,3.3841,0.7319,0.7319,52.4762,15.5068,3.6554
MARKET_001,1 w/e 12/27/25,MFR_001,CAT_001,TM_002,BRAND_002,539.656,234.308,24.3028,2.3032,0.1652,0.1766,110.0486,47.7809,4.9559
MARKET_001,1 w/e 12/27/25,MFR_001,CAT_001,TM_002,BRAND_003,507.6391,180.2071,23.2686,2.817,0.15,0.2532,114.0275,40.4787,5.2267
MARKET_001,1 w/e 12/27/25,MFR_001,CAT_001,TM_002,BRAND_017,164930.795,60783.1184,8488.3729,2.7134,54.5519,61.2752,101.8674,37.5419,5.2427
MARKET_001,1 w/e 12/27/25,MFR_001,CAT_001,TM_003,BRAND_015,28937.5487,4599.7532,3267.1153,6.2911,19.6861,19.6861,49.5274,7.8726,5.5918
MARKET_001,1 w/e 12/27/25,MFR_001,CAT_001,TM_003,BRAND_004,219561.4658,58501.9709,17712.1473,3.7531,69.9003,92.8816,105.8327,28.199,8.5376
MARKET_001,1 w/e 12/27/25,MFR_001,CAT_001,TM_003,BRAND_005,95711.992,15141.9329,11356.4497,6.321,55.781,55.781,57.8126,9.1461,6.8596
MARKET_001,1 w/e 12/27/25,MFR_001,CAT_001,TM_003,BRAND_006,126257.2001,26242.6599,8704.1199,4.8111,18.6817,36.2174,227.7105,47.3298,15.6983
MARKET_001,1 w/e 12/27/25,MFR_001,CAT_001,TM_003,BRAND_014,66.09,10.0,7.5001,6.609,0.1707,0.1707,13.0448,1.9738,1.4803
MARKET_001,1 w/e 12/27/25,MFR_002,CAT_001,TM_004,BRAND_007,37854.7697,6913.4879,4770.7556,5.4755,1.6664,1.6664,765.4,139.7864,96.4617
MARKET_001,1 w/e 12/27/25,MFR_002,CAT_001,TM_004,BRAND_009,119910.1368,13132.7193,9813.8978,9.1306,64.9284,64.9501,62.2249,6.815,5.0927
MARKET_001,1 w/e 12/27/25,MFR_002,CAT_001,TM_005,BRAND_010,182196.2996,49035.4441,14630.8032,3.7156,77.4901,121.0125,79.2203,21.321,6.3616
MARKET_001,1 w/e 12/27/25,MFR_002,CAT_001,TM_005,BRAND_008,68466.8022,11903.317,7681.2593,5.7519,14.4528,14.5571,159.6139,27.7497,17.907
MARKET_002,1 w/e 12/27/25,MFR_001,CAT_001,TM_001,BRAND_011,1071.4435,387.5961,40.3747,2.7643,2.0118,2.0118,153.2078,55.4231,5.7732
MARKET_002,1 w/e 12/27/25,MFR_001,CAT_001,TM_001,BRAND_001,2162.4906,672.3711,156.6312,3.2162,3.3181,3.9669,187.4867,58.2942,13.5798
MARKET_002,1 w/e 12/27/25,MFR_001,CAT_001,TM_001,BRAND_016,86971.697,32793.9311,3544.3119,2.6521,50.3004,51.7473,497.4015,187.5524,20.2703
MARKET_002,1 w/e 12/27/25,MFR_001,CAT_001,TM_002,BRAND_012,719.6772,264.2161,27.5225,2.7238,1.1548,1.1548,179.2784,65.8187,6.8561
MARKET_002,1 w/e 12/27/25,MFR_001,CAT_001,TM_002,BRAND_002,539.656,234.308,24.3028,2.3032,1.4107,1.5081,110.0486,47.7809,4.9559
MARKET_002,1 w/e 12/27/25,MFR_001,CAT_001,TM_002,BRAND_003,67.0901,25.0,2.4375,2.6836,0.3998,0.3998,48.2801,17.9908,1.7541
MARKET_002,1 w/e 12/27/25,MFR_001,CAT_001,TM_002,BRAND_017,67291.9959,26056.3761,2736.81,2.5826,36.076,36.3289,536.5935,207.7763,21.8236
MARKET_002,1 w/e 12/27/25,MFR_001,CAT_001,TM_003,BRAND_015,1740.9509,363.048,91.5236,4.7954,1.4771,1.4771,339.056,70.7048,17.8245
MARKET_002,1 w/e 12/27/25,MFR_001,CAT_001,TM_003,BRAND_004,66041.3209,24740.149,2611.3138,2.6694,49.208,50.5177,386.0824,144.6327,15.2659
MARKET_002,1 w/e 12/27/25,MFR_001,CAT_001,TM_003,BRAND_005,8.5,1.0001,0.75,8.5,0.0208,0.0208,117.5657,13.8313,10.3734
MARKET_002,1 w/e 12/27/25,MFR_002,CAT_001,TM_004,BRAND_007,1658.785,639.59,66.624,2.5935,0.8708,0.8708,547.9783,211.288,22.0092
MARKET_002,1 w/e 12/27/25,MFR_002,CAT_001,TM_004,BRAND_009,201.13,22.0001,13.9166,9.1423,0.1922,0.1922,301.0928,32.9341,20.8334
MARKET_002,1 w/e 12/27/25,MFR_002,CAT_001,TM_005,BRAND_010,45138.4104,16918.425,1829.3917,2.668,50.9504,51.2148,254.8586,95.5241,10.329
MARKET_002,1 w/e 12/27/25,MFR_002,CAT_001,TM_005,BRAND_008,5023.2077,1820.2541,196.7141,2.7596,3.212,3.212,449.8825,163.0234,17.6179
MARKET_003,1 w/e 12/27/25,MFR_001,CAT_001,TM_001,BRAND_011,17138.8285,2735.531,2050.3567,6.2653,44.4049,44.4749,28.7334,4.5861,3.4374
MARKET_003,1 w/e 12/27/25,MFR_001,CAT_001,TM_001,BRAND_001,214.5438,35.817,26.8629,5.99,0.228,0.228,70.0597,11.6961,8.7721
MARKET_003,1 w/e 12/27/25,MFR_001,CAT_001,TM_001,BRAND_016,110808.3671,25466.4088,10131.4629,4.3512,70.1428,104.8431,117.6053,27.0285,10.7529
MARKET_003,1 w/e 12/27/25,MFR_001,CAT_001,TM_002,BRAND_012,226.5748,37.6161,28.2121,6.0234,0.535,0.535,31.53,5.2346,3.926
MARKET_003,1 w/e 12/27/25,MFR_001,CAT_001,TM_002,BRAND_003,440.5491,155.2071,20.8311,2.8385,0.228,0.4559,143.8622,50.6831,6.8024
MARKET_003,1 w/e 12/27/25,MFR_001,CAT_001,TM_002,BRAND_017,57250.1893,19344.8258,3780.7504,2.9595,59.828,71.542,71.2376,24.0712,4.7045
MARKET_003,1 w/e 12/27/25,MFR_001,CAT_001,TM_003,BRAND_015,21996.0378,3477.7055,2607.6333,6.3249,22.1538,22.1538,73.9152,11.6864,8.7627
MARKET_003,1 w/e 12/27/25,MFR_001,CAT_001,TM_003,BRAND_004,82883.695,15525.8218,9342.3958,5.3384,76.1069,90.2367,81.0742,15.1869,9.1384
MARKET_003,1 w/e 12/27/25,MFR_001,CAT_001,TM_003,BRAND_005,65982.3221,10664.9328,7998.6996,6.1868,70.2541,70.2541,69.9187,11.3012,8.4759
MARKET_003,1 w/e 12/27/25,MFR_001,CAT_001,TM_003,BRAND_006,126253.17,26240.6598,8703.9116,4.8114,41.2343,79.9794,227.9403,47.3755,15.7142
MARKET_003,1 w/e 12/27/25,MFR_001,CAT_001,TM_003,BRAND_014,0.0,1.0001,0.75,0.0,0.0537,0.0537,0.0,1.3856,1.0392
MARKET_003,1 w/e 12/27/25,MFR_002,CAT_001,TM_004,BRAND_007,33844.1245,5944.8978,4458.6734,5.693,2.9277,2.9277,860.5846,151.1662,113.3746
MARKET_003,1 w/e 12/27/25,MFR_002,CAT_001,TM_004,BRAND_009,85949.8869,8717.401,6504.9924,9.8596,78.5724,78.6204,81.4352,8.2595,6.1633
MARKET_003,1 w/e 12/27/25,MFR_002,CAT_001,TM_005,BRAND_010,86100.2892,19151.6872,8667.746,4.4957,83.6065,137.9169,76.6658,17.0531,7.718
MARKET_003,1 w/e 12/27/25,MFR_002,CAT_001,TM_005,BRAND_008,49918.5146,8090.732,5990.9431,6.1698,19.7307,19.9588,188.3457,30.5268,22.6042
MARKET_004,1 w/e 12/27/25,MFR_001,CAT_001,TM_001,BRAND_011,1261.11,170.0001,126.7813,7.4183,49.5696,49.5696,14.4593,1.9491,1.4536
MARKET_004,1 w/e 12/27/25,MFR_001,CAT_001,TM_001,BRAND_016,4652.7301,1103.0,368.0625,4.2183,44.1003,54.7852,59.9618,14.2149,4.7434
MARKET_004,1 w/e 12/27/25,MFR_001,CAT_001,TM_002,BRAND_012,30.32,4.0,3.0,7.58,1.9986,1.9986,8.6222,1.1375,0.8531
MARKET_004,1 w/e 12/27/25,MFR_001,CAT_001,TM_002,BRAND_017,2932.09,1098.0001,130.5208,2.6704,33.7007,35.6563,49.4479,18.5171,2.2012
MARKET_004,1 w/e 12/27/25,MFR_001,CAT_001,TM_003,BRAND_015,178.39,24.0001,18.0,7.4329,9.1306,9.1306,11.1041,1.4939,1.1204
MARKET_004,1 w/e 12/27/25,MFR_001,CAT_001,TM_003,BRAND_004,1533.74,274.0,147.3751,5.5976,22.3761,24.7789,38.9561,6.9594,3.7432
MARKET_004,1 w/e 12/27/25,MFR_001,CAT_001,TM_003,BRAND_005,1235.31,174.0,130.5,7.0995,16.5142,16.5142,42.5135,5.9883,4.4912
MARKET_004,1 w/e 12/27/25,MFR_001,CAT_001,TM_003,BRAND_014,5.28,1.0001,0.75,5.28,0.4183,0.4183,7.1739,1.3587,1.019
MARKET_004,1 w/e 12/27/25,MFR_002,CAT_001,TM_004,BRAND_007,634.45,87.0,65.2501,7.2925,1.0422,1.0422,345.9944,47.4451,35.5838
MARKET_004,1 w/e 12/27/25,MFR_002,CAT_001,TM_004,BRAND_009,4484.47,593.998,445.4986,7.5496,90.9315,90.9315,28.0288,3.7126,2.7845
MARKET_004,1 w/e 12/27/25,MFR_002,CAT_001,TM_005,BRAND_010,3188.02,542.3332,297.6041,5.8783,81.358,88.117,22.2705,3.7886,2.079
MARKET_004,1 w/e 12/27/25,MFR_002,CAT_001,TM_005,BRAND_008,825.54,112.0,84.0,7.3709,5.4468,5.4468,86.14,11.6865,8.7649
MARKET_005,1 w/e 12/27/25,MFR_001,CAT_001,TM_001,BRAND_011,8195.3401,1379.0,859.2969,5.943,59.9834,66.4424,16.478,2.7727,1.7277
MARKET_005,1 w/e 12/27/25,MFR_001,CAT_001,TM_001,BRAND_016,34357.4001,11429.0,3702.6229,3.0062,77.6316,121.5998,53.3764,17.7557,5.7523
MARKET_005,1 w/e 12/27/25,MFR_001,CAT_001,TM_002,BRAND_012,1055.28,173.0,110.375,6.0999,6.4648,7.5368,19.6871,3.2274,2.0591
MARKET_005,1 w/e 12/27/25,MFR_001,CAT_001,TM_002,BRAND_017,24602.6601,9896.0,1174.2084,2.4861,61.8012,64.7153,48.0123,19.3121,2.2915
MARKET_005,1 w/e 12/27/25,MFR_001,CAT_001,TM_003,BRAND_015,4651.4101,662.0001,496.5,7.0263,34.3679,34.3679,16.323,2.3231,1.7423
MARKET_005,1 w/e 12/27/25,MFR_001,CAT_001,TM_003,BRAND_004,60522.6501,14268.0001,5216.5834,4.2418,98.3723,163.0585,74.2015,17.4927,6.3956
MARKET_005,1 w/e 12/27/25,MFR_001,CAT_001,TM_003,BRAND_005,30449.92,4381.0001,3285.75,6.9504,93.119,93.119,39.438,5.6742,4.2556
MARKET_005,1 w/e 12/27/25,MFR_001,CAT_001,TM_003,BRAND_014,76.77,10.0,7.5001,7.677,0.79,0.79,11.7206,1.5267,1.145
MARKET_005,1 w/e 12/27/25,MFR_002,CAT_001,TM_004,BRAND_007,1978.74,275.0,206.2501,7.1954,1.2603,1.2603,189.364,26.3173,19.738
MARKET_005,1 w/e 12/27/25,MFR_002,CAT_001,TM_004,BRAND_009,32714.86,4240.656,3180.492,7.7146,95.8278,95.8278,41.1738,5.3371,4.0029
MARKET_005,1 w/e 12/27/25,MFR_002,CAT_001,TM_005,BRAND_010,39778.23,10003.0001,3112.5208,3.9766,97.1042,166.875,49.4055,12.424,3.8658
MARKET_005,1 w/e 12/27/25,MFR_002,CAT_001,TM_005,BRAND_008,10708.44,1514.0,1135.5001,7.0729,16.497,16.497,78.2868,11.0685,8.3014
MARKET_001,1 w/e 12/28/24,MFR_001,CAT_001,TM_001,BRAND_001,2914.373,1077.8251,193.016,2.7039,0.9289,1.3717,104.8668,38.783,6.9452
MARKET_001,1 w/e 12/28/24,MFR_001,CAT_001,TM_002,BRAND_002,1019.7501,393.3941,45.5826,2.5922,0.5804,0.5918,58.7241,22.6543,2.625
MARKET_001,1 w/e 12/28/24,MFR_001,CAT_001,TM_002,BRAND_003,27603.0511,8735.696,1488.1026,3.1598,24.7297,26.2295,37.3086,11.8073,2.0113
MARKET_001,1 w/e 12/28/24,MFR_001,CAT_001,TM_003,BRAND_004,162018.4346,45655.9455,14223.086,3.5487,51.7761,62.0551,104.5938,29.474,9.182
MARKET_001,1 w/e 12/28/24,MFR_001,CAT_001,TM_003,BRAND_005,23634.4151,3920.366,2940.2745,6.0286,19.5798,19.5798,40.3467,6.6925,5.0194
MARKET_001,1 w/e 12/28/24,MFR_001,CAT_001,TM_003,BRAND_006,98677.1197,23513.2752,6263.253,4.1967,17.9619,30.9967,183.6265,43.7554,11.6552
MARKET_001,1 w/e 12/28/24,MFR_002,CAT_001,TM_004,BRAND_007,5283.7465,1379.08,636.7034,3.8314,1.1479,1.1479,153.8491,40.1553,18.5392
MARKET_001,1 w/e 12/28/24,MFR_002,CAT_001,TM_005,BRAND_008,9197.2977,2439.63,920.4813,3.77,3.0246,3.1963,101.6398,26.9605,10.1723
MARKET_002,1 w/e 12/28/24,MFR_001,CAT_001,TM_001,BRAND_001,2231.4679,873.1461,135.009,2.5557,4.7749,5.9771,134.3068,52.5526,8.1259
MARKET_002,1 w/e 12/28/24,MFR_001,CAT_001,TM_002,BRAND_002,892.2442,357.202,39.2294,2.4979,2.675,2.7723,95.8578,38.3758,4.2146
MARKET_002,1 w/e 12/28/24,MFR_001,CAT_001,TM_002,BRAND_003,10470.9124,4836.3851,438.023,2.165,18.5654,20.1814,162.0877,74.8663,6.7805
MARKET_002,1 w/e 12/28/24,MFR_001,CAT_001,TM_003,BRAND_004,47159.0382,17782.2181,1978.3747,2.652,37.2599,41.9125,363.7428,137.1562,15.2594
MARKET_002,1 w/e 12/28/24,MFR_001,CAT_001,TM_003,BRAND_005,9.99,1.0001,0.75,9.99,0.0313,0.0313,91.8199,9.1912,6.8934
MARKET_002,1 w/e 12/28/24,MFR_002,CAT_001,TM_004,BRAND_007,1616.1065,616.6491,66.1718,2.6208,0.8781,0.8781,528.9518,201.8293,21.658
MARKET_002,1 w/e 12/28/24,MFR_002,CAT_001,TM_005,BRAND_008,3072.9532,1178.035,123.9621,2.6085,2.331,2.331,378.8578,145.2374,15.283
MARKET_003,1 w/e 12/28/24,MFR_001,CAT_001,TM_001,BRAND_001,599.7553,189.6791,51.4278,3.1619,0.7423,1.4132,60.0422,18.989,5.1485
MARKET_003,1 w/e 12/28/24,MFR_001,CAT_001,TM_002,BRAND_002,75.8656,27.1921,2.8325,2.79,0.451,0.451,12.5014,4.4808,0.4667
MARKET_003,1 w/e 12/28/24,MFR_001,CAT_001,TM_002,BRAND_003,4261.1486,1348.311,183.9076,3.1604,12.5012,13.4625,25.3302,8.015,1.0932
MARKET_003,1 w/e 12/28/24,MFR_001,CAT_001,TM_003,BRAND_004,79620.0165,16004.7275,9980.3988,4.9748,62.3877,72.129,94.8394,19.064,11.8882
MARKET_003,1 w/e 12/28/24,MFR_001,CAT_001,TM_003,BRAND_005,20597.985,3506.366,2629.7745,5.8745,35.4671,35.4672,43.1583,7.3468,5.5101
MARKET_003,1 w/e 12/28/24,MFR_001,CAT_001,TM_003,BRAND_006,98677.1197,23513.2752,6263.253,4.1967,39.9343,68.9144,183.6265,43.7554,11.6552
MARKET_003,1 w/e 12/28/24,MFR_002,CAT_001,TM_004,BRAND_007,3086.7401,682.4311,511.8232,4.5232,1.8073,1.8073,126.9203,28.0601,21.0451
MARKET_003,1 w/e 12/28/24,MFR_002,CAT_001,TM_005,BRAND_008,4492.3544,1000.5951,603.9984,4.4897,4.0846,4.3095,81.7324,18.2045,10.9889
MARKET_004,1 w/e 12/28/24,MFR_001,CAT_001,TM_002,BRAND_003,1751.39,307.0,113.6458,5.7049,43.4438,45.1771,23.2111,4.0687,1.5061
MARKET_004,1 w/e 12/28/24,MFR_001,CAT_001,TM_003,BRAND_004,4360.66,1105.0001,361.875,3.9463,36.8959,46.0331,68.0479,17.2435,5.647
MARKET_004,1 w/e 12/28/24,MFR_001,CAT_001,TM_003,BRAND_005,537.51,80.0,60.0,6.7189,9.1515,9.1515,33.8171,5.0332,3.7749
MARKET_005,1 w/e 12/28/24,MFR_001,CAT_001,TM_001,BRAND_001,12.84,2.0,1.1406,6.42,0.2483,0.4967,6.2497,0.9735,0.5552
MARKET_005,1 w/e 12/28/24,MFR_001,CAT_001,TM_002,BRAND_002,2.28,1.0001,0.1043,2.28,0.1668,0.1668,1.6518,0.7245,0.0755
MARKET_005,1 w/e 12/28/24,MFR_001,CAT_001,TM_002,BRAND_003,9207.94,1729.0,656.8073,5.3256,48.4786,51.0302,22.9579,4.3109,1.6376
MARKET_005,1 w/e 12/28/24,MFR_001,CAT_001,TM_003,BRAND_004,26590.02,8598.0,1742.703,3.0926,58.8607,80.9089,54.6025,17.656,3.5786
MARKET_005,1 w/e 12/28/24,MFR_001,CAT_001,TM_003,BRAND_005,2415.42,321.0,240.7501,7.5247,14.5455,14.5455,20.0716,2.6674,2.0006
MARKET_005,1 w/e 12/28/24,MFR_002,CAT_001,TM_004,BRAND_007,502.04,66.0001,49.5001,7.6067,0.772,0.772,78.5985,10.3328,7.7496
MARKET_005,1 w/e 12/28/24,MFR_002,CAT_001,TM_005,BRAND_008,1255.66,187.0,139.6043,6.7148,2.4969,2.7485,60.7838,9.0523,6.7579
